5,14,uGS7Dee3zbrT2NlLeJ2eYJKSAhg=,J2LMdrV/e+NPNlZM9qWYkF23nYU=
6,14,uGS7Dee3zbrT2NlLeJ2eYJKSAhg=,J2LMdrV/e+NPNlZM9qWYkF23nYU=
6,13,uGS7Dee3zbrT2NlLeJ2eYJKSAhg=,J2LMdrV/e+NPNlZM9qWYkF23nYU=
5,13,uGS7Dee3zbrT2NlLeJ2eYJKSAhg=,J2LMdrV/e+NPNlZM9qWYkF23nYU=
5,9,gX2Q+wRInlc9eAGoSITUXTu4VtE=,QoNaXeUu5qqQhw4JBIsX18Zt974=
6,11,gX2Q+wRInlc9eAGoSITUXTu4VtE=,QoNaXeUu5qqQhw4JBIsX18Zt974=
6,9,gX2Q+wRInlc9eAGoSITUXTu4VtE=,QoNaXeUu5qqQhw4JBIsX18Zt974=
6,12,uGS7Dee3zbrT2NlLeJ2eYJKSAhg=,J2LMdrV/e+NPNlZM9qWYkF23nYU=
5,12,uGS7Dee3zbrT2NlLeJ2eYJKSAhg=,J2LMdrV/e+NPNlZM9qWYkF23nYU=
5,11,gX2Q+wRInlc9eAGoSITUXTu4VtE=,QoNaXeUu5qqQhw4JBIsX18Zt974=
6,10,gX2Q+wRInlc9eAGoSITUXTu4VtE=,QoNaXeUu5qqQhw4JBIsX18Zt974=
5,10,gX2Q+wRInlc9eAGoSITUXTu4VtE=,QoNaXeUu5qqQhw4JBIsX18Zt974=
5,8,gX2Q+wRInlc9eAGoSITUXTu4VtE=,QoNaXeUu5qqQhw4JBIsX18Zt974=
6,8,gX2Q+wRInlc9eAGoSITUXTu4VtE=,QoNaXeUu5qqQhw4JBIsX18Zt974=
3,9,3rvyo9h+GW3alJYN8mUq94glT04=,36xUb1jgbkd9xD0IJB2do184q2I=
4,9,acJ5ewUhJYLLP6ihh2YwkIXq81I=,QoNaXeUu5qqQhw4JBIsX18Zt974=
1,9,3rvyo9h+GW3alJYN8mUq94glT04=,36xUb1jgbkd9xD0IJB2do184q2I=
3,10,3rvyo9h+GW3alJYN8mUq94glT04=,36xUb1jgbkd9xD0IJB2do184q2I=
1,10,3rvyo9h+GW3alJYN8mUq94glT04=,36xUb1jgbkd9xD0IJB2do184q2I=
2,9,3rvyo9h+GW3alJYN8mUq94glT04=,36xUb1jgbkd9xD0IJB2do184q2I=
4,10,acJ5ewUhJYLLP6ihh2YwkIXq81I=,QoNaXeUu5qqQhw4JBIsX18Zt974=
3,5,uGS7Dee3zbrT2NlLeJ2eYJKSAhg=,lKnSWR5ldqrtiVoZEJVlODWebBM=
3,8,3rvyo9h+GW3alJYN8mUq94glT04=,36xUb1jgbkd9xD0IJB2do184q2I=
1,6,efR7PckQeU4FP14Dy7Ce61CncR8=,lKnSWR5ldqrtiVoZEJVlODWebBM=
3,7,efR7PckQeU4FP14Dy7Ce61CncR8=,lKnSWR5ldqrtiVoZEJVlODWebBM=
3,6,efR7PckQeU4FP14Dy7Ce61CncR8=,lKnSWR5ldqrtiVoZEJVlODWebBM=
2,10,3rvyo9h+GW3alJYN8mUq94glT04=,36xUb1jgbkd9xD0IJB2do184q2I=
2,6,uGS7Dee3zbrT2NlLeJ2eYJKSAhg=,lKnSWR5ldqrtiVoZEJVlODWebBM=
1,5,efR7PckQeU4FP14Dy7Ce61CncR8=,lKnSWR5ldqrtiVoZEJVlODWebBM=
1,8,3rvyo9h+GW3alJYN8mUq94glT04=,36xUb1jgbkd9xD0IJB2do184q2I=
1,7,efR7PckQeU4FP14Dy7Ce61CncR8=,lKnSWR5ldqrtiVoZEJVlODWebBM=
2,7,efR7PckQeU4FP14Dy7Ce61CncR8=,lKnSWR5ldqrtiVoZEJVlODWebBM=
4,8,acJ5ewUhJYLLP6ihh2YwkIXq81I=,QoNaXeUu5qqQhw4JBIsX18Zt974=
2,8,3rvyo9h+GW3alJYN8mUq94glT04=,36xUb1jgbkd9xD0IJB2do184q2I=
2,5,efR7PckQeU4FP14Dy7Ce61CncR8=,lKnSWR5ldqrtiVoZEJVlODWebBM=
1,11,3rvyo9h+GW3alJYN8mUq94glT04=,36xUb1jgbkd9xD0IJB2do184q2I=
3,11,3rvyo9h+GW3alJYN8mUq94glT04=,36xUb1jgbkd9xD0IJB2do184q2I=
3,14,dlQirtegpnj5pvGgL9/CESEHXGA=,469RAKOufhk2MqlLRis+zzLenws=
4,14,efR7PckQeU4FP14Dy7Ce61CncR8=,J2LMdrV/e+NPNlZM9qWYkF23nYU=
2,13,dlQirtegpnj5pvGgL9/CESEHXGA=,469RAKOufhk2MqlLRis+zzLenws=
3,12,dlQirtegpnj5pvGgL9/CESEHXGA=,469RAKOufhk2MqlLRis+zzLenws=
2,14,dlQirtegpnj5pvGgL9/CESEHXGA=,469RAKOufhk2MqlLRis+zzLenws=
4,12,efR7PckQeU4FP14Dy7Ce61CncR8=,J2LMdrV/e+NPNlZM9qWYkF23nYU=
1,14,dlQirtegpnj5pvGgL9/CESEHXGA=,469RAKOufhk2MqlLRis+zzLenws=
4,13,efR7PckQeU4FP14Dy7Ce61CncR8=,J2LMdrV/e+NPNlZM9qWYkF23nYU=
2,11,3rvyo9h+GW3alJYN8mUq94glT04=,36xUb1jgbkd9xD0IJB2do184q2I=
2,12,dlQirtegpnj5pvGgL9/CESEHXGA=,469RAKOufhk2MqlLRis+zzLenws=
3,13,dlQirtegpnj5pvGgL9/CESEHXGA=,469RAKOufhk2MqlLRis+zzLenws=
4,11,acJ5ewUhJYLLP6ihh2YwkIXq81I=,QoNaXeUu5qqQhw4JBIsX18Zt974=
1,13,dlQirtegpnj5pvGgL9/CESEHXGA=,469RAKOufhk2MqlLRis+zzLenws=
1,12,dlQirtegpnj5pvGgL9/CESEHXGA=,469RAKOufhk2MqlLRis+zzLenws=
1,2,JEEgL2DT4+/ghVlhChRgSQBvbeI=,ERqqJmmxtgYGG+LLKnvH+jgPltg=
2,2,JEEgL2DT4+/ghVlhChRgSQBvbeI=,ERqqJmmxtgYGG+LLKnvH+jgPltg=
3,2,JEEgL2DT4+/ghVlhChRgSQBvbeI=,ERqqJmmxtgYGG+LLKnvH+jgPltg=
3,3,JEEgL2DT4+/ghVlhChRgSQBvbeI=,ERqqJmmxtgYGG+LLKnvH+jgPltg=
3,4,uGS7Dee3zbrT2NlLeJ2eYJKSAhg=,lKnSWR5ldqrtiVoZEJVlODWebBM=
1,3,JEEgL2DT4+/ghVlhChRgSQBvbeI=,ERqqJmmxtgYGG+LLKnvH+jgPltg=
2,3,JEEgL2DT4+/ghVlhChRgSQBvbeI=,ERqqJmmxtgYGG+LLKnvH+jgPltg=
5,3,qBsm6PtkrxO1qftym/6q5iN45WM=,MfpyoqbG4plYwX4I3kagSDIXoNA=
6,2,qBsm6PtkrxO1qftym/6q5iN45WM=,MfpyoqbG4plYwX4I3kagSDIXoNA=
1,4,uGS7Dee3zbrT2NlLeJ2eYJKSAhg=,lKnSWR5ldqrtiVoZEJVlODWebBM=
2,4,efR7PckQeU4FP14Dy7Ce61CncR8=,lKnSWR5ldqrtiVoZEJVlODWebBM=
1,1,JEEgL2DT4+/ghVlhChRgSQBvbeI=,ERqqJmmxtgYGG+LLKnvH+jgPltg=
4,2,qBsm6PtkrxO1qftym/6q5iN45WM=,MfpyoqbG4plYwX4I3kagSDIXoNA=
2,1,JEEgL2DT4+/ghVlhChRgSQBvbeI=,ERqqJmmxtgYGG+LLKnvH+jgPltg=
4,3,qBsm6PtkrxO1qftym/6q5iN45WM=,MfpyoqbG4plYwX4I3kagSDIXoNA=
5,1,qBsm6PtkrxO1qftym/6q5iN45WM=,MfpyoqbG4plYwX4I3kagSDIXoNA=
4,1,qBsm6PtkrxO1qftym/6q5iN45WM=,MfpyoqbG4plYwX4I3kagSDIXoNA=
6,3,qBsm6PtkrxO1qftym/6q5iN45WM=,MfpyoqbG4plYwX4I3kagSDIXoNA=
6,1,qBsm6PtkrxO1qftym/6q5iN45WM=,MfpyoqbG4plYwX4I3kagSDIXoNA=
3,1,JEEgL2DT4+/ghVlhChRgSQBvbeI=,ERqqJmmxtgYGG+LLKnvH+jgPltg=
5,2,qBsm6PtkrxO1qftym/6q5iN45WM=,MfpyoqbG4plYwX4I3kagSDIXoNA=
5,0,qBsm6PtkrxO1qftym/6q5iN45WM=,MfpyoqbG4plYwX4I3kagSDIXoNA=
6,0,qBsm6PtkrxO1qftym/6q5iN45WM=,MfpyoqbG4plYwX4I3kagSDIXoNA=
3,0,JEEgL2DT4+/ghVlhChRgSQBvbeI=,ERqqJmmxtgYGG+LLKnvH+jgPltg=
4,0,qBsm6PtkrxO1qftym/6q5iN45WM=,MfpyoqbG4plYwX4I3kagSDIXoNA=
1,0,JEEgL2DT4+/ghVlhChRgSQBvbeI=,ERqqJmmxtgYGG+LLKnvH+jgPltg=
2,0,JEEgL2DT4+/ghVlhChRgSQBvbeI=,ERqqJmmxtgYGG+LLKnvH+jgPltg=
7,10,qBsm6PtkrxO1qftym/6q5iN45WM=,QoNaXeUu5qqQhw4JBIsX18Zt974=
7,9,qBsm6PtkrxO1qftym/6q5iN45WM=,QoNaXeUu5qqQhw4JBIsX18Zt974=
7,8,qBsm6PtkrxO1qftym/6q5iN45WM=,QoNaXeUu5qqQhw4JBIsX18Zt974=
7,12,uGS7Dee3zbrT2NlLeJ2eYJKSAhg=,J2LMdrV/e+NPNlZM9qWYkF23nYU=
7,11,qBsm6PtkrxO1qftym/6q5iN45WM=,QoNaXeUu5qqQhw4JBIsX18Zt974=
7,14,uGS7Dee3zbrT2NlLeJ2eYJKSAhg=,J2LMdrV/e+NPNlZM9qWYkF23nYU=
7,13,uGS7Dee3zbrT2NlLeJ2eYJKSAhg=,J2LMdrV/e+NPNlZM9qWYkF23nYU=
2,15,dlQirtegpnj5pvGgL9/CESEHXGA=,469RAKOufhk2MqlLRis+zzLenws=
1,15,dlQirtegpnj5pvGgL9/CESEHXGA=,469RAKOufhk2MqlLRis+zzLenws=
4,15,efR7PckQeU4FP14Dy7Ce61CncR8=,J2LMdrV/e+NPNlZM9qWYkF23nYU=
3,15,dlQirtegpnj5pvGgL9/CESEHXGA=,469RAKOufhk2MqlLRis+zzLenws=
6,15,uGS7Dee3zbrT2NlLeJ2eYJKSAhg=,J2LMdrV/e+NPNlZM9qWYkF23nYU=
5,15,uGS7Dee3zbrT2NlLeJ2eYJKSAhg=,J2LMdrV/e+NPNlZM9qWYkF23nYU=
7,15,uGS7Dee3zbrT2NlLeJ2eYJKSAhg=,J2LMdrV/e+NPNlZM9qWYkF23nYU=
15,7,qBsm6PtkrxO1qftym/6q5iN45WM=,QWOXxFOjRIrvs/AulsrsPXVVqPo=
0,13,dlQirtegpnj5pvGgL9/CESEHXGA=,469RAKOufhk2MqlLRis+zzLenws=
0,14,dlQirtegpnj5pvGgL9/CESEHXGA=,469RAKOufhk2MqlLRis+zzLenws=
12,5,qBsm6PtkrxO1qftym/6q5iN45WM=,QWOXxFOjRIrvs/AulsrsPXVVqPo=
13,5,qBsm6PtkrxO1qftym/6q5iN45WM=,QWOXxFOjRIrvs/AulsrsPXVVqPo=
14,5,qBsm6PtkrxO1qftym/6q5iN45WM=,QWOXxFOjRIrvs/AulsrsPXVVqPo=
15,5,qBsm6PtkrxO1qftym/6q5iN45WM=,QWOXxFOjRIrvs/AulsrsPXVVqPo=
12,6,qBsm6PtkrxO1qftym/6q5iN45WM=,QWOXxFOjRIrvs/AulsrsPXVVqPo=
13,6,qBsm6PtkrxO1qftym/6q5iN45WM=,QWOXxFOjRIrvs/AulsrsPXVVqPo=
14,6,qBsm6PtkrxO1qftym/6q5iN45WM=,QWOXxFOjRIrvs/AulsrsPXVVqPo=
15,6,qBsm6PtkrxO1qftym/6q5iN45WM=,QWOXxFOjRIrvs/AulsrsPXVVqPo=
12,7,qBsm6PtkrxO1qftym/6q5iN45WM=,QWOXxFOjRIrvs/AulsrsPXVVqPo=
13,7,qBsm6PtkrxO1qftym/6q5iN45WM=,QWOXxFOjRIrvs/AulsrsPXVVqPo=
14,7,qBsm6PtkrxO1qftym/6q5iN45WM=,QWOXxFOjRIrvs/AulsrsPXVVqPo=
0,10,3rvyo9h+GW3alJYN8mUq94glT04=,36xUb1jgbkd9xD0IJB2do184q2I=
0,9,3rvyo9h+GW3alJYN8mUq94glT04=,36xUb1jgbkd9xD0IJB2do184q2I=
0,12,dlQirtegpnj5pvGgL9/CESEHXGA=,469RAKOufhk2MqlLRis+zzLenws=
0,11,3rvyo9h+GW3alJYN8mUq94glT04=,36xUb1jgbkd9xD0IJB2do184q2I=
0,8,3rvyo9h+GW3alJYN8mUq94glT04=,36xUb1jgbkd9xD0IJB2do184q2I=
13,4,qBsm6PtkrxO1qftym/6q5iN45WM=,QWOXxFOjRIrvs/AulsrsPXVVqPo=
15,3,qBsm6PtkrxO1qftym/6q5iN45WM=,G/5AQkL4i9vc+KvBaZi/UCTUBO4=
14,4,qBsm6PtkrxO1qftym/6q5iN45WM=,QWOXxFOjRIrvs/AulsrsPXVVqPo=
15,4,qBsm6PtkrxO1qftym/6q5iN45WM=,QWOXxFOjRIrvs/AulsrsPXVVqPo=
14,3,qBsm6PtkrxO1qftym/6q5iN45WM=,G/5AQkL4i9vc+KvBaZi/UCTUBO4=
13,3,qBsm6PtkrxO1qftym/6q5iN45WM=,G/5AQkL4i9vc+KvBaZi/UCTUBO4=
15,2,qBsm6PtkrxO1qftym/6q5iN45WM=,G/5AQkL4i9vc+KvBaZi/UCTUBO4=
14,2,qBsm6PtkrxO1qftym/6q5iN45WM=,G/5AQkL4i9vc+KvBaZi/UCTUBO4=
13,2,qBsm6PtkrxO1qftym/6q5iN45WM=,G/5AQkL4i9vc+KvBaZi/UCTUBO4=
15,1,qBsm6PtkrxO1qftym/6q5iN45WM=,G/5AQkL4i9vc+KvBaZi/UCTUBO4=
14,1,qBsm6PtkrxO1qftym/6q5iN45WM=,G/5AQkL4i9vc+KvBaZi/UCTUBO4=
13,1,qBsm6PtkrxO1qftym/6q5iN45WM=,G/5AQkL4i9vc+KvBaZi/UCTUBO4=
15,0,qBsm6PtkrxO1qftym/6q5iN45WM=,G/5AQkL4i9vc+KvBaZi/UCTUBO4=
14,0,qBsm6PtkrxO1qftym/6q5iN45WM=,G/5AQkL4i9vc+KvBaZi/UCTUBO4=
13,0,qBsm6PtkrxO1qftym/6q5iN45WM=,G/5AQkL4i9vc+KvBaZi/UCTUBO4=
0,5,efR7PckQeU4FP14Dy7Ce61CncR8=,lKnSWR5ldqrtiVoZEJVlODWebBM=
0,1,JEEgL2DT4+/ghVlhChRgSQBvbeI=,ERqqJmmxtgYGG+LLKnvH+jgPltg=
0,4,efR7PckQeU4FP14Dy7Ce61CncR8=,lKnSWR5ldqrtiVoZEJVlODWebBM=
0,3,JEEgL2DT4+/ghVlhChRgSQBvbeI=,ERqqJmmxtgYGG+LLKnvH+jgPltg=
0,6,efR7PckQeU4FP14Dy7Ce61CncR8=,lKnSWR5ldqrtiVoZEJVlODWebBM=
0,2,JEEgL2DT4+/ghVlhChRgSQBvbeI=,ERqqJmmxtgYGG+LLKnvH+jgPltg=
0,7,efR7PckQeU4FP14Dy7Ce61CncR8=,lKnSWR5ldqrtiVoZEJVlODWebBM=
7,3,qBsm6PtkrxO1qftym/6q5iN45WM=,MfpyoqbG4plYwX4I3kagSDIXoNA=
7,1,qBsm6PtkrxO1qftym/6q5iN45WM=,MfpyoqbG4plYwX4I3kagSDIXoNA=
7,2,qBsm6PtkrxO1qftym/6q5iN45WM=,MfpyoqbG4plYwX4I3kagSDIXoNA=
12,3,qBsm6PtkrxO1qftym/6q5iN45WM=,G/5AQkL4i9vc+KvBaZi/UCTUBO4=
8,0,qBsm6PtkrxO1qftym/6q5iN45WM=,igAUQ27YNQLyVPSP8Chx4wPeOao=
10,0,qBsm6PtkrxO1qftym/6q5iN45WM=,igAUQ27YNQLyVPSP8Chx4wPeOao=
7,0,qBsm6PtkrxO1qftym/6q5iN45WM=,MfpyoqbG4plYwX4I3kagSDIXoNA=
9,0,qBsm6PtkrxO1qftym/6q5iN45WM=,igAUQ27YNQLyVPSP8Chx4wPeOao=
8,1,qBsm6PtkrxO1qftym/6q5iN45WM=,igAUQ27YNQLyVPSP8Chx4wPeOao=
11,0,qBsm6PtkrxO1qftym/6q5iN45WM=,igAUQ27YNQLyVPSP8Chx4wPeOao=
9,1,qBsm6PtkrxO1qftym/6q5iN45WM=,igAUQ27YNQLyVPSP8Chx4wPeOao=
8,2,qBsm6PtkrxO1qftym/6q5iN45WM=,igAUQ27YNQLyVPSP8Chx4wPeOao=
10,1,qBsm6PtkrxO1qftym/6q5iN45WM=,igAUQ27YNQLyVPSP8Chx4wPeOao=
10,2,qBsm6PtkrxO1qftym/6q5iN45WM=,igAUQ27YNQLyVPSP8Chx4wPeOao=
9,2,qBsm6PtkrxO1qftym/6q5iN45WM=,igAUQ27YNQLyVPSP8Chx4wPeOao=
8,3,qBsm6PtkrxO1qftym/6q5iN45WM=,igAUQ27YNQLyVPSP8Chx4wPeOao=
9,3,qBsm6PtkrxO1qftym/6q5iN45WM=,igAUQ27YNQLyVPSP8Chx4wPeOao=
11,1,qBsm6PtkrxO1qftym/6q5iN45WM=,igAUQ27YNQLyVPSP8Chx4wPeOao=
10,3,qBsm6PtkrxO1qftym/6q5iN45WM=,igAUQ27YNQLyVPSP8Chx4wPeOao=
12,4,qBsm6PtkrxO1qftym/6q5iN45WM=,QWOXxFOjRIrvs/AulsrsPXVVqPo=
11,3,qBsm6PtkrxO1qftym/6q5iN45WM=,igAUQ27YNQLyVPSP8Chx4wPeOao=
11,2,qBsm6PtkrxO1qftym/6q5iN45WM=,igAUQ27YNQLyVPSP8Chx4wPeOao=
12,1,qBsm6PtkrxO1qftym/6q5iN45WM=,G/5AQkL4i9vc+KvBaZi/UCTUBO4=
12,0,qBsm6PtkrxO1qftym/6q5iN45WM=,G/5AQkL4i9vc+KvBaZi/UCTUBO4=
12,2,qBsm6PtkrxO1qftym/6q5iN45WM=,G/5AQkL4i9vc+KvBaZi/UCTUBO4=
0,0,JEEgL2DT4+/ghVlhChRgSQBvbeI=,ERqqJmmxtgYGG+LLKnvH+jgPltg=
0,15,dlQirtegpnj5pvGgL9/CESEHXGA=,469RAKOufhk2MqlLRis+zzLenws=
3,19,efR7PckQeU4FP14Dy7Ce61CncR8=,MP1ro3C4l/tQUnN2NOH+rosFAdU=
1,17,efR7PckQeU4FP14Dy7Ce61CncR8=,MP1ro3C4l/tQUnN2NOH+rosFAdU=
0,16,efR7PckQeU4FP14Dy7Ce61CncR8=,MP1ro3C4l/tQUnN2NOH+rosFAdU=
1,18,efR7PckQeU4FP14Dy7Ce61CncR8=,MP1ro3C4l/tQUnN2NOH+rosFAdU=
2,19,efR7PckQeU4FP14Dy7Ce61CncR8=,MP1ro3C4l/tQUnN2NOH+rosFAdU=
1,19,efR7PckQeU4FP14Dy7Ce61CncR8=,MP1ro3C4l/tQUnN2NOH+rosFAdU=
0,18,efR7PckQeU4FP14Dy7Ce61CncR8=,MP1ro3C4l/tQUnN2NOH+rosFAdU=
3,17,efR7PckQeU4FP14Dy7Ce61CncR8=,MP1ro3C4l/tQUnN2NOH+rosFAdU=
2,17,efR7PckQeU4FP14Dy7Ce61CncR8=,MP1ro3C4l/tQUnN2NOH+rosFAdU=
0,19,efR7PckQeU4FP14Dy7Ce61CncR8=,MP1ro3C4l/tQUnN2NOH+rosFAdU=
3,18,efR7PckQeU4FP14Dy7Ce61CncR8=,MP1ro3C4l/tQUnN2NOH+rosFAdU=
3,16,efR7PckQeU4FP14Dy7Ce61CncR8=,MP1ro3C4l/tQUnN2NOH+rosFAdU=
2,18,efR7PckQeU4FP14Dy7Ce61CncR8=,MP1ro3C4l/tQUnN2NOH+rosFAdU=
0,17,efR7PckQeU4FP14Dy7Ce61CncR8=,MP1ro3C4l/tQUnN2NOH+rosFAdU=
1,16,efR7PckQeU4FP14Dy7Ce61CncR8=,MP1ro3C4l/tQUnN2NOH+rosFAdU=
2,16,efR7PckQeU4FP14Dy7Ce61CncR8=,MP1ro3C4l/tQUnN2NOH+rosFAdU=
17,5,8T79REPJzvmc1ETUX3Lkzfqh3jw=,tYPuhOHzX8LA3BBx7/gHQCX37p4=
19,7,8T79REPJzvmc1ETUX3Lkzfqh3jw=,tYPuhOHzX8LA3BBx7/gHQCX37p4=
16,7,8T79REPJzvmc1ETUX3Lkzfqh3jw=,tYPuhOHzX8LA3BBx7/gHQCX37p4=
18,6,8T79REPJzvmc1ETUX3Lkzfqh3jw=,tYPuhOHzX8LA3BBx7/gHQCX37p4=
18,7,8T79REPJzvmc1ETUX3Lkzfqh3jw=,tYPuhOHzX8LA3BBx7/gHQCX37p4=
16,5,8T79REPJzvmc1ETUX3Lkzfqh3jw=,tYPuhOHzX8LA3BBx7/gHQCX37p4=
17,7,8T79REPJzvmc1ETUX3Lkzfqh3jw=,tYPuhOHzX8LA3BBx7/gHQCX37p4=
19,6,8T79REPJzvmc1ETUX3Lkzfqh3jw=,tYPuhOHzX8LA3BBx7/gHQCX37p4=
17,6,8T79REPJzvmc1ETUX3Lkzfqh3jw=,tYPuhOHzX8LA3BBx7/gHQCX37p4=
16,6,8T79REPJzvmc1ETUX3Lkzfqh3jw=,tYPuhOHzX8LA3BBx7/gHQCX37p4=
19,5,8T79REPJzvmc1ETUX3Lkzfqh3jw=,tYPuhOHzX8LA3BBx7/gHQCX37p4=
18,5,8T79REPJzvmc1ETUX3Lkzfqh3jw=,tYPuhOHzX8LA3BBx7/gHQCX37p4=
19,3,8T79REPJzvmc1ETUX3Lkzfqh3jw=,ziw4g080jMJBZ+OCnsQ2ApiQsk4=
16,2,8T79REPJzvmc1ETUX3Lkzfqh3jw=,ziw4g080jMJBZ+OCnsQ2ApiQsk4=
18,4,8T79REPJzvmc1ETUX3Lkzfqh3jw=,tYPuhOHzX8LA3BBx7/gHQCX37p4=
16,4,8T79REPJzvmc1ETUX3Lkzfqh3jw=,tYPuhOHzX8LA3BBx7/gHQCX37p4=
16,0,8T79REPJzvmc1ETUX3Lkzfqh3jw=,ziw4g080jMJBZ+OCnsQ2ApiQsk4=
17,2,8T79REPJzvmc1ETUX3Lkzfqh3jw=,ziw4g080jMJBZ+OCnsQ2ApiQsk4=
18,2,8T79REPJzvmc1ETUX3Lkzfqh3jw=,ziw4g080jMJBZ+OCnsQ2ApiQsk4=
17,1,8T79REPJzvmc1ETUX3Lkzfqh3jw=,ziw4g080jMJBZ+OCnsQ2ApiQsk4=
18,1,8T79REPJzvmc1ETUX3Lkzfqh3jw=,ziw4g080jMJBZ+OCnsQ2ApiQsk4=
17,0,8T79REPJzvmc1ETUX3Lkzfqh3jw=,ziw4g080jMJBZ+OCnsQ2ApiQsk4=
17,3,8T79REPJzvmc1ETUX3Lkzfqh3jw=,ziw4g080jMJBZ+OCnsQ2ApiQsk4=
18,3,8T79REPJzvmc1ETUX3Lkzfqh3jw=,ziw4g080jMJBZ+OCnsQ2ApiQsk4=
18,0,8T79REPJzvmc1ETUX3Lkzfqh3jw=,ziw4g080jMJBZ+OCnsQ2ApiQsk4=
19,0,8T79REPJzvmc1ETUX3Lkzfqh3jw=,ziw4g080jMJBZ+OCnsQ2ApiQsk4=
19,1,8T79REPJzvmc1ETUX3Lkzfqh3jw=,ziw4g080jMJBZ+OCnsQ2ApiQsk4=
19,4,8T79REPJzvmc1ETUX3Lkzfqh3jw=,tYPuhOHzX8LA3BBx7/gHQCX37p4=
17,4,8T79REPJzvmc1ETUX3Lkzfqh3jw=,tYPuhOHzX8LA3BBx7/gHQCX37p4=
16,1,8T79REPJzvmc1ETUX3Lkzfqh3jw=,ziw4g080jMJBZ+OCnsQ2ApiQsk4=
19,2,8T79REPJzvmc1ETUX3Lkzfqh3jw=,ziw4g080jMJBZ+OCnsQ2ApiQsk4=
16,3,8T79REPJzvmc1ETUX3Lkzfqh3jw=,ziw4g080jMJBZ+OCnsQ2ApiQsk4=
10,14,XKlYABjPyrmPAGCGgzctHsD1GDU=,BtR+Nv9qgnudrdqDOlDD+aUatgk=
9,14,XKlYABjPyrmPAGCGgzctHsD1GDU=,BtR+Nv9qgnudrdqDOlDD+aUatgk=
8,14,XKlYABjPyrmPAGCGgzctHsD1GDU=,BtR+Nv9qgnudrdqDOlDD+aUatgk=
10,13,XKlYABjPyrmPAGCGgzctHsD1GDU=,BtR+Nv9qgnudrdqDOlDD+aUatgk=
9,13,XKlYABjPyrmPAGCGgzctHsD1GDU=,BtR+Nv9qgnudrdqDOlDD+aUatgk=
8,13,XKlYABjPyrmPAGCGgzctHsD1GDU=,BtR+Nv9qgnudrdqDOlDD+aUatgk=
10,12,XKlYABjPyrmPAGCGgzctHsD1GDU=,BtR+Nv9qgnudrdqDOlDD+aUatgk=
9,12,XKlYABjPyrmPAGCGgzctHsD1GDU=,BtR+Nv9qgnudrdqDOlDD+aUatgk=
8,12,XKlYABjPyrmPAGCGgzctHsD1GDU=,BtR+Nv9qgnudrdqDOlDD+aUatgk=
14,14,XKlYABjPyrmPAGCGgzctHsD1GDU=,BOAOnrKysqegYO01o5Sa+2muHws=
11,13,XKlYABjPyrmPAGCGgzctHsD1GDU=,BtR+Nv9qgnudrdqDOlDD+aUatgk=
12,13,XKlYABjPyrmPAGCGgzctHsD1GDU=,BOAOnrKysqegYO01o5Sa+2muHws=
13,13,XKlYABjPyrmPAGCGgzctHsD1GDU=,BOAOnrKysqegYO01o5Sa+2muHws=
14,13,XKlYABjPyrmPAGCGgzctHsD1GDU=,BOAOnrKysqegYO01o5Sa+2muHws=
12,14,XKlYABjPyrmPAGCGgzctHsD1GDU=,BOAOnrKysqegYO01o5Sa+2muHws=
13,14,XKlYABjPyrmPAGCGgzctHsD1GDU=,BOAOnrKysqegYO01o5Sa+2muHws=
11,14,XKlYABjPyrmPAGCGgzctHsD1GDU=,BtR+Nv9qgnudrdqDOlDD+aUatgk=
14,12,XKlYABjPyrmPAGCGgzctHsD1GDU=,BOAOnrKysqegYO01o5Sa+2muHws=
13,12,XKlYABjPyrmPAGCGgzctHsD1GDU=,BOAOnrKysqegYO01o5Sa+2muHws=
12,12,XKlYABjPyrmPAGCGgzctHsD1GDU=,BOAOnrKysqegYO01o5Sa+2muHws=
11,12,XKlYABjPyrmPAGCGgzctHsD1GDU=,BtR+Nv9qgnudrdqDOlDD+aUatgk=
14,15,XKlYABjPyrmPAGCGgzctHsD1GDU=,BOAOnrKysqegYO01o5Sa+2muHws=
13,15,XKlYABjPyrmPAGCGgzctHsD1GDU=,BOAOnrKysqegYO01o5Sa+2muHws=
15,14,XKlYABjPyrmPAGCGgzctHsD1GDU=,BOAOnrKysqegYO01o5Sa+2muHws=
15,12,XKlYABjPyrmPAGCGgzctHsD1GDU=,BOAOnrKysqegYO01o5Sa+2muHws=
15,13,XKlYABjPyrmPAGCGgzctHsD1GDU=,BOAOnrKysqegYO01o5Sa+2muHws=
15,15,XKlYABjPyrmPAGCGgzctHsD1GDU=,BOAOnrKysqegYO01o5Sa+2muHws=
12,15,XKlYABjPyrmPAGCGgzctHsD1GDU=,BOAOnrKysqegYO01o5Sa+2muHws=
8,15,XKlYABjPyrmPAGCGgzctHsD1GDU=,BtR+Nv9qgnudrdqDOlDD+aUatgk=
9,15,XKlYABjPyrmPAGCGgzctHsD1GDU=,BtR+Nv9qgnudrdqDOlDD+aUatgk=
11,15,XKlYABjPyrmPAGCGgzctHsD1GDU=,BtR+Nv9qgnudrdqDOlDD+aUatgk=
10,15,XKlYABjPyrmPAGCGgzctHsD1GDU=,BtR+Nv9qgnudrdqDOlDD+aUatgk=
13,17,jjjuR0YNHNe5wJFR/Yve/2aQ5cc=,7wU98qJD66A3GSPiD340i66pkWw=
14,18,jjjuR0YNHNe5wJFR/Yve/2aQ5cc=,7wU98qJD66A3GSPiD340i66pkWw=
13,18,jjjuR0YNHNe5wJFR/Yve/2aQ5cc=,7wU98qJD66A3GSPiD340i66pkWw=
14,17,jjjuR0YNHNe5wJFR/Yve/2aQ5cc=,7wU98qJD66A3GSPiD340i66pkWw=
13,19,jjjuR0YNHNe5wJFR/Yve/2aQ5cc=,7wU98qJD66A3GSPiD340i66pkWw=
14,19,jjjuR0YNHNe5wJFR/Yve/2aQ5cc=,7wU98qJD66A3GSPiD340i66pkWw=
13,16,jjjuR0YNHNe5wJFR/Yve/2aQ5cc=,7wU98qJD66A3GSPiD340i66pkWw=
14,16,jjjuR0YNHNe5wJFR/Yve/2aQ5cc=,7wU98qJD66A3GSPiD340i66pkWw=
15,17,jjjuR0YNHNe5wJFR/Yve/2aQ5cc=,7wU98qJD66A3GSPiD340i66pkWw=
15,18,jjjuR0YNHNe5wJFR/Yve/2aQ5cc=,7wU98qJD66A3GSPiD340i66pkWw=
15,19,jjjuR0YNHNe5wJFR/Yve/2aQ5cc=,7wU98qJD66A3GSPiD340i66pkWw=
15,16,jjjuR0YNHNe5wJFR/Yve/2aQ5cc=,7wU98qJD66A3GSPiD340i66pkWw=
9,17,jjjuR0YNHNe5wJFR/Yve/2aQ5cc=,GfPnZGfErk+qFWUCANDrXGEclV4=
12,18,jjjuR0YNHNe5wJFR/Yve/2aQ5cc=,7wU98qJD66A3GSPiD340i66pkWw=
12,17,jjjuR0YNHNe5wJFR/Yve/2aQ5cc=,7wU98qJD66A3GSPiD340i66pkWw=
12,19,jjjuR0YNHNe5wJFR/Yve/2aQ5cc=,7wU98qJD66A3GSPiD340i66pkWw=
8,18,jjjuR0YNHNe5wJFR/Yve/2aQ5cc=,GfPnZGfErk+qFWUCANDrXGEclV4=
10,16,jjjuR0YNHNe5wJFR/Yve/2aQ5cc=,GfPnZGfErk+qFWUCANDrXGEclV4=
11,16,jjjuR0YNHNe5wJFR/Yve/2aQ5cc=,GfPnZGfErk+qFWUCANDrXGEclV4=
5,17,efR7PckQeU4FP14Dy7Ce61CncR8=,JMi1OCY41h5ucBBe7dlJv4hIW+M=
12,16,jjjuR0YNHNe5wJFR/Yve/2aQ5cc=,7wU98qJD66A3GSPiD340i66pkWw=
11,19,jjjuR0YNHNe5wJFR/Yve/2aQ5cc=,GfPnZGfErk+qFWUCANDrXGEclV4=
10,19,jjjuR0YNHNe5wJFR/Yve/2aQ5cc=,GfPnZGfErk+qFWUCANDrXGEclV4=
9,16,jjjuR0YNHNe5wJFR/Yve/2aQ5cc=,GfPnZGfErk+qFWUCANDrXGEclV4=
9,19,jjjuR0YNHNe5wJFR/Yve/2aQ5cc=,GfPnZGfErk+qFWUCANDrXGEclV4=
11,18,jjjuR0YNHNe5wJFR/Yve/2aQ5cc=,GfPnZGfErk+qFWUCANDrXGEclV4=
10,18,jjjuR0YNHNe5wJFR/Yve/2aQ5cc=,GfPnZGfErk+qFWUCANDrXGEclV4=
9,18,jjjuR0YNHNe5wJFR/Yve/2aQ5cc=,GfPnZGfErk+qFWUCANDrXGEclV4=
6,17,efR7PckQeU4FP14Dy7Ce61CncR8=,JMi1OCY41h5ucBBe7dlJv4hIW+M=
6,16,efR7PckQeU4FP14Dy7Ce61CncR8=,JMi1OCY41h5ucBBe7dlJv4hIW+M=
8,16,jjjuR0YNHNe5wJFR/Yve/2aQ5cc=,GfPnZGfErk+qFWUCANDrXGEclV4=
11,17,jjjuR0YNHNe5wJFR/Yve/2aQ5cc=,GfPnZGfErk+qFWUCANDrXGEclV4=
10,17,jjjuR0YNHNe5wJFR/Yve/2aQ5cc=,GfPnZGfErk+qFWUCANDrXGEclV4=
4,19,efR7PckQeU4FP14Dy7Ce61CncR8=,JMi1OCY41h5ucBBe7dlJv4hIW+M=
6,19,efR7PckQeU4FP14Dy7Ce61CncR8=,JMi1OCY41h5ucBBe7dlJv4hIW+M=
8,17,jjjuR0YNHNe5wJFR/Yve/2aQ5cc=,GfPnZGfErk+qFWUCANDrXGEclV4=
4,17,efR7PckQeU4FP14Dy7Ce61CncR8=,JMi1OCY41h5ucBBe7dlJv4hIW+M=
7,18,efR7PckQeU4FP14Dy7Ce61CncR8=,JMi1OCY41h5ucBBe7dlJv4hIW+M=
5,18,efR7PckQeU4FP14Dy7Ce61CncR8=,JMi1OCY41h5ucBBe7dlJv4hIW+M=
5,19,efR7PckQeU4FP14Dy7Ce61CncR8=,JMi1OCY41h5ucBBe7dlJv4hIW+M=
7,19,efR7PckQeU4FP14Dy7Ce61CncR8=,JMi1OCY41h5ucBBe7dlJv4hIW+M=
6,18,efR7PckQeU4FP14Dy7Ce61CncR8=,JMi1OCY41h5ucBBe7dlJv4hIW+M=
7,17,efR7PckQeU4FP14Dy7Ce61CncR8=,JMi1OCY41h5ucBBe7dlJv4hIW+M=
8,19,jjjuR0YNHNe5wJFR/Yve/2aQ5cc=,GfPnZGfErk+qFWUCANDrXGEclV4=
4,18,efR7PckQeU4FP14Dy7Ce61CncR8=,JMi1OCY41h5ucBBe7dlJv4hIW+M=
4,16,efR7PckQeU4FP14Dy7Ce61CncR8=,JMi1OCY41h5ucBBe7dlJv4hIW+M=
7,16,efR7PckQeU4FP14Dy7Ce61CncR8=,JMi1OCY41h5ucBBe7dlJv4hIW+M=
5,16,efR7PckQeU4FP14Dy7Ce61CncR8=,JMi1OCY41h5ucBBe7dlJv4hIW+M=
