-33,15,lll2utoi4M8+a6G1AaZpacIkWmk=,IkbNLYa9lSF+2jZLjCcm2DILc0s=
-48,0,lll2utoi4M8+a6G1AaZpacIkWmk=,IkbNLYa9lSF+2jZLjCcm2DILc0s=
-34,2,lll2utoi4M8+a6G1AaZpacIkWmk=,IkbNLYa9lSF+2jZLjCcm2DILc0s=
-33,2,lll2utoi4M8+a6G1AaZpacIkWmk=,IkbNLYa9lSF+2jZLjCcm2DILc0s=
-48,3,lll2utoi4M8+a6G1AaZpacIkWmk=,IkbNLYa9lSF+2jZLjCcm2DILc0s=
-45,0,lll2utoi4M8+a6G1AaZpacIkWmk=,IkbNLYa9lSF+2jZLjCcm2DILc0s=
-47,3,lll2utoi4M8+a6G1AaZpacIkWmk=,IkbNLYa9lSF+2jZLjCcm2DILc0s=
-35,2,lll2utoi4M8+a6G1AaZpacIkWmk=,IkbNLYa9lSF+2jZLjCcm2DILc0s=
-33,1,lll2utoi4M8+a6G1AaZpacIkWmk=,IkbNLYa9lSF+2jZLjCcm2DILc0s=
-46,3,lll2utoi4M8+a6G1AaZpacIkWmk=,IkbNLYa9lSF+2jZLjCcm2DILc0s=
-34,15,lll2utoi4M8+a6G1AaZpacIkWmk=,IkbNLYa9lSF+2jZLjCcm2DILc0s=
-34,1,lll2utoi4M8+a6G1AaZpacIkWmk=,IkbNLYa9lSF+2jZLjCcm2DILc0s=
-48,2,lll2utoi4M8+a6G1AaZpacIkWmk=,IkbNLYa9lSF+2jZLjCcm2DILc0s=
-35,1,lll2utoi4M8+a6G1AaZpacIkWmk=,IkbNLYa9lSF+2jZLjCcm2DILc0s=
-36,1,lll2utoi4M8+a6G1AaZpacIkWmk=,IkbNLYa9lSF+2jZLjCcm2DILc0s=
-44,0,lll2utoi4M8+a6G1AaZpacIkWmk=,IkbNLYa9lSF+2jZLjCcm2DILc0s=
-35,15,lll2utoi4M8+a6G1AaZpacIkWmk=,IkbNLYa9lSF+2jZLjCcm2DILc0s=
-45,3,lll2utoi4M8+a6G1AaZpacIkWmk=,IkbNLYa9lSF+2jZLjCcm2DILc0s=
-39,1,lll2utoi4M8+a6G1AaZpacIkWmk=,IkbNLYa9lSF+2jZLjCcm2DILc0s=
-44,3,lll2utoi4M8+a6G1AaZpacIkWmk=,IkbNLYa9lSF+2jZLjCcm2DILc0s=
-38,1,lll2utoi4M8+a6G1AaZpacIkWmk=,IkbNLYa9lSF+2jZLjCcm2DILc0s=
-40,1,lll2utoi4M8+a6G1AaZpacIkWmk=,IkbNLYa9lSF+2jZLjCcm2DILc0s=
-41,1,lll2utoi4M8+a6G1AaZpacIkWmk=,IkbNLYa9lSF+2jZLjCcm2DILc0s=
-43,3,lll2utoi4M8+a6G1AaZpacIkWmk=,IkbNLYa9lSF+2jZLjCcm2DILc0s=
-42,1,lll2utoi4M8+a6G1AaZpacIkWmk=,IkbNLYa9lSF+2jZLjCcm2DILc0s=
-42,3,lll2utoi4M8+a6G1AaZpacIkWmk=,IkbNLYa9lSF+2jZLjCcm2DILc0s=
-36,15,lll2utoi4M8+a6G1AaZpacIkWmk=,IkbNLYa9lSF+2jZLjCcm2DILc0s=
-43,1,lll2utoi4M8+a6G1AaZpacIkWmk=,IkbNLYa9lSF+2jZLjCcm2DILc0s=
-41,3,lll2utoi4M8+a6G1AaZpacIkWmk=,IkbNLYa9lSF+2jZLjCcm2DILc0s=
-38,15,lll2utoi4M8+a6G1AaZpacIkWmk=,IkbNLYa9lSF+2jZLjCcm2DILc0s=
-37,1,lll2utoi4M8+a6G1AaZpacIkWmk=,IkbNLYa9lSF+2jZLjCcm2DILc0s=
-40,3,lll2utoi4M8+a6G1AaZpacIkWmk=,IkbNLYa9lSF+2jZLjCcm2DILc0s=
-37,15,lll2utoi4M8+a6G1AaZpacIkWmk=,IkbNLYa9lSF+2jZLjCcm2DILc0s=
-44,1,lll2utoi4M8+a6G1AaZpacIkWmk=,IkbNLYa9lSF+2jZLjCcm2DILc0s=
-39,15,lll2utoi4M8+a6G1AaZpacIkWmk=,IkbNLYa9lSF+2jZLjCcm2DILc0s=
-39,3,lll2utoi4M8+a6G1AaZpacIkWmk=,IkbNLYa9lSF+2jZLjCcm2DILc0s=
-40,15,lll2utoi4M8+a6G1AaZpacIkWmk=,IkbNLYa9lSF+2jZLjCcm2DILc0s=
-41,15,lll2utoi4M8+a6G1AaZpacIkWmk=,IkbNLYa9lSF+2jZLjCcm2DILc0s=
-42,15,lll2utoi4M8+a6G1AaZpacIkWmk=,IkbNLYa9lSF+2jZLjCcm2DILc0s=
-38,3,lll2utoi4M8+a6G1AaZpacIkWmk=,IkbNLYa9lSF+2jZLjCcm2DILc0s=
-45,15,lll2utoi4M8+a6G1AaZpacIkWmk=,IkbNLYa9lSF+2jZLjCcm2DILc0s=
-44,15,lll2utoi4M8+a6G1AaZpacIkWmk=,IkbNLYa9lSF+2jZLjCcm2DILc0s=
-47,15,lll2utoi4M8+a6G1AaZpacIkWmk=,IkbNLYa9lSF+2jZLjCcm2DILc0s=
-37,3,lll2utoi4M8+a6G1AaZpacIkWmk=,IkbNLYa9lSF+2jZLjCcm2DILc0s=
-43,15,lll2utoi4M8+a6G1AaZpacIkWmk=,IkbNLYa9lSF+2jZLjCcm2DILc0s=
-46,15,lll2utoi4M8+a6G1AaZpacIkWmk=,IkbNLYa9lSF+2jZLjCcm2DILc0s=
-36,3,lll2utoi4M8+a6G1AaZpacIkWmk=,IkbNLYa9lSF+2jZLjCcm2DILc0s=
-45,1,lll2utoi4M8+a6G1AaZpacIkWmk=,IkbNLYa9lSF+2jZLjCcm2DILc0s=
-48,15,lll2utoi4M8+a6G1AaZpacIkWmk=,IkbNLYa9lSF+2jZLjCcm2DILc0s=
-33,14,lll2utoi4M8+a6G1AaZpacIkWmk=,IkbNLYa9lSF+2jZLjCcm2DILc0s=
-46,1,lll2utoi4M8+a6G1AaZpacIkWmk=,IkbNLYa9lSF+2jZLjCcm2DILc0s=
-34,14,lll2utoi4M8+a6G1AaZpacIkWmk=,IkbNLYa9lSF+2jZLjCcm2DILc0s=
-36,2,lll2utoi4M8+a6G1AaZpacIkWmk=,IkbNLYa9lSF+2jZLjCcm2DILc0s=
-46,0,lll2utoi4M8+a6G1AaZpacIkWmk=,IkbNLYa9lSF+2jZLjCcm2DILc0s=
-47,1,lll2utoi4M8+a6G1AaZpacIkWmk=,IkbNLYa9lSF+2jZLjCcm2DILc0s=
-37,14,lll2utoi4M8+a6G1AaZpacIkWmk=,IkbNLYa9lSF+2jZLjCcm2DILc0s=
-35,14,lll2utoi4M8+a6G1AaZpacIkWmk=,IkbNLYa9lSF+2jZLjCcm2DILc0s=
-36,14,lll2utoi4M8+a6G1AaZpacIkWmk=,IkbNLYa9lSF+2jZLjCcm2DILc0s=
-38,14,lll2utoi4M8+a6G1AaZpacIkWmk=,IkbNLYa9lSF+2jZLjCcm2DILc0s=
-39,14,lll2utoi4M8+a6G1AaZpacIkWmk=,IkbNLYa9lSF+2jZLjCcm2DILc0s=
-40,14,lll2utoi4M8+a6G1AaZpacIkWmk=,IkbNLYa9lSF+2jZLjCcm2DILc0s=
-42,14,lll2utoi4M8+a6G1AaZpacIkWmk=,IkbNLYa9lSF+2jZLjCcm2DILc0s=
-41,14,lll2utoi4M8+a6G1AaZpacIkWmk=,IkbNLYa9lSF+2jZLjCcm2DILc0s=
-43,14,lll2utoi4M8+a6G1AaZpacIkWmk=,IkbNLYa9lSF+2jZLjCcm2DILc0s=
-45,14,lll2utoi4M8+a6G1AaZpacIkWmk=,IkbNLYa9lSF+2jZLjCcm2DILc0s=
-46,14,lll2utoi4M8+a6G1AaZpacIkWmk=,IkbNLYa9lSF+2jZLjCcm2DILc0s=
-44,14,lll2utoi4M8+a6G1AaZpacIkWmk=,IkbNLYa9lSF+2jZLjCcm2DILc0s=
-47,14,lll2utoi4M8+a6G1AaZpacIkWmk=,IkbNLYa9lSF+2jZLjCcm2DILc0s=
-35,3,lll2utoi4M8+a6G1AaZpacIkWmk=,IkbNLYa9lSF+2jZLjCcm2DILc0s=
-48,14,lll2utoi4M8+a6G1AaZpacIkWmk=,IkbNLYa9lSF+2jZLjCcm2DILc0s=
-48,1,lll2utoi4M8+a6G1AaZpacIkWmk=,IkbNLYa9lSF+2jZLjCcm2DILc0s=
-33,13,lll2utoi4M8+a6G1AaZpacIkWmk=,IkbNLYa9lSF+2jZLjCcm2DILc0s=
-34,13,lll2utoi4M8+a6G1AaZpacIkWmk=,IkbNLYa9lSF+2jZLjCcm2DILc0s=
-37,2,lll2utoi4M8+a6G1AaZpacIkWmk=,IkbNLYa9lSF+2jZLjCcm2DILc0s=
-33,0,lll2utoi4M8+a6G1AaZpacIkWmk=,IkbNLYa9lSF+2jZLjCcm2DILc0s=
-35,13,lll2utoi4M8+a6G1AaZpacIkWmk=,IkbNLYa9lSF+2jZLjCcm2DILc0s=
-47,2,lll2utoi4M8+a6G1AaZpacIkWmk=,IkbNLYa9lSF+2jZLjCcm2DILc0s=
-36,13,lll2utoi4M8+a6G1AaZpacIkWmk=,IkbNLYa9lSF+2jZLjCcm2DILc0s=
-37,13,lll2utoi4M8+a6G1AaZpacIkWmk=,IkbNLYa9lSF+2jZLjCcm2DILc0s=
-38,13,lll2utoi4M8+a6G1AaZpacIkWmk=,IkbNLYa9lSF+2jZLjCcm2DILc0s=
-34,3,lll2utoi4M8+a6G1AaZpacIkWmk=,IkbNLYa9lSF+2jZLjCcm2DILc0s=
-39,13,lll2utoi4M8+a6G1AaZpacIkWmk=,IkbNLYa9lSF+2jZLjCcm2DILc0s=
-40,13,lll2utoi4M8+a6G1AaZpacIkWmk=,IkbNLYa9lSF+2jZLjCcm2DILc0s=
-41,13,lll2utoi4M8+a6G1AaZpacIkWmk=,IkbNLYa9lSF+2jZLjCcm2DILc0s=
-33,3,lll2utoi4M8+a6G1AaZpacIkWmk=,IkbNLYa9lSF+2jZLjCcm2DILc0s=
-42,13,lll2utoi4M8+a6G1AaZpacIkWmk=,IkbNLYa9lSF+2jZLjCcm2DILc0s=
-43,13,lll2utoi4M8+a6G1AaZpacIkWmk=,IkbNLYa9lSF+2jZLjCcm2DILc0s=
-44,13,lll2utoi4M8+a6G1AaZpacIkWmk=,IkbNLYa9lSF+2jZLjCcm2DILc0s=
-46,13,lll2utoi4M8+a6G1AaZpacIkWmk=,IkbNLYa9lSF+2jZLjCcm2DILc0s=
-48,4,lll2utoi4M8+a6G1AaZpacIkWmk=,IkbNLYa9lSF+2jZLjCcm2DILc0s=
-47,13,lll2utoi4M8+a6G1AaZpacIkWmk=,IkbNLYa9lSF+2jZLjCcm2DILc0s=
-45,13,lll2utoi4M8+a6G1AaZpacIkWmk=,IkbNLYa9lSF+2jZLjCcm2DILc0s=
-47,4,lll2utoi4M8+a6G1AaZpacIkWmk=,IkbNLYa9lSF+2jZLjCcm2DILc0s=
-48,13,lll2utoi4M8+a6G1AaZpacIkWmk=,IkbNLYa9lSF+2jZLjCcm2DILc0s=
-47,0,lll2utoi4M8+a6G1AaZpacIkWmk=,IkbNLYa9lSF+2jZLjCcm2DILc0s=
-46,4,lll2utoi4M8+a6G1AaZpacIkWmk=,IkbNLYa9lSF+2jZLjCcm2DILc0s=
-33,12,lll2utoi4M8+a6G1AaZpacIkWmk=,IkbNLYa9lSF+2jZLjCcm2DILc0s=
-38,2,lll2utoi4M8+a6G1AaZpacIkWmk=,IkbNLYa9lSF+2jZLjCcm2DILc0s=
-37,12,lll2utoi4M8+a6G1AaZpacIkWmk=,IkbNLYa9lSF+2jZLjCcm2DILc0s=
-38,12,lll2utoi4M8+a6G1AaZpacIkWmk=,IkbNLYa9lSF+2jZLjCcm2DILc0s=
-39,12,lll2utoi4M8+a6G1AaZpacIkWmk=,IkbNLYa9lSF+2jZLjCcm2DILc0s=
-34,12,lll2utoi4M8+a6G1AaZpacIkWmk=,IkbNLYa9lSF+2jZLjCcm2DILc0s=
-40,12,lll2utoi4M8+a6G1AaZpacIkWmk=,IkbNLYa9lSF+2jZLjCcm2DILc0s=
-41,12,lll2utoi4M8+a6G1AaZpacIkWmk=,IkbNLYa9lSF+2jZLjCcm2DILc0s=
-45,4,lll2utoi4M8+a6G1AaZpacIkWmk=,IkbNLYa9lSF+2jZLjCcm2DILc0s=
-42,12,lll2utoi4M8+a6G1AaZpacIkWmk=,IkbNLYa9lSF+2jZLjCcm2DILc0s=
-43,12,lll2utoi4M8+a6G1AaZpacIkWmk=,IkbNLYa9lSF+2jZLjCcm2DILc0s=
-44,12,lll2utoi4M8+a6G1AaZpacIkWmk=,IkbNLYa9lSF+2jZLjCcm2DILc0s=
-46,2,lll2utoi4M8+a6G1AaZpacIkWmk=,IkbNLYa9lSF+2jZLjCcm2DILc0s=
-45,12,lll2utoi4M8+a6G1AaZpacIkWmk=,IkbNLYa9lSF+2jZLjCcm2DILc0s=
-34,0,lll2utoi4M8+a6G1AaZpacIkWmk=,IkbNLYa9lSF+2jZLjCcm2DILc0s=
-46,12,lll2utoi4M8+a6G1AaZpacIkWmk=,IkbNLYa9lSF+2jZLjCcm2DILc0s=
-43,0,lll2utoi4M8+a6G1AaZpacIkWmk=,IkbNLYa9lSF+2jZLjCcm2DILc0s=
-48,12,lll2utoi4M8+a6G1AaZpacIkWmk=,IkbNLYa9lSF+2jZLjCcm2DILc0s=
-33,11,lll2utoi4M8+a6G1AaZpacIkWmk=,IkbNLYa9lSF+2jZLjCcm2DILc0s=
-34,11,lll2utoi4M8+a6G1AaZpacIkWmk=,IkbNLYa9lSF+2jZLjCcm2DILc0s=
-44,4,lll2utoi4M8+a6G1AaZpacIkWmk=,IkbNLYa9lSF+2jZLjCcm2DILc0s=
-37,11,lll2utoi4M8+a6G1AaZpacIkWmk=,IkbNLYa9lSF+2jZLjCcm2DILc0s=
-43,4,lll2utoi4M8+a6G1AaZpacIkWmk=,IkbNLYa9lSF+2jZLjCcm2DILc0s=
-47,12,lll2utoi4M8+a6G1AaZpacIkWmk=,IkbNLYa9lSF+2jZLjCcm2DILc0s=
-35,0,lll2utoi4M8+a6G1AaZpacIkWmk=,IkbNLYa9lSF+2jZLjCcm2DILc0s=
-42,4,lll2utoi4M8+a6G1AaZpacIkWmk=,IkbNLYa9lSF+2jZLjCcm2DILc0s=
-39,2,lll2utoi4M8+a6G1AaZpacIkWmk=,IkbNLYa9lSF+2jZLjCcm2DILc0s=
-41,4,lll2utoi4M8+a6G1AaZpacIkWmk=,IkbNLYa9lSF+2jZLjCcm2DILc0s=
-38,11,lll2utoi4M8+a6G1AaZpacIkWmk=,IkbNLYa9lSF+2jZLjCcm2DILc0s=
-40,4,lll2utoi4M8+a6G1AaZpacIkWmk=,IkbNLYa9lSF+2jZLjCcm2DILc0s=
-39,11,lll2utoi4M8+a6G1AaZpacIkWmk=,IkbNLYa9lSF+2jZLjCcm2DILc0s=
-39,4,lll2utoi4M8+a6G1AaZpacIkWmk=,IkbNLYa9lSF+2jZLjCcm2DILc0s=
-38,4,lll2utoi4M8+a6G1AaZpacIkWmk=,IkbNLYa9lSF+2jZLjCcm2DILc0s=
-37,4,lll2utoi4M8+a6G1AaZpacIkWmk=,IkbNLYa9lSF+2jZLjCcm2DILc0s=
-36,4,lll2utoi4M8+a6G1AaZpacIkWmk=,IkbNLYa9lSF+2jZLjCcm2DILc0s=
-41,11,lll2utoi4M8+a6G1AaZpacIkWmk=,IkbNLYa9lSF+2jZLjCcm2DILc0s=
-40,11,lll2utoi4M8+a6G1AaZpacIkWmk=,IkbNLYa9lSF+2jZLjCcm2DILc0s=
-43,11,lll2utoi4M8+a6G1AaZpacIkWmk=,IkbNLYa9lSF+2jZLjCcm2DILc0s=
-42,11,lll2utoi4M8+a6G1AaZpacIkWmk=,IkbNLYa9lSF+2jZLjCcm2DILc0s=
-44,11,lll2utoi4M8+a6G1AaZpacIkWmk=,IkbNLYa9lSF+2jZLjCcm2DILc0s=
-45,11,lll2utoi4M8+a6G1AaZpacIkWmk=,IkbNLYa9lSF+2jZLjCcm2DILc0s=
-46,11,lll2utoi4M8+a6G1AaZpacIkWmk=,IkbNLYa9lSF+2jZLjCcm2DILc0s=
-47,11,lll2utoi4M8+a6G1AaZpacIkWmk=,IkbNLYa9lSF+2jZLjCcm2DILc0s=
-48,11,lll2utoi4M8+a6G1AaZpacIkWmk=,IkbNLYa9lSF+2jZLjCcm2DILc0s=
-35,12,lll2utoi4M8+a6G1AaZpacIkWmk=,IkbNLYa9lSF+2jZLjCcm2DILc0s=
-33,10,lll2utoi4M8+a6G1AaZpacIkWmk=,IkbNLYa9lSF+2jZLjCcm2DILc0s=
-35,11,lll2utoi4M8+a6G1AaZpacIkWmk=,IkbNLYa9lSF+2jZLjCcm2DILc0s=
-35,4,lll2utoi4M8+a6G1AaZpacIkWmk=,IkbNLYa9lSF+2jZLjCcm2DILc0s=
-36,12,lll2utoi4M8+a6G1AaZpacIkWmk=,IkbNLYa9lSF+2jZLjCcm2DILc0s=
-38,10,lll2utoi4M8+a6G1AaZpacIkWmk=,IkbNLYa9lSF+2jZLjCcm2DILc0s=
-36,0,lll2utoi4M8+a6G1AaZpacIkWmk=,IkbNLYa9lSF+2jZLjCcm2DILc0s=
-40,2,lll2utoi4M8+a6G1AaZpacIkWmk=,IkbNLYa9lSF+2jZLjCcm2DILc0s=
-34,4,lll2utoi4M8+a6G1AaZpacIkWmk=,IkbNLYa9lSF+2jZLjCcm2DILc0s=
-39,10,lll2utoi4M8+a6G1AaZpacIkWmk=,IkbNLYa9lSF+2jZLjCcm2DILc0s=
-42,0,lll2utoi4M8+a6G1AaZpacIkWmk=,IkbNLYa9lSF+2jZLjCcm2DILc0s=
-40,10,lll2utoi4M8+a6G1AaZpacIkWmk=,IkbNLYa9lSF+2jZLjCcm2DILc0s=
-41,10,lll2utoi4M8+a6G1AaZpacIkWmk=,IkbNLYa9lSF+2jZLjCcm2DILc0s=
-35,10,lll2utoi4M8+a6G1AaZpacIkWmk=,IkbNLYa9lSF+2jZLjCcm2DILc0s=
-43,10,lll2utoi4M8+a6G1AaZpacIkWmk=,IkbNLYa9lSF+2jZLjCcm2DILc0s=
-42,10,lll2utoi4M8+a6G1AaZpacIkWmk=,IkbNLYa9lSF+2jZLjCcm2DILc0s=
-44,10,lll2utoi4M8+a6G1AaZpacIkWmk=,IkbNLYa9lSF+2jZLjCcm2DILc0s=
-45,10,lll2utoi4M8+a6G1AaZpacIkWmk=,IkbNLYa9lSF+2jZLjCcm2DILc0s=
-47,10,lll2utoi4M8+a6G1AaZpacIkWmk=,IkbNLYa9lSF+2jZLjCcm2DILc0s=
-46,10,lll2utoi4M8+a6G1AaZpacIkWmk=,IkbNLYa9lSF+2jZLjCcm2DILc0s=
-48,10,lll2utoi4M8+a6G1AaZpacIkWmk=,IkbNLYa9lSF+2jZLjCcm2DILc0s=
-33,4,lll2utoi4M8+a6G1AaZpacIkWmk=,IkbNLYa9lSF+2jZLjCcm2DILc0s=
-48,5,lll2utoi4M8+a6G1AaZpacIkWmk=,IkbNLYa9lSF+2jZLjCcm2DILc0s=
-47,5,lll2utoi4M8+a6G1AaZpacIkWmk=,IkbNLYa9lSF+2jZLjCcm2DILc0s=
-46,5,lll2utoi4M8+a6G1AaZpacIkWmk=,IkbNLYa9lSF+2jZLjCcm2DILc0s=
-45,5,lll2utoi4M8+a6G1AaZpacIkWmk=,IkbNLYa9lSF+2jZLjCcm2DILc0s=
-44,5,lll2utoi4M8+a6G1AaZpacIkWmk=,IkbNLYa9lSF+2jZLjCcm2DILc0s=
-45,2,lll2utoi4M8+a6G1AaZpacIkWmk=,IkbNLYa9lSF+2jZLjCcm2DILc0s=
-41,0,lll2utoi4M8+a6G1AaZpacIkWmk=,IkbNLYa9lSF+2jZLjCcm2DILc0s=
-43,5,lll2utoi4M8+a6G1AaZpacIkWmk=,IkbNLYa9lSF+2jZLjCcm2DILc0s=
-42,5,lll2utoi4M8+a6G1AaZpacIkWmk=,IkbNLYa9lSF+2jZLjCcm2DILc0s=
-41,5,lll2utoi4M8+a6G1AaZpacIkWmk=,IkbNLYa9lSF+2jZLjCcm2DILc0s=
-40,5,lll2utoi4M8+a6G1AaZpacIkWmk=,IkbNLYa9lSF+2jZLjCcm2DILc0s=
-39,5,lll2utoi4M8+a6G1AaZpacIkWmk=,IkbNLYa9lSF+2jZLjCcm2DILc0s=
-38,5,lll2utoi4M8+a6G1AaZpacIkWmk=,IkbNLYa9lSF+2jZLjCcm2DILc0s=
-37,5,lll2utoi4M8+a6G1AaZpacIkWmk=,IkbNLYa9lSF+2jZLjCcm2DILc0s=
-36,11,lll2utoi4M8+a6G1AaZpacIkWmk=,IkbNLYa9lSF+2jZLjCcm2DILc0s=
-37,10,lll2utoi4M8+a6G1AaZpacIkWmk=,IkbNLYa9lSF+2jZLjCcm2DILc0s=
-36,10,lll2utoi4M8+a6G1AaZpacIkWmk=,IkbNLYa9lSF+2jZLjCcm2DILc0s=
-34,10,lll2utoi4M8+a6G1AaZpacIkWmk=,IkbNLYa9lSF+2jZLjCcm2DILc0s=
-36,5,lll2utoi4M8+a6G1AaZpacIkWmk=,IkbNLYa9lSF+2jZLjCcm2DILc0s=
-34,9,lll2utoi4M8+a6G1AaZpacIkWmk=,IkbNLYa9lSF+2jZLjCcm2DILc0s=
-39,9,lll2utoi4M8+a6G1AaZpacIkWmk=,IkbNLYa9lSF+2jZLjCcm2DILc0s=
-37,0,lll2utoi4M8+a6G1AaZpacIkWmk=,IkbNLYa9lSF+2jZLjCcm2DILc0s=
-41,2,lll2utoi4M8+a6G1AaZpacIkWmk=,IkbNLYa9lSF+2jZLjCcm2DILc0s=
-35,9,lll2utoi4M8+a6G1AaZpacIkWmk=,IkbNLYa9lSF+2jZLjCcm2DILc0s=
-40,9,lll2utoi4M8+a6G1AaZpacIkWmk=,IkbNLYa9lSF+2jZLjCcm2DILc0s=
-41,9,lll2utoi4M8+a6G1AaZpacIkWmk=,IkbNLYa9lSF+2jZLjCcm2DILc0s=
-42,9,lll2utoi4M8+a6G1AaZpacIkWmk=,IkbNLYa9lSF+2jZLjCcm2DILc0s=
-44,9,lll2utoi4M8+a6G1AaZpacIkWmk=,IkbNLYa9lSF+2jZLjCcm2DILc0s=
-45,9,lll2utoi4M8+a6G1AaZpacIkWmk=,IkbNLYa9lSF+2jZLjCcm2DILc0s=
-43,9,lll2utoi4M8+a6G1AaZpacIkWmk=,IkbNLYa9lSF+2jZLjCcm2DILc0s=
-46,9,lll2utoi4M8+a6G1AaZpacIkWmk=,IkbNLYa9lSF+2jZLjCcm2DILc0s=
-47,9,lll2utoi4M8+a6G1AaZpacIkWmk=,IkbNLYa9lSF+2jZLjCcm2DILc0s=
-48,9,lll2utoi4M8+a6G1AaZpacIkWmk=,IkbNLYa9lSF+2jZLjCcm2DILc0s=
-38,9,lll2utoi4M8+a6G1AaZpacIkWmk=,IkbNLYa9lSF+2jZLjCcm2DILc0s=
-33,9,lll2utoi4M8+a6G1AaZpacIkWmk=,IkbNLYa9lSF+2jZLjCcm2DILc0s=
-35,5,lll2utoi4M8+a6G1AaZpacIkWmk=,IkbNLYa9lSF+2jZLjCcm2DILc0s=
-36,9,lll2utoi4M8+a6G1AaZpacIkWmk=,IkbNLYa9lSF+2jZLjCcm2DILc0s=
-37,9,lll2utoi4M8+a6G1AaZpacIkWmk=,IkbNLYa9lSF+2jZLjCcm2DILc0s=
-38,8,lll2utoi4M8+a6G1AaZpacIkWmk=,IkbNLYa9lSF+2jZLjCcm2DILc0s=
-39,8,lll2utoi4M8+a6G1AaZpacIkWmk=,IkbNLYa9lSF+2jZLjCcm2DILc0s=
-40,8,lll2utoi4M8+a6G1AaZpacIkWmk=,IkbNLYa9lSF+2jZLjCcm2DILc0s=
-38,0,lll2utoi4M8+a6G1AaZpacIkWmk=,IkbNLYa9lSF+2jZLjCcm2DILc0s=
-42,2,lll2utoi4M8+a6G1AaZpacIkWmk=,IkbNLYa9lSF+2jZLjCcm2DILc0s=
-41,8,lll2utoi4M8+a6G1AaZpacIkWmk=,IkbNLYa9lSF+2jZLjCcm2DILc0s=
-42,8,lll2utoi4M8+a6G1AaZpacIkWmk=,IkbNLYa9lSF+2jZLjCcm2DILc0s=
-34,8,lll2utoi4M8+a6G1AaZpacIkWmk=,IkbNLYa9lSF+2jZLjCcm2DILc0s=
-43,8,lll2utoi4M8+a6G1AaZpacIkWmk=,IkbNLYa9lSF+2jZLjCcm2DILc0s=
-44,8,lll2utoi4M8+a6G1AaZpacIkWmk=,IkbNLYa9lSF+2jZLjCcm2DILc0s=
-45,8,lll2utoi4M8+a6G1AaZpacIkWmk=,IkbNLYa9lSF+2jZLjCcm2DILc0s=
-46,8,lll2utoi4M8+a6G1AaZpacIkWmk=,IkbNLYa9lSF+2jZLjCcm2DILc0s=
-47,8,lll2utoi4M8+a6G1AaZpacIkWmk=,IkbNLYa9lSF+2jZLjCcm2DILc0s=
-48,8,lll2utoi4M8+a6G1AaZpacIkWmk=,IkbNLYa9lSF+2jZLjCcm2DILc0s=
-33,8,lll2utoi4M8+a6G1AaZpacIkWmk=,IkbNLYa9lSF+2jZLjCcm2DILc0s=
-35,8,lll2utoi4M8+a6G1AaZpacIkWmk=,IkbNLYa9lSF+2jZLjCcm2DILc0s=
-36,8,lll2utoi4M8+a6G1AaZpacIkWmk=,IkbNLYa9lSF+2jZLjCcm2DILc0s=
-37,8,lll2utoi4M8+a6G1AaZpacIkWmk=,IkbNLYa9lSF+2jZLjCcm2DILc0s=
-33,7,lll2utoi4M8+a6G1AaZpacIkWmk=,IkbNLYa9lSF+2jZLjCcm2DILc0s=
-39,7,lll2utoi4M8+a6G1AaZpacIkWmk=,IkbNLYa9lSF+2jZLjCcm2DILc0s=
-40,7,lll2utoi4M8+a6G1AaZpacIkWmk=,IkbNLYa9lSF+2jZLjCcm2DILc0s=
-41,7,lll2utoi4M8+a6G1AaZpacIkWmk=,IkbNLYa9lSF+2jZLjCcm2DILc0s=
-39,0,lll2utoi4M8+a6G1AaZpacIkWmk=,IkbNLYa9lSF+2jZLjCcm2DILc0s=
-43,2,lll2utoi4M8+a6G1AaZpacIkWmk=,IkbNLYa9lSF+2jZLjCcm2DILc0s=
-42,7,lll2utoi4M8+a6G1AaZpacIkWmk=,IkbNLYa9lSF+2jZLjCcm2DILc0s=
-43,7,lll2utoi4M8+a6G1AaZpacIkWmk=,IkbNLYa9lSF+2jZLjCcm2DILc0s=
-44,7,lll2utoi4M8+a6G1AaZpacIkWmk=,IkbNLYa9lSF+2jZLjCcm2DILc0s=
-45,7,lll2utoi4M8+a6G1AaZpacIkWmk=,IkbNLYa9lSF+2jZLjCcm2DILc0s=
-46,7,lll2utoi4M8+a6G1AaZpacIkWmk=,IkbNLYa9lSF+2jZLjCcm2DILc0s=
-34,5,lll2utoi4M8+a6G1AaZpacIkWmk=,IkbNLYa9lSF+2jZLjCcm2DILc0s=
-47,7,lll2utoi4M8+a6G1AaZpacIkWmk=,IkbNLYa9lSF+2jZLjCcm2DILc0s=
-48,7,lll2utoi4M8+a6G1AaZpacIkWmk=,IkbNLYa9lSF+2jZLjCcm2DILc0s=
-34,7,lll2utoi4M8+a6G1AaZpacIkWmk=,IkbNLYa9lSF+2jZLjCcm2DILc0s=
-38,7,lll2utoi4M8+a6G1AaZpacIkWmk=,IkbNLYa9lSF+2jZLjCcm2DILc0s=
-35,7,lll2utoi4M8+a6G1AaZpacIkWmk=,IkbNLYa9lSF+2jZLjCcm2DILc0s=
-36,7,lll2utoi4M8+a6G1AaZpacIkWmk=,IkbNLYa9lSF+2jZLjCcm2DILc0s=
-33,5,lll2utoi4M8+a6G1AaZpacIkWmk=,IkbNLYa9lSF+2jZLjCcm2DILc0s=
-48,6,lll2utoi4M8+a6G1AaZpacIkWmk=,IkbNLYa9lSF+2jZLjCcm2DILc0s=
-47,6,lll2utoi4M8+a6G1AaZpacIkWmk=,IkbNLYa9lSF+2jZLjCcm2DILc0s=
-46,6,lll2utoi4M8+a6G1AaZpacIkWmk=,IkbNLYa9lSF+2jZLjCcm2DILc0s=
-45,6,lll2utoi4M8+a6G1AaZpacIkWmk=,IkbNLYa9lSF+2jZLjCcm2DILc0s=
-44,6,lll2utoi4M8+a6G1AaZpacIkWmk=,IkbNLYa9lSF+2jZLjCcm2DILc0s=
-43,6,lll2utoi4M8+a6G1AaZpacIkWmk=,IkbNLYa9lSF+2jZLjCcm2DILc0s=
-44,2,lll2utoi4M8+a6G1AaZpacIkWmk=,IkbNLYa9lSF+2jZLjCcm2DILc0s=
-40,0,lll2utoi4M8+a6G1AaZpacIkWmk=,IkbNLYa9lSF+2jZLjCcm2DILc0s=
-42,6,lll2utoi4M8+a6G1AaZpacIkWmk=,IkbNLYa9lSF+2jZLjCcm2DILc0s=
-41,6,lll2utoi4M8+a6G1AaZpacIkWmk=,IkbNLYa9lSF+2jZLjCcm2DILc0s=
-40,6,lll2utoi4M8+a6G1AaZpacIkWmk=,IkbNLYa9lSF+2jZLjCcm2DILc0s=
-39,6,lll2utoi4M8+a6G1AaZpacIkWmk=,IkbNLYa9lSF+2jZLjCcm2DILc0s=
-38,6,lll2utoi4M8+a6G1AaZpacIkWmk=,IkbNLYa9lSF+2jZLjCcm2DILc0s=
-35,6,lll2utoi4M8+a6G1AaZpacIkWmk=,IkbNLYa9lSF+2jZLjCcm2DILc0s=
-37,7,lll2utoi4M8+a6G1AaZpacIkWmk=,IkbNLYa9lSF+2jZLjCcm2DILc0s=
-33,6,lll2utoi4M8+a6G1AaZpacIkWmk=,IkbNLYa9lSF+2jZLjCcm2DILc0s=
-36,6,lll2utoi4M8+a6G1AaZpacIkWmk=,IkbNLYa9lSF+2jZLjCcm2DILc0s=
-37,6,lll2utoi4M8+a6G1AaZpacIkWmk=,IkbNLYa9lSF+2jZLjCcm2DILc0s=
-34,6,lll2utoi4M8+a6G1AaZpacIkWmk=,IkbNLYa9lSF+2jZLjCcm2DILc0s=
-34,18,Z3/DA3JHL/ZdvXrlj9P2ShPpxZ4=,S0969ynuc9VvmIeQsmfne9dTwuc=
-35,18,Z3/DA3JHL/ZdvXrlj9P2ShPpxZ4=,S0969ynuc9VvmIeQsmfne9dTwuc=
-35,31,Z3/DA3JHL/ZdvXrlj9P2ShPpxZ4=,S0969ynuc9VvmIeQsmfne9dTwuc=
-36,31,Z3/DA3JHL/ZdvXrlj9P2ShPpxZ4=,S0969ynuc9VvmIeQsmfne9dTwuc=
-37,31,Z3/DA3JHL/ZdvXrlj9P2ShPpxZ4=,S0969ynuc9VvmIeQsmfne9dTwuc=
-45,16,Z3/DA3JHL/ZdvXrlj9P2ShPpxZ4=,S0969ynuc9VvmIeQsmfne9dTwuc=
-38,31,Z3/DA3JHL/ZdvXrlj9P2ShPpxZ4=,S0969ynuc9VvmIeQsmfne9dTwuc=
-41,31,Z3/DA3JHL/ZdvXrlj9P2ShPpxZ4=,S0969ynuc9VvmIeQsmfne9dTwuc=
-39,31,Z3/DA3JHL/ZdvXrlj9P2ShPpxZ4=,S0969ynuc9VvmIeQsmfne9dTwuc=
-42,31,Z3/DA3JHL/ZdvXrlj9P2ShPpxZ4=,S0969ynuc9VvmIeQsmfne9dTwuc=
-44,31,Z3/DA3JHL/ZdvXrlj9P2ShPpxZ4=,S0969ynuc9VvmIeQsmfne9dTwuc=
-43,31,Z3/DA3JHL/ZdvXrlj9P2ShPpxZ4=,S0969ynuc9VvmIeQsmfne9dTwuc=
-40,31,Z3/DA3JHL/ZdvXrlj9P2ShPpxZ4=,S0969ynuc9VvmIeQsmfne9dTwuc=
-45,31,Z3/DA3JHL/ZdvXrlj9P2ShPpxZ4=,S0969ynuc9VvmIeQsmfne9dTwuc=
-46,31,Z3/DA3JHL/ZdvXrlj9P2ShPpxZ4=,S0969ynuc9VvmIeQsmfne9dTwuc=
-47,31,Z3/DA3JHL/ZdvXrlj9P2ShPpxZ4=,S0969ynuc9VvmIeQsmfne9dTwuc=
-34,17,Z3/DA3JHL/ZdvXrlj9P2ShPpxZ4=,S0969ynuc9VvmIeQsmfne9dTwuc=
-33,17,Z3/DA3JHL/ZdvXrlj9P2ShPpxZ4=,S0969ynuc9VvmIeQsmfne9dTwuc=
-47,17,Z3/DA3JHL/ZdvXrlj9P2ShPpxZ4=,S0969ynuc9VvmIeQsmfne9dTwuc=
-36,17,Z3/DA3JHL/ZdvXrlj9P2ShPpxZ4=,S0969ynuc9VvmIeQsmfne9dTwuc=
-37,17,Z3/DA3JHL/ZdvXrlj9P2ShPpxZ4=,S0969ynuc9VvmIeQsmfne9dTwuc=
-38,17,Z3/DA3JHL/ZdvXrlj9P2ShPpxZ4=,S0969ynuc9VvmIeQsmfne9dTwuc=
-48,31,Z3/DA3JHL/ZdvXrlj9P2ShPpxZ4=,S0969ynuc9VvmIeQsmfne9dTwuc=
-35,17,Z3/DA3JHL/ZdvXrlj9P2ShPpxZ4=,S0969ynuc9VvmIeQsmfne9dTwuc=
-42,17,Z3/DA3JHL/ZdvXrlj9P2ShPpxZ4=,S0969ynuc9VvmIeQsmfne9dTwuc=
-39,17,Z3/DA3JHL/ZdvXrlj9P2ShPpxZ4=,S0969ynuc9VvmIeQsmfne9dTwuc=
-43,17,Z3/DA3JHL/ZdvXrlj9P2ShPpxZ4=,S0969ynuc9VvmIeQsmfne9dTwuc=
-44,17,Z3/DA3JHL/ZdvXrlj9P2ShPpxZ4=,S0969ynuc9VvmIeQsmfne9dTwuc=
-45,17,Z3/DA3JHL/ZdvXrlj9P2ShPpxZ4=,S0969ynuc9VvmIeQsmfne9dTwuc=
-46,17,Z3/DA3JHL/ZdvXrlj9P2ShPpxZ4=,S0969ynuc9VvmIeQsmfne9dTwuc=
-41,17,Z3/DA3JHL/ZdvXrlj9P2ShPpxZ4=,S0969ynuc9VvmIeQsmfne9dTwuc=
-46,16,Z3/DA3JHL/ZdvXrlj9P2ShPpxZ4=,S0969ynuc9VvmIeQsmfne9dTwuc=
-40,17,Z3/DA3JHL/ZdvXrlj9P2ShPpxZ4=,S0969ynuc9VvmIeQsmfne9dTwuc=
-36,30,Z3/DA3JHL/ZdvXrlj9P2ShPpxZ4=,S0969ynuc9VvmIeQsmfne9dTwuc=
-37,30,Z3/DA3JHL/ZdvXrlj9P2ShPpxZ4=,S0969ynuc9VvmIeQsmfne9dTwuc=
-38,30,Z3/DA3JHL/ZdvXrlj9P2ShPpxZ4=,S0969ynuc9VvmIeQsmfne9dTwuc=
-39,30,Z3/DA3JHL/ZdvXrlj9P2ShPpxZ4=,S0969ynuc9VvmIeQsmfne9dTwuc=
-40,30,Z3/DA3JHL/ZdvXrlj9P2ShPpxZ4=,S0969ynuc9VvmIeQsmfne9dTwuc=
-41,30,Z3/DA3JHL/ZdvXrlj9P2ShPpxZ4=,S0969ynuc9VvmIeQsmfne9dTwuc=
-42,30,Z3/DA3JHL/ZdvXrlj9P2ShPpxZ4=,S0969ynuc9VvmIeQsmfne9dTwuc=
-43,30,Z3/DA3JHL/ZdvXrlj9P2ShPpxZ4=,S0969ynuc9VvmIeQsmfne9dTwuc=
-44,30,Z3/DA3JHL/ZdvXrlj9P2ShPpxZ4=,S0969ynuc9VvmIeQsmfne9dTwuc=
-45,30,Z3/DA3JHL/ZdvXrlj9P2ShPpxZ4=,S0969ynuc9VvmIeQsmfne9dTwuc=
-46,30,Z3/DA3JHL/ZdvXrlj9P2ShPpxZ4=,S0969ynuc9VvmIeQsmfne9dTwuc=
-47,30,Z3/DA3JHL/ZdvXrlj9P2ShPpxZ4=,S0969ynuc9VvmIeQsmfne9dTwuc=
-48,30,Z3/DA3JHL/ZdvXrlj9P2ShPpxZ4=,S0969ynuc9VvmIeQsmfne9dTwuc=
-48,17,Z3/DA3JHL/ZdvXrlj9P2ShPpxZ4=,S0969ynuc9VvmIeQsmfne9dTwuc=
-33,30,Z3/DA3JHL/ZdvXrlj9P2ShPpxZ4=,S0969ynuc9VvmIeQsmfne9dTwuc=
-33,31,Z3/DA3JHL/ZdvXrlj9P2ShPpxZ4=,S0969ynuc9VvmIeQsmfne9dTwuc=
-33,16,Z3/DA3JHL/ZdvXrlj9P2ShPpxZ4=,S0969ynuc9VvmIeQsmfne9dTwuc=
-36,18,Z3/DA3JHL/ZdvXrlj9P2ShPpxZ4=,S0969ynuc9VvmIeQsmfne9dTwuc=
-37,18,Z3/DA3JHL/ZdvXrlj9P2ShPpxZ4=,S0969ynuc9VvmIeQsmfne9dTwuc=
-36,29,Z3/DA3JHL/ZdvXrlj9P2ShPpxZ4=,S0969ynuc9VvmIeQsmfne9dTwuc=
-37,29,Z3/DA3JHL/ZdvXrlj9P2ShPpxZ4=,S0969ynuc9VvmIeQsmfne9dTwuc=
-38,29,Z3/DA3JHL/ZdvXrlj9P2ShPpxZ4=,S0969ynuc9VvmIeQsmfne9dTwuc=
-39,29,Z3/DA3JHL/ZdvXrlj9P2ShPpxZ4=,S0969ynuc9VvmIeQsmfne9dTwuc=
-40,29,Z3/DA3JHL/ZdvXrlj9P2ShPpxZ4=,S0969ynuc9VvmIeQsmfne9dTwuc=
-41,29,Z3/DA3JHL/ZdvXrlj9P2ShPpxZ4=,S0969ynuc9VvmIeQsmfne9dTwuc=
-42,29,Z3/DA3JHL/ZdvXrlj9P2ShPpxZ4=,S0969ynuc9VvmIeQsmfne9dTwuc=
-43,29,Z3/DA3JHL/ZdvXrlj9P2ShPpxZ4=,S0969ynuc9VvmIeQsmfne9dTwuc=
-34,29,Z3/DA3JHL/ZdvXrlj9P2ShPpxZ4=,S0969ynuc9VvmIeQsmfne9dTwuc=
-45,29,Z3/DA3JHL/ZdvXrlj9P2ShPpxZ4=,S0969ynuc9VvmIeQsmfne9dTwuc=
-46,29,Z3/DA3JHL/ZdvXrlj9P2ShPpxZ4=,S0969ynuc9VvmIeQsmfne9dTwuc=
-47,29,Z3/DA3JHL/ZdvXrlj9P2ShPpxZ4=,S0969ynuc9VvmIeQsmfne9dTwuc=
-47,16,Z3/DA3JHL/ZdvXrlj9P2ShPpxZ4=,S0969ynuc9VvmIeQsmfne9dTwuc=
-48,29,Z3/DA3JHL/ZdvXrlj9P2ShPpxZ4=,S0969ynuc9VvmIeQsmfne9dTwuc=
-33,29,Z3/DA3JHL/ZdvXrlj9P2ShPpxZ4=,S0969ynuc9VvmIeQsmfne9dTwuc=
-34,31,Z3/DA3JHL/ZdvXrlj9P2ShPpxZ4=,S0969ynuc9VvmIeQsmfne9dTwuc=
-34,16,Z3/DA3JHL/ZdvXrlj9P2ShPpxZ4=,S0969ynuc9VvmIeQsmfne9dTwuc=
-44,29,Z3/DA3JHL/ZdvXrlj9P2ShPpxZ4=,S0969ynuc9VvmIeQsmfne9dTwuc=
-34,28,Z3/DA3JHL/ZdvXrlj9P2ShPpxZ4=,S0969ynuc9VvmIeQsmfne9dTwuc=
-33,28,Z3/DA3JHL/ZdvXrlj9P2ShPpxZ4=,S0969ynuc9VvmIeQsmfne9dTwuc=
-35,29,Z3/DA3JHL/ZdvXrlj9P2ShPpxZ4=,S0969ynuc9VvmIeQsmfne9dTwuc=
-34,30,Z3/DA3JHL/ZdvXrlj9P2ShPpxZ4=,S0969ynuc9VvmIeQsmfne9dTwuc=
-38,28,Z3/DA3JHL/ZdvXrlj9P2ShPpxZ4=,S0969ynuc9VvmIeQsmfne9dTwuc=
-39,28,Z3/DA3JHL/ZdvXrlj9P2ShPpxZ4=,S0969ynuc9VvmIeQsmfne9dTwuc=
-40,28,Z3/DA3JHL/ZdvXrlj9P2ShPpxZ4=,S0969ynuc9VvmIeQsmfne9dTwuc=
-41,28,Z3/DA3JHL/ZdvXrlj9P2ShPpxZ4=,S0969ynuc9VvmIeQsmfne9dTwuc=
-42,28,Z3/DA3JHL/ZdvXrlj9P2ShPpxZ4=,S0969ynuc9VvmIeQsmfne9dTwuc=
-43,28,Z3/DA3JHL/ZdvXrlj9P2ShPpxZ4=,S0969ynuc9VvmIeQsmfne9dTwuc=
-44,28,Z3/DA3JHL/ZdvXrlj9P2ShPpxZ4=,S0969ynuc9VvmIeQsmfne9dTwuc=
-45,28,Z3/DA3JHL/ZdvXrlj9P2ShPpxZ4=,S0969ynuc9VvmIeQsmfne9dTwuc=
-46,28,Z3/DA3JHL/ZdvXrlj9P2ShPpxZ4=,S0969ynuc9VvmIeQsmfne9dTwuc=
-47,28,Z3/DA3JHL/ZdvXrlj9P2ShPpxZ4=,S0969ynuc9VvmIeQsmfne9dTwuc=
-48,28,Z3/DA3JHL/ZdvXrlj9P2ShPpxZ4=,S0969ynuc9VvmIeQsmfne9dTwuc=
-33,27,Z3/DA3JHL/ZdvXrlj9P2ShPpxZ4=,S0969ynuc9VvmIeQsmfne9dTwuc=
-34,27,Z3/DA3JHL/ZdvXrlj9P2ShPpxZ4=,S0969ynuc9VvmIeQsmfne9dTwuc=
-35,27,Z3/DA3JHL/ZdvXrlj9P2ShPpxZ4=,S0969ynuc9VvmIeQsmfne9dTwuc=
-35,16,Z3/DA3JHL/ZdvXrlj9P2ShPpxZ4=,S0969ynuc9VvmIeQsmfne9dTwuc=
-37,27,Z3/DA3JHL/ZdvXrlj9P2ShPpxZ4=,S0969ynuc9VvmIeQsmfne9dTwuc=
-35,28,Z3/DA3JHL/ZdvXrlj9P2ShPpxZ4=,S0969ynuc9VvmIeQsmfne9dTwuc=
-35,30,Z3/DA3JHL/ZdvXrlj9P2ShPpxZ4=,S0969ynuc9VvmIeQsmfne9dTwuc=
-38,18,Z3/DA3JHL/ZdvXrlj9P2ShPpxZ4=,S0969ynuc9VvmIeQsmfne9dTwuc=
-41,27,Z3/DA3JHL/ZdvXrlj9P2ShPpxZ4=,S0969ynuc9VvmIeQsmfne9dTwuc=
-42,27,Z3/DA3JHL/ZdvXrlj9P2ShPpxZ4=,S0969ynuc9VvmIeQsmfne9dTwuc=
-43,27,Z3/DA3JHL/ZdvXrlj9P2ShPpxZ4=,S0969ynuc9VvmIeQsmfne9dTwuc=
-44,27,Z3/DA3JHL/ZdvXrlj9P2ShPpxZ4=,S0969ynuc9VvmIeQsmfne9dTwuc=
-45,27,Z3/DA3JHL/ZdvXrlj9P2ShPpxZ4=,S0969ynuc9VvmIeQsmfne9dTwuc=
-46,27,Z3/DA3JHL/ZdvXrlj9P2ShPpxZ4=,S0969ynuc9VvmIeQsmfne9dTwuc=
-48,16,Z3/DA3JHL/ZdvXrlj9P2ShPpxZ4=,S0969ynuc9VvmIeQsmfne9dTwuc=
-47,27,Z3/DA3JHL/ZdvXrlj9P2ShPpxZ4=,S0969ynuc9VvmIeQsmfne9dTwuc=
-48,27,Z3/DA3JHL/ZdvXrlj9P2ShPpxZ4=,S0969ynuc9VvmIeQsmfne9dTwuc=
-33,26,Z3/DA3JHL/ZdvXrlj9P2ShPpxZ4=,S0969ynuc9VvmIeQsmfne9dTwuc=
-34,26,Z3/DA3JHL/ZdvXrlj9P2ShPpxZ4=,S0969ynuc9VvmIeQsmfne9dTwuc=
-36,27,Z3/DA3JHL/ZdvXrlj9P2ShPpxZ4=,S0969ynuc9VvmIeQsmfne9dTwuc=
-37,28,Z3/DA3JHL/ZdvXrlj9P2ShPpxZ4=,S0969ynuc9VvmIeQsmfne9dTwuc=
-35,26,Z3/DA3JHL/ZdvXrlj9P2ShPpxZ4=,S0969ynuc9VvmIeQsmfne9dTwuc=
-38,27,Z3/DA3JHL/ZdvXrlj9P2ShPpxZ4=,S0969ynuc9VvmIeQsmfne9dTwuc=
-36,28,Z3/DA3JHL/ZdvXrlj9P2ShPpxZ4=,S0969ynuc9VvmIeQsmfne9dTwuc=
-37,26,Z3/DA3JHL/ZdvXrlj9P2ShPpxZ4=,S0969ynuc9VvmIeQsmfne9dTwuc=
-39,18,Z3/DA3JHL/ZdvXrlj9P2ShPpxZ4=,S0969ynuc9VvmIeQsmfne9dTwuc=
-36,16,Z3/DA3JHL/ZdvXrlj9P2ShPpxZ4=,S0969ynuc9VvmIeQsmfne9dTwuc=
-39,27,Z3/DA3JHL/ZdvXrlj9P2ShPpxZ4=,S0969ynuc9VvmIeQsmfne9dTwuc=
-38,26,Z3/DA3JHL/ZdvXrlj9P2ShPpxZ4=,S0969ynuc9VvmIeQsmfne9dTwuc=
-42,26,Z3/DA3JHL/ZdvXrlj9P2ShPpxZ4=,S0969ynuc9VvmIeQsmfne9dTwuc=
-43,26,Z3/DA3JHL/ZdvXrlj9P2ShPpxZ4=,S0969ynuc9VvmIeQsmfne9dTwuc=
-44,26,Z3/DA3JHL/ZdvXrlj9P2ShPpxZ4=,S0969ynuc9VvmIeQsmfne9dTwuc=
-46,26,Z3/DA3JHL/ZdvXrlj9P2ShPpxZ4=,S0969ynuc9VvmIeQsmfne9dTwuc=
-45,26,Z3/DA3JHL/ZdvXrlj9P2ShPpxZ4=,S0969ynuc9VvmIeQsmfne9dTwuc=
-47,26,Z3/DA3JHL/ZdvXrlj9P2ShPpxZ4=,S0969ynuc9VvmIeQsmfne9dTwuc=
-48,26,Z3/DA3JHL/ZdvXrlj9P2ShPpxZ4=,S0969ynuc9VvmIeQsmfne9dTwuc=
-33,25,Z3/DA3JHL/ZdvXrlj9P2ShPpxZ4=,S0969ynuc9VvmIeQsmfne9dTwuc=
-34,25,Z3/DA3JHL/ZdvXrlj9P2ShPpxZ4=,S0969ynuc9VvmIeQsmfne9dTwuc=
-35,25,Z3/DA3JHL/ZdvXrlj9P2ShPpxZ4=,S0969ynuc9VvmIeQsmfne9dTwuc=
-36,25,Z3/DA3JHL/ZdvXrlj9P2ShPpxZ4=,S0969ynuc9VvmIeQsmfne9dTwuc=
-36,26,Z3/DA3JHL/ZdvXrlj9P2ShPpxZ4=,S0969ynuc9VvmIeQsmfne9dTwuc=
-39,26,Z3/DA3JHL/ZdvXrlj9P2ShPpxZ4=,S0969ynuc9VvmIeQsmfne9dTwuc=
-37,25,Z3/DA3JHL/ZdvXrlj9P2ShPpxZ4=,S0969ynuc9VvmIeQsmfne9dTwuc=
-40,27,Z3/DA3JHL/ZdvXrlj9P2ShPpxZ4=,S0969ynuc9VvmIeQsmfne9dTwuc=
-38,25,Z3/DA3JHL/ZdvXrlj9P2ShPpxZ4=,S0969ynuc9VvmIeQsmfne9dTwuc=
-37,16,Z3/DA3JHL/ZdvXrlj9P2ShPpxZ4=,S0969ynuc9VvmIeQsmfne9dTwuc=
-39,25,Z3/DA3JHL/ZdvXrlj9P2ShPpxZ4=,S0969ynuc9VvmIeQsmfne9dTwuc=
-41,26,Z3/DA3JHL/ZdvXrlj9P2ShPpxZ4=,S0969ynuc9VvmIeQsmfne9dTwuc=
-40,18,Z3/DA3JHL/ZdvXrlj9P2ShPpxZ4=,S0969ynuc9VvmIeQsmfne9dTwuc=
-44,25,Z3/DA3JHL/ZdvXrlj9P2ShPpxZ4=,S0969ynuc9VvmIeQsmfne9dTwuc=
-45,25,Z3/DA3JHL/ZdvXrlj9P2ShPpxZ4=,S0969ynuc9VvmIeQsmfne9dTwuc=
-46,25,Z3/DA3JHL/ZdvXrlj9P2ShPpxZ4=,S0969ynuc9VvmIeQsmfne9dTwuc=
-47,25,Z3/DA3JHL/ZdvXrlj9P2ShPpxZ4=,S0969ynuc9VvmIeQsmfne9dTwuc=
-48,25,Z3/DA3JHL/ZdvXrlj9P2ShPpxZ4=,S0969ynuc9VvmIeQsmfne9dTwuc=
-33,24,Z3/DA3JHL/ZdvXrlj9P2ShPpxZ4=,S0969ynuc9VvmIeQsmfne9dTwuc=
-34,24,Z3/DA3JHL/ZdvXrlj9P2ShPpxZ4=,S0969ynuc9VvmIeQsmfne9dTwuc=
-35,24,Z3/DA3JHL/ZdvXrlj9P2ShPpxZ4=,S0969ynuc9VvmIeQsmfne9dTwuc=
-36,24,Z3/DA3JHL/ZdvXrlj9P2ShPpxZ4=,S0969ynuc9VvmIeQsmfne9dTwuc=
-37,24,Z3/DA3JHL/ZdvXrlj9P2ShPpxZ4=,S0969ynuc9VvmIeQsmfne9dTwuc=
-38,24,Z3/DA3JHL/ZdvXrlj9P2ShPpxZ4=,S0969ynuc9VvmIeQsmfne9dTwuc=
-39,24,Z3/DA3JHL/ZdvXrlj9P2ShPpxZ4=,S0969ynuc9VvmIeQsmfne9dTwuc=
-38,16,Z3/DA3JHL/ZdvXrlj9P2ShPpxZ4=,S0969ynuc9VvmIeQsmfne9dTwuc=
-40,26,Z3/DA3JHL/ZdvXrlj9P2ShPpxZ4=,S0969ynuc9VvmIeQsmfne9dTwuc=
-42,18,Z3/DA3JHL/ZdvXrlj9P2ShPpxZ4=,S0969ynuc9VvmIeQsmfne9dTwuc=
-43,25,Z3/DA3JHL/ZdvXrlj9P2ShPpxZ4=,S0969ynuc9VvmIeQsmfne9dTwuc=
-40,24,Z3/DA3JHL/ZdvXrlj9P2ShPpxZ4=,S0969ynuc9VvmIeQsmfne9dTwuc=
-43,24,Z3/DA3JHL/ZdvXrlj9P2ShPpxZ4=,S0969ynuc9VvmIeQsmfne9dTwuc=
-44,24,Z3/DA3JHL/ZdvXrlj9P2ShPpxZ4=,S0969ynuc9VvmIeQsmfne9dTwuc=
-45,24,Z3/DA3JHL/ZdvXrlj9P2ShPpxZ4=,S0969ynuc9VvmIeQsmfne9dTwuc=
-46,24,Z3/DA3JHL/ZdvXrlj9P2ShPpxZ4=,S0969ynuc9VvmIeQsmfne9dTwuc=
-47,24,Z3/DA3JHL/ZdvXrlj9P2ShPpxZ4=,S0969ynuc9VvmIeQsmfne9dTwuc=
-48,24,Z3/DA3JHL/ZdvXrlj9P2ShPpxZ4=,S0969ynuc9VvmIeQsmfne9dTwuc=
-33,23,Z3/DA3JHL/ZdvXrlj9P2ShPpxZ4=,S0969ynuc9VvmIeQsmfne9dTwuc=
-34,23,Z3/DA3JHL/ZdvXrlj9P2ShPpxZ4=,S0969ynuc9VvmIeQsmfne9dTwuc=
-35,23,Z3/DA3JHL/ZdvXrlj9P2ShPpxZ4=,S0969ynuc9VvmIeQsmfne9dTwuc=
-36,23,Z3/DA3JHL/ZdvXrlj9P2ShPpxZ4=,S0969ynuc9VvmIeQsmfne9dTwuc=
-37,23,Z3/DA3JHL/ZdvXrlj9P2ShPpxZ4=,S0969ynuc9VvmIeQsmfne9dTwuc=
-42,25,Z3/DA3JHL/ZdvXrlj9P2ShPpxZ4=,S0969ynuc9VvmIeQsmfne9dTwuc=
-41,18,Z3/DA3JHL/ZdvXrlj9P2ShPpxZ4=,S0969ynuc9VvmIeQsmfne9dTwuc=
-41,25,Z3/DA3JHL/ZdvXrlj9P2ShPpxZ4=,S0969ynuc9VvmIeQsmfne9dTwuc=
-39,16,Z3/DA3JHL/ZdvXrlj9P2ShPpxZ4=,S0969ynuc9VvmIeQsmfne9dTwuc=
-38,23,Z3/DA3JHL/ZdvXrlj9P2ShPpxZ4=,S0969ynuc9VvmIeQsmfne9dTwuc=
-43,18,Z3/DA3JHL/ZdvXrlj9P2ShPpxZ4=,S0969ynuc9VvmIeQsmfne9dTwuc=
-40,25,Z3/DA3JHL/ZdvXrlj9P2ShPpxZ4=,S0969ynuc9VvmIeQsmfne9dTwuc=
-39,23,Z3/DA3JHL/ZdvXrlj9P2ShPpxZ4=,S0969ynuc9VvmIeQsmfne9dTwuc=
-43,23,Z3/DA3JHL/ZdvXrlj9P2ShPpxZ4=,S0969ynuc9VvmIeQsmfne9dTwuc=
-44,23,Z3/DA3JHL/ZdvXrlj9P2ShPpxZ4=,S0969ynuc9VvmIeQsmfne9dTwuc=
-45,23,Z3/DA3JHL/ZdvXrlj9P2ShPpxZ4=,S0969ynuc9VvmIeQsmfne9dTwuc=
-46,23,Z3/DA3JHL/ZdvXrlj9P2ShPpxZ4=,S0969ynuc9VvmIeQsmfne9dTwuc=
-47,23,Z3/DA3JHL/ZdvXrlj9P2ShPpxZ4=,S0969ynuc9VvmIeQsmfne9dTwuc=
-48,23,Z3/DA3JHL/ZdvXrlj9P2ShPpxZ4=,S0969ynuc9VvmIeQsmfne9dTwuc=
-33,22,Z3/DA3JHL/ZdvXrlj9P2ShPpxZ4=,S0969ynuc9VvmIeQsmfne9dTwuc=
-34,22,Z3/DA3JHL/ZdvXrlj9P2ShPpxZ4=,S0969ynuc9VvmIeQsmfne9dTwuc=
-35,22,Z3/DA3JHL/ZdvXrlj9P2ShPpxZ4=,S0969ynuc9VvmIeQsmfne9dTwuc=
-36,22,Z3/DA3JHL/ZdvXrlj9P2ShPpxZ4=,S0969ynuc9VvmIeQsmfne9dTwuc=
-37,22,Z3/DA3JHL/ZdvXrlj9P2ShPpxZ4=,S0969ynuc9VvmIeQsmfne9dTwuc=
-38,22,Z3/DA3JHL/ZdvXrlj9P2ShPpxZ4=,S0969ynuc9VvmIeQsmfne9dTwuc=
-42,24,Z3/DA3JHL/ZdvXrlj9P2ShPpxZ4=,S0969ynuc9VvmIeQsmfne9dTwuc=
-41,24,Z3/DA3JHL/ZdvXrlj9P2ShPpxZ4=,S0969ynuc9VvmIeQsmfne9dTwuc=
-42,23,Z3/DA3JHL/ZdvXrlj9P2ShPpxZ4=,S0969ynuc9VvmIeQsmfne9dTwuc=
-42,22,Z3/DA3JHL/ZdvXrlj9P2ShPpxZ4=,S0969ynuc9VvmIeQsmfne9dTwuc=
-44,18,Z3/DA3JHL/ZdvXrlj9P2ShPpxZ4=,S0969ynuc9VvmIeQsmfne9dTwuc=
-43,22,Z3/DA3JHL/ZdvXrlj9P2ShPpxZ4=,S0969ynuc9VvmIeQsmfne9dTwuc=
-44,22,Z3/DA3JHL/ZdvXrlj9P2ShPpxZ4=,S0969ynuc9VvmIeQsmfne9dTwuc=
-40,16,Z3/DA3JHL/ZdvXrlj9P2ShPpxZ4=,S0969ynuc9VvmIeQsmfne9dTwuc=
-45,22,Z3/DA3JHL/ZdvXrlj9P2ShPpxZ4=,S0969ynuc9VvmIeQsmfne9dTwuc=
-46,22,Z3/DA3JHL/ZdvXrlj9P2ShPpxZ4=,S0969ynuc9VvmIeQsmfne9dTwuc=
-47,22,Z3/DA3JHL/ZdvXrlj9P2ShPpxZ4=,S0969ynuc9VvmIeQsmfne9dTwuc=
-48,22,Z3/DA3JHL/ZdvXrlj9P2ShPpxZ4=,S0969ynuc9VvmIeQsmfne9dTwuc=
-33,21,Z3/DA3JHL/ZdvXrlj9P2ShPpxZ4=,S0969ynuc9VvmIeQsmfne9dTwuc=
-34,21,Z3/DA3JHL/ZdvXrlj9P2ShPpxZ4=,S0969ynuc9VvmIeQsmfne9dTwuc=
-35,21,Z3/DA3JHL/ZdvXrlj9P2ShPpxZ4=,S0969ynuc9VvmIeQsmfne9dTwuc=
-36,21,Z3/DA3JHL/ZdvXrlj9P2ShPpxZ4=,S0969ynuc9VvmIeQsmfne9dTwuc=
-40,23,Z3/DA3JHL/ZdvXrlj9P2ShPpxZ4=,S0969ynuc9VvmIeQsmfne9dTwuc=
-39,22,Z3/DA3JHL/ZdvXrlj9P2ShPpxZ4=,S0969ynuc9VvmIeQsmfne9dTwuc=
-37,21,Z3/DA3JHL/ZdvXrlj9P2ShPpxZ4=,S0969ynuc9VvmIeQsmfne9dTwuc=
-41,21,Z3/DA3JHL/ZdvXrlj9P2ShPpxZ4=,S0969ynuc9VvmIeQsmfne9dTwuc=
-42,21,Z3/DA3JHL/ZdvXrlj9P2ShPpxZ4=,S0969ynuc9VvmIeQsmfne9dTwuc=
-41,16,Z3/DA3JHL/ZdvXrlj9P2ShPpxZ4=,S0969ynuc9VvmIeQsmfne9dTwuc=
-43,21,Z3/DA3JHL/ZdvXrlj9P2ShPpxZ4=,S0969ynuc9VvmIeQsmfne9dTwuc=
-45,18,Z3/DA3JHL/ZdvXrlj9P2ShPpxZ4=,S0969ynuc9VvmIeQsmfne9dTwuc=
-44,21,Z3/DA3JHL/ZdvXrlj9P2ShPpxZ4=,S0969ynuc9VvmIeQsmfne9dTwuc=
-45,21,Z3/DA3JHL/ZdvXrlj9P2ShPpxZ4=,S0969ynuc9VvmIeQsmfne9dTwuc=
-46,21,Z3/DA3JHL/ZdvXrlj9P2ShPpxZ4=,S0969ynuc9VvmIeQsmfne9dTwuc=
-47,21,Z3/DA3JHL/ZdvXrlj9P2ShPpxZ4=,S0969ynuc9VvmIeQsmfne9dTwuc=
-48,21,Z3/DA3JHL/ZdvXrlj9P2ShPpxZ4=,S0969ynuc9VvmIeQsmfne9dTwuc=
-33,20,Z3/DA3JHL/ZdvXrlj9P2ShPpxZ4=,S0969ynuc9VvmIeQsmfne9dTwuc=
-42,16,Z3/DA3JHL/ZdvXrlj9P2ShPpxZ4=,S0969ynuc9VvmIeQsmfne9dTwuc=
-34,20,Z3/DA3JHL/ZdvXrlj9P2ShPpxZ4=,S0969ynuc9VvmIeQsmfne9dTwuc=
-35,20,Z3/DA3JHL/ZdvXrlj9P2ShPpxZ4=,S0969ynuc9VvmIeQsmfne9dTwuc=
-38,21,Z3/DA3JHL/ZdvXrlj9P2ShPpxZ4=,S0969ynuc9VvmIeQsmfne9dTwuc=
-36,20,Z3/DA3JHL/ZdvXrlj9P2ShPpxZ4=,S0969ynuc9VvmIeQsmfne9dTwuc=
-38,20,Z3/DA3JHL/ZdvXrlj9P2ShPpxZ4=,S0969ynuc9VvmIeQsmfne9dTwuc=
-37,20,Z3/DA3JHL/ZdvXrlj9P2ShPpxZ4=,S0969ynuc9VvmIeQsmfne9dTwuc=
-41,22,Z3/DA3JHL/ZdvXrlj9P2ShPpxZ4=,S0969ynuc9VvmIeQsmfne9dTwuc=
-41,20,Z3/DA3JHL/ZdvXrlj9P2ShPpxZ4=,S0969ynuc9VvmIeQsmfne9dTwuc=
-42,20,Z3/DA3JHL/ZdvXrlj9P2ShPpxZ4=,S0969ynuc9VvmIeQsmfne9dTwuc=
-43,20,Z3/DA3JHL/ZdvXrlj9P2ShPpxZ4=,S0969ynuc9VvmIeQsmfne9dTwuc=
-43,16,Z3/DA3JHL/ZdvXrlj9P2ShPpxZ4=,S0969ynuc9VvmIeQsmfne9dTwuc=
-44,20,Z3/DA3JHL/ZdvXrlj9P2ShPpxZ4=,S0969ynuc9VvmIeQsmfne9dTwuc=
-46,18,Z3/DA3JHL/ZdvXrlj9P2ShPpxZ4=,S0969ynuc9VvmIeQsmfne9dTwuc=
-45,20,Z3/DA3JHL/ZdvXrlj9P2ShPpxZ4=,S0969ynuc9VvmIeQsmfne9dTwuc=
-46,20,Z3/DA3JHL/ZdvXrlj9P2ShPpxZ4=,S0969ynuc9VvmIeQsmfne9dTwuc=
-47,20,Z3/DA3JHL/ZdvXrlj9P2ShPpxZ4=,S0969ynuc9VvmIeQsmfne9dTwuc=
-48,20,Z3/DA3JHL/ZdvXrlj9P2ShPpxZ4=,S0969ynuc9VvmIeQsmfne9dTwuc=
-33,19,Z3/DA3JHL/ZdvXrlj9P2ShPpxZ4=,S0969ynuc9VvmIeQsmfne9dTwuc=
-40,22,Z3/DA3JHL/ZdvXrlj9P2ShPpxZ4=,S0969ynuc9VvmIeQsmfne9dTwuc=
-47,18,Z3/DA3JHL/ZdvXrlj9P2ShPpxZ4=,S0969ynuc9VvmIeQsmfne9dTwuc=
-34,19,Z3/DA3JHL/ZdvXrlj9P2ShPpxZ4=,S0969ynuc9VvmIeQsmfne9dTwuc=
-35,19,Z3/DA3JHL/ZdvXrlj9P2ShPpxZ4=,S0969ynuc9VvmIeQsmfne9dTwuc=
-37,19,Z3/DA3JHL/ZdvXrlj9P2ShPpxZ4=,S0969ynuc9VvmIeQsmfne9dTwuc=
-36,19,Z3/DA3JHL/ZdvXrlj9P2ShPpxZ4=,S0969ynuc9VvmIeQsmfne9dTwuc=
-38,19,Z3/DA3JHL/ZdvXrlj9P2ShPpxZ4=,S0969ynuc9VvmIeQsmfne9dTwuc=
-41,23,Z3/DA3JHL/ZdvXrlj9P2ShPpxZ4=,S0969ynuc9VvmIeQsmfne9dTwuc=
-39,21,Z3/DA3JHL/ZdvXrlj9P2ShPpxZ4=,S0969ynuc9VvmIeQsmfne9dTwuc=
-42,19,Z3/DA3JHL/ZdvXrlj9P2ShPpxZ4=,S0969ynuc9VvmIeQsmfne9dTwuc=
-43,19,Z3/DA3JHL/ZdvXrlj9P2ShPpxZ4=,S0969ynuc9VvmIeQsmfne9dTwuc=
-44,19,Z3/DA3JHL/ZdvXrlj9P2ShPpxZ4=,S0969ynuc9VvmIeQsmfne9dTwuc=
-44,16,Z3/DA3JHL/ZdvXrlj9P2ShPpxZ4=,S0969ynuc9VvmIeQsmfne9dTwuc=
-45,19,Z3/DA3JHL/ZdvXrlj9P2ShPpxZ4=,S0969ynuc9VvmIeQsmfne9dTwuc=
-48,18,Z3/DA3JHL/ZdvXrlj9P2ShPpxZ4=,S0969ynuc9VvmIeQsmfne9dTwuc=
-46,19,Z3/DA3JHL/ZdvXrlj9P2ShPpxZ4=,S0969ynuc9VvmIeQsmfne9dTwuc=
-47,19,Z3/DA3JHL/ZdvXrlj9P2ShPpxZ4=,S0969ynuc9VvmIeQsmfne9dTwuc=
-48,19,Z3/DA3JHL/ZdvXrlj9P2ShPpxZ4=,S0969ynuc9VvmIeQsmfne9dTwuc=
-33,18,Z3/DA3JHL/ZdvXrlj9P2ShPpxZ4=,S0969ynuc9VvmIeQsmfne9dTwuc=
-39,19,Z3/DA3JHL/ZdvXrlj9P2ShPpxZ4=,S0969ynuc9VvmIeQsmfne9dTwuc=
-39,20,Z3/DA3JHL/ZdvXrlj9P2ShPpxZ4=,S0969ynuc9VvmIeQsmfne9dTwuc=
-41,19,Z3/DA3JHL/ZdvXrlj9P2ShPpxZ4=,S0969ynuc9VvmIeQsmfne9dTwuc=
-40,21,Z3/DA3JHL/ZdvXrlj9P2ShPpxZ4=,S0969ynuc9VvmIeQsmfne9dTwuc=
-40,20,Z3/DA3JHL/ZdvXrlj9P2ShPpxZ4=,S0969ynuc9VvmIeQsmfne9dTwuc=
-40,19,Z3/DA3JHL/ZdvXrlj9P2ShPpxZ4=,S0969ynuc9VvmIeQsmfne9dTwuc=
