15,15,GMvZkxmfS9NT4EOwXqWxl0AA7HE=,bEiEZr7ySDrJkRxm4smTR53W2SY=
11,11,GMvZkxmfS9NT4EOwXqWxl0AA7HE=,bEiEZr7ySDrJkRxm4smTR53W2SY=
10,11,GMvZkxmfS9NT4EOwXqWxl0AA7HE=,bEiEZr7ySDrJkRxm4smTR53W2SY=
12,11,GMvZkxmfS9NT4EOwXqWxl0AA7HE=,bEiEZr7ySDrJkRxm4smTR53W2SY=
10,9,GMvZkxmfS9NT4EOwXqWxl0AA7HE=,bEiEZr7ySDrJkRxm4smTR53W2SY=
7,11,GMvZkxmfS9NT4EOwXqWxl0AA7HE=,bEiEZr7ySDrJkRxm4smTR53W2SY=
9,11,GMvZkxmfS9NT4EOwXqWxl0AA7HE=,bEiEZr7ySDrJkRxm4smTR53W2SY=
8,11,GMvZkxmfS9NT4EOwXqWxl0AA7HE=,bEiEZr7ySDrJkRxm4smTR53W2SY=
6,11,GMvZkxmfS9NT4EOwXqWxl0AA7HE=,bEiEZr7ySDrJkRxm4smTR53W2SY=
5,11,GMvZkxmfS9NT4EOwXqWxl0AA7HE=,bEiEZr7ySDrJkRxm4smTR53W2SY=
15,3,GMvZkxmfS9NT4EOwXqWxl0AA7HE=,bEiEZr7ySDrJkRxm4smTR53W2SY=
11,9,GMvZkxmfS9NT4EOwXqWxl0AA7HE=,bEiEZr7ySDrJkRxm4smTR53W2SY=
9,9,GMvZkxmfS9NT4EOwXqWxl0AA7HE=,bEiEZr7ySDrJkRxm4smTR53W2SY=
13,7,GMvZkxmfS9NT4EOwXqWxl0AA7HE=,bEiEZr7ySDrJkRxm4smTR53W2SY=
11,5,GMvZkxmfS9NT4EOwXqWxl0AA7HE=,bEiEZr7ySDrJkRxm4smTR53W2SY=
12,7,GMvZkxmfS9NT4EOwXqWxl0AA7HE=,bEiEZr7ySDrJkRxm4smTR53W2SY=
15,11,GMvZkxmfS9NT4EOwXqWxl0AA7HE=,bEiEZr7ySDrJkRxm4smTR53W2SY=
3,11,GMvZkxmfS9NT4EOwXqWxl0AA7HE=,bEiEZr7ySDrJkRxm4smTR53W2SY=
4,11,GMvZkxmfS9NT4EOwXqWxl0AA7HE=,bEiEZr7ySDrJkRxm4smTR53W2SY=
2,11,GMvZkxmfS9NT4EOwXqWxl0AA7HE=,bEiEZr7ySDrJkRxm4smTR53W2SY=
1,11,GMvZkxmfS9NT4EOwXqWxl0AA7HE=,bEiEZr7ySDrJkRxm4smTR53W2SY=
11,7,GMvZkxmfS9NT4EOwXqWxl0AA7HE=,bEiEZr7ySDrJkRxm4smTR53W2SY=
10,7,GMvZkxmfS9NT4EOwXqWxl0AA7HE=,bEiEZr7ySDrJkRxm4smTR53W2SY=
0,11,GMvZkxmfS9NT4EOwXqWxl0AA7HE=,bEiEZr7ySDrJkRxm4smTR53W2SY=
14,7,GMvZkxmfS9NT4EOwXqWxl0AA7HE=,bEiEZr7ySDrJkRxm4smTR53W2SY=
8,9,GMvZkxmfS9NT4EOwXqWxl0AA7HE=,bEiEZr7ySDrJkRxm4smTR53W2SY=
9,7,GMvZkxmfS9NT4EOwXqWxl0AA7HE=,bEiEZr7ySDrJkRxm4smTR53W2SY=
14,11,GMvZkxmfS9NT4EOwXqWxl0AA7HE=,bEiEZr7ySDrJkRxm4smTR53W2SY=
8,7,GMvZkxmfS9NT4EOwXqWxl0AA7HE=,bEiEZr7ySDrJkRxm4smTR53W2SY=
15,7,GMvZkxmfS9NT4EOwXqWxl0AA7HE=,bEiEZr7ySDrJkRxm4smTR53W2SY=
3,0,GMvZkxmfS9NT4EOwXqWxl0AA7HE=,bEiEZr7ySDrJkRxm4smTR53W2SY=
7,9,GMvZkxmfS9NT4EOwXqWxl0AA7HE=,bEiEZr7ySDrJkRxm4smTR53W2SY=
10,10,GMvZkxmfS9NT4EOwXqWxl0AA7HE=,bEiEZr7ySDrJkRxm4smTR53W2SY=
9,10,GMvZkxmfS9NT4EOwXqWxl0AA7HE=,bEiEZr7ySDrJkRxm4smTR53W2SY=
8,10,GMvZkxmfS9NT4EOwXqWxl0AA7HE=,bEiEZr7ySDrJkRxm4smTR53W2SY=
7,10,GMvZkxmfS9NT4EOwXqWxl0AA7HE=,bEiEZr7ySDrJkRxm4smTR53W2SY=
6,10,GMvZkxmfS9NT4EOwXqWxl0AA7HE=,bEiEZr7ySDrJkRxm4smTR53W2SY=
5,1,GMvZkxmfS9NT4EOwXqWxl0AA7HE=,bEiEZr7ySDrJkRxm4smTR53W2SY=
11,10,GMvZkxmfS9NT4EOwXqWxl0AA7HE=,bEiEZr7ySDrJkRxm4smTR53W2SY=
13,11,GMvZkxmfS9NT4EOwXqWxl0AA7HE=,bEiEZr7ySDrJkRxm4smTR53W2SY=
5,10,GMvZkxmfS9NT4EOwXqWxl0AA7HE=,bEiEZr7ySDrJkRxm4smTR53W2SY=
10,5,GMvZkxmfS9NT4EOwXqWxl0AA7HE=,bEiEZr7ySDrJkRxm4smTR53W2SY=
2,10,GMvZkxmfS9NT4EOwXqWxl0AA7HE=,bEiEZr7ySDrJkRxm4smTR53W2SY=
7,7,GMvZkxmfS9NT4EOwXqWxl0AA7HE=,bEiEZr7ySDrJkRxm4smTR53W2SY=
1,10,GMvZkxmfS9NT4EOwXqWxl0AA7HE=,bEiEZr7ySDrJkRxm4smTR53W2SY=
0,10,GMvZkxmfS9NT4EOwXqWxl0AA7HE=,bEiEZr7ySDrJkRxm4smTR53W2SY=
12,10,GMvZkxmfS9NT4EOwXqWxl0AA7HE=,bEiEZr7ySDrJkRxm4smTR53W2SY=
14,10,GMvZkxmfS9NT4EOwXqWxl0AA7HE=,bEiEZr7ySDrJkRxm4smTR53W2SY=
15,10,GMvZkxmfS9NT4EOwXqWxl0AA7HE=,bEiEZr7ySDrJkRxm4smTR53W2SY=
3,10,GMvZkxmfS9NT4EOwXqWxl0AA7HE=,bEiEZr7ySDrJkRxm4smTR53W2SY=
4,10,GMvZkxmfS9NT4EOwXqWxl0AA7HE=,bEiEZr7ySDrJkRxm4smTR53W2SY=
4,1,GMvZkxmfS9NT4EOwXqWxl0AA7HE=,bEiEZr7ySDrJkRxm4smTR53W2SY=
2,1,GMvZkxmfS9NT4EOwXqWxl0AA7HE=,bEiEZr7ySDrJkRxm4smTR53W2SY=
3,1,GMvZkxmfS9NT4EOwXqWxl0AA7HE=,bEiEZr7ySDrJkRxm4smTR53W2SY=
1,1,GMvZkxmfS9NT4EOwXqWxl0AA7HE=,bEiEZr7ySDrJkRxm4smTR53W2SY=
14,3,GMvZkxmfS9NT4EOwXqWxl0AA7HE=,bEiEZr7ySDrJkRxm4smTR53W2SY=
9,5,GMvZkxmfS9NT4EOwXqWxl0AA7HE=,bEiEZr7ySDrJkRxm4smTR53W2SY=
6,9,GMvZkxmfS9NT4EOwXqWxl0AA7HE=,bEiEZr7ySDrJkRxm4smTR53W2SY=
6,7,GMvZkxmfS9NT4EOwXqWxl0AA7HE=,bEiEZr7ySDrJkRxm4smTR53W2SY=
8,5,GMvZkxmfS9NT4EOwXqWxl0AA7HE=,bEiEZr7ySDrJkRxm4smTR53W2SY=
5,7,GMvZkxmfS9NT4EOwXqWxl0AA7HE=,bEiEZr7ySDrJkRxm4smTR53W2SY=
7,5,GMvZkxmfS9NT4EOwXqWxl0AA7HE=,bEiEZr7ySDrJkRxm4smTR53W2SY=
15,9,GMvZkxmfS9NT4EOwXqWxl0AA7HE=,bEiEZr7ySDrJkRxm4smTR53W2SY=
12,9,GMvZkxmfS9NT4EOwXqWxl0AA7HE=,bEiEZr7ySDrJkRxm4smTR53W2SY=
0,1,GMvZkxmfS9NT4EOwXqWxl0AA7HE=,bEiEZr7ySDrJkRxm4smTR53W2SY=
14,9,GMvZkxmfS9NT4EOwXqWxl0AA7HE=,bEiEZr7ySDrJkRxm4smTR53W2SY=
2,0,GMvZkxmfS9NT4EOwXqWxl0AA7HE=,bEiEZr7ySDrJkRxm4smTR53W2SY=
4,7,GMvZkxmfS9NT4EOwXqWxl0AA7HE=,bEiEZr7ySDrJkRxm4smTR53W2SY=
4,5,GMvZkxmfS9NT4EOwXqWxl0AA7HE=,bEiEZr7ySDrJkRxm4smTR53W2SY=
13,9,GMvZkxmfS9NT4EOwXqWxl0AA7HE=,bEiEZr7ySDrJkRxm4smTR53W2SY=
6,5,GMvZkxmfS9NT4EOwXqWxl0AA7HE=,bEiEZr7ySDrJkRxm4smTR53W2SY=
2,5,GMvZkxmfS9NT4EOwXqWxl0AA7HE=,bEiEZr7ySDrJkRxm4smTR53W2SY=
14,4,GMvZkxmfS9NT4EOwXqWxl0AA7HE=,bEiEZr7ySDrJkRxm4smTR53W2SY=
15,4,GMvZkxmfS9NT4EOwXqWxl0AA7HE=,bEiEZr7ySDrJkRxm4smTR53W2SY=
3,7,GMvZkxmfS9NT4EOwXqWxl0AA7HE=,bEiEZr7ySDrJkRxm4smTR53W2SY=
13,4,GMvZkxmfS9NT4EOwXqWxl0AA7HE=,bEiEZr7ySDrJkRxm4smTR53W2SY=
11,1,GMvZkxmfS9NT4EOwXqWxl0AA7HE=,bEiEZr7ySDrJkRxm4smTR53W2SY=
12,4,GMvZkxmfS9NT4EOwXqWxl0AA7HE=,bEiEZr7ySDrJkRxm4smTR53W2SY=
11,4,GMvZkxmfS9NT4EOwXqWxl0AA7HE=,bEiEZr7ySDrJkRxm4smTR53W2SY=
10,4,GMvZkxmfS9NT4EOwXqWxl0AA7HE=,bEiEZr7ySDrJkRxm4smTR53W2SY=
9,4,GMvZkxmfS9NT4EOwXqWxl0AA7HE=,bEiEZr7ySDrJkRxm4smTR53W2SY=
3,5,GMvZkxmfS9NT4EOwXqWxl0AA7HE=,bEiEZr7ySDrJkRxm4smTR53W2SY=
8,4,GMvZkxmfS9NT4EOwXqWxl0AA7HE=,bEiEZr7ySDrJkRxm4smTR53W2SY=
1,5,GMvZkxmfS9NT4EOwXqWxl0AA7HE=,bEiEZr7ySDrJkRxm4smTR53W2SY=
7,4,GMvZkxmfS9NT4EOwXqWxl0AA7HE=,bEiEZr7ySDrJkRxm4smTR53W2SY=
0,7,GMvZkxmfS9NT4EOwXqWxl0AA7HE=,bEiEZr7ySDrJkRxm4smTR53W2SY=
9,0,GMvZkxmfS9NT4EOwXqWxl0AA7HE=,bEiEZr7ySDrJkRxm4smTR53W2SY=
2,7,GMvZkxmfS9NT4EOwXqWxl0AA7HE=,bEiEZr7ySDrJkRxm4smTR53W2SY=
0,5,GMvZkxmfS9NT4EOwXqWxl0AA7HE=,bEiEZr7ySDrJkRxm4smTR53W2SY=
5,5,GMvZkxmfS9NT4EOwXqWxl0AA7HE=,bEiEZr7ySDrJkRxm4smTR53W2SY=
15,6,GMvZkxmfS9NT4EOwXqWxl0AA7HE=,bEiEZr7ySDrJkRxm4smTR53W2SY=
10,1,GMvZkxmfS9NT4EOwXqWxl0AA7HE=,bEiEZr7ySDrJkRxm4smTR53W2SY=
1,7,GMvZkxmfS9NT4EOwXqWxl0AA7HE=,bEiEZr7ySDrJkRxm4smTR53W2SY=
6,4,GMvZkxmfS9NT4EOwXqWxl0AA7HE=,bEiEZr7ySDrJkRxm4smTR53W2SY=
1,4,GMvZkxmfS9NT4EOwXqWxl0AA7HE=,bEiEZr7ySDrJkRxm4smTR53W2SY=
8,0,GMvZkxmfS9NT4EOwXqWxl0AA7HE=,bEiEZr7ySDrJkRxm4smTR53W2SY=
13,3,GMvZkxmfS9NT4EOwXqWxl0AA7HE=,bEiEZr7ySDrJkRxm4smTR53W2SY=
4,4,GMvZkxmfS9NT4EOwXqWxl0AA7HE=,bEiEZr7ySDrJkRxm4smTR53W2SY=
12,3,GMvZkxmfS9NT4EOwXqWxl0AA7HE=,bEiEZr7ySDrJkRxm4smTR53W2SY=
14,6,GMvZkxmfS9NT4EOwXqWxl0AA7HE=,bEiEZr7ySDrJkRxm4smTR53W2SY=
7,0,GMvZkxmfS9NT4EOwXqWxl0AA7HE=,bEiEZr7ySDrJkRxm4smTR53W2SY=
1,0,GMvZkxmfS9NT4EOwXqWxl0AA7HE=,bEiEZr7ySDrJkRxm4smTR53W2SY=
15,0,GMvZkxmfS9NT4EOwXqWxl0AA7HE=,bEiEZr7ySDrJkRxm4smTR53W2SY=
6,0,GMvZkxmfS9NT4EOwXqWxl0AA7HE=,bEiEZr7ySDrJkRxm4smTR53W2SY=
5,0,GMvZkxmfS9NT4EOwXqWxl0AA7HE=,bEiEZr7ySDrJkRxm4smTR53W2SY=
4,0,GMvZkxmfS9NT4EOwXqWxl0AA7HE=,bEiEZr7ySDrJkRxm4smTR53W2SY=
13,6,GMvZkxmfS9NT4EOwXqWxl0AA7HE=,bEiEZr7ySDrJkRxm4smTR53W2SY=
11,3,GMvZkxmfS9NT4EOwXqWxl0AA7HE=,bEiEZr7ySDrJkRxm4smTR53W2SY=
12,6,GMvZkxmfS9NT4EOwXqWxl0AA7HE=,bEiEZr7ySDrJkRxm4smTR53W2SY=
10,3,GMvZkxmfS9NT4EOwXqWxl0AA7HE=,bEiEZr7ySDrJkRxm4smTR53W2SY=
9,3,GMvZkxmfS9NT4EOwXqWxl0AA7HE=,bEiEZr7ySDrJkRxm4smTR53W2SY=
8,3,GMvZkxmfS9NT4EOwXqWxl0AA7HE=,bEiEZr7ySDrJkRxm4smTR53W2SY=
7,3,GMvZkxmfS9NT4EOwXqWxl0AA7HE=,bEiEZr7ySDrJkRxm4smTR53W2SY=
6,3,GMvZkxmfS9NT4EOwXqWxl0AA7HE=,bEiEZr7ySDrJkRxm4smTR53W2SY=
2,4,GMvZkxmfS9NT4EOwXqWxl0AA7HE=,bEiEZr7ySDrJkRxm4smTR53W2SY=
11,6,GMvZkxmfS9NT4EOwXqWxl0AA7HE=,bEiEZr7ySDrJkRxm4smTR53W2SY=
10,6,GMvZkxmfS9NT4EOwXqWxl0AA7HE=,bEiEZr7ySDrJkRxm4smTR53W2SY=
0,4,GMvZkxmfS9NT4EOwXqWxl0AA7HE=,bEiEZr7ySDrJkRxm4smTR53W2SY=
3,4,GMvZkxmfS9NT4EOwXqWxl0AA7HE=,bEiEZr7ySDrJkRxm4smTR53W2SY=
9,6,GMvZkxmfS9NT4EOwXqWxl0AA7HE=,bEiEZr7ySDrJkRxm4smTR53W2SY=
5,3,GMvZkxmfS9NT4EOwXqWxl0AA7HE=,bEiEZr7ySDrJkRxm4smTR53W2SY=
13,0,GMvZkxmfS9NT4EOwXqWxl0AA7HE=,bEiEZr7ySDrJkRxm4smTR53W2SY=
9,1,GMvZkxmfS9NT4EOwXqWxl0AA7HE=,bEiEZr7ySDrJkRxm4smTR53W2SY=
8,6,GMvZkxmfS9NT4EOwXqWxl0AA7HE=,bEiEZr7ySDrJkRxm4smTR53W2SY=
14,0,GMvZkxmfS9NT4EOwXqWxl0AA7HE=,bEiEZr7ySDrJkRxm4smTR53W2SY=
2,3,GMvZkxmfS9NT4EOwXqWxl0AA7HE=,bEiEZr7ySDrJkRxm4smTR53W2SY=
3,3,GMvZkxmfS9NT4EOwXqWxl0AA7HE=,bEiEZr7ySDrJkRxm4smTR53W2SY=
6,6,GMvZkxmfS9NT4EOwXqWxl0AA7HE=,bEiEZr7ySDrJkRxm4smTR53W2SY=
4,3,GMvZkxmfS9NT4EOwXqWxl0AA7HE=,bEiEZr7ySDrJkRxm4smTR53W2SY=
13,10,GMvZkxmfS9NT4EOwXqWxl0AA7HE=,bEiEZr7ySDrJkRxm4smTR53W2SY=
1,3,GMvZkxmfS9NT4EOwXqWxl0AA7HE=,bEiEZr7ySDrJkRxm4smTR53W2SY=
15,2,GMvZkxmfS9NT4EOwXqWxl0AA7HE=,bEiEZr7ySDrJkRxm4smTR53W2SY=
0,3,GMvZkxmfS9NT4EOwXqWxl0AA7HE=,bEiEZr7ySDrJkRxm4smTR53W2SY=
5,9,GMvZkxmfS9NT4EOwXqWxl0AA7HE=,bEiEZr7ySDrJkRxm4smTR53W2SY=
4,9,GMvZkxmfS9NT4EOwXqWxl0AA7HE=,bEiEZr7ySDrJkRxm4smTR53W2SY=
5,4,GMvZkxmfS9NT4EOwXqWxl0AA7HE=,bEiEZr7ySDrJkRxm4smTR53W2SY=
5,6,GMvZkxmfS9NT4EOwXqWxl0AA7HE=,bEiEZr7ySDrJkRxm4smTR53W2SY=
7,6,GMvZkxmfS9NT4EOwXqWxl0AA7HE=,bEiEZr7ySDrJkRxm4smTR53W2SY=
2,9,GMvZkxmfS9NT4EOwXqWxl0AA7HE=,bEiEZr7ySDrJkRxm4smTR53W2SY=
4,6,GMvZkxmfS9NT4EOwXqWxl0AA7HE=,bEiEZr7ySDrJkRxm4smTR53W2SY=
1,9,GMvZkxmfS9NT4EOwXqWxl0AA7HE=,bEiEZr7ySDrJkRxm4smTR53W2SY=
3,9,GMvZkxmfS9NT4EOwXqWxl0AA7HE=,bEiEZr7ySDrJkRxm4smTR53W2SY=
13,8,GMvZkxmfS9NT4EOwXqWxl0AA7HE=,bEiEZr7ySDrJkRxm4smTR53W2SY=
0,9,GMvZkxmfS9NT4EOwXqWxl0AA7HE=,bEiEZr7ySDrJkRxm4smTR53W2SY=
9,8,GMvZkxmfS9NT4EOwXqWxl0AA7HE=,bEiEZr7ySDrJkRxm4smTR53W2SY=
10,8,GMvZkxmfS9NT4EOwXqWxl0AA7HE=,bEiEZr7ySDrJkRxm4smTR53W2SY=
3,6,GMvZkxmfS9NT4EOwXqWxl0AA7HE=,bEiEZr7ySDrJkRxm4smTR53W2SY=
12,8,GMvZkxmfS9NT4EOwXqWxl0AA7HE=,bEiEZr7ySDrJkRxm4smTR53W2SY=
11,8,GMvZkxmfS9NT4EOwXqWxl0AA7HE=,bEiEZr7ySDrJkRxm4smTR53W2SY=
14,8,GMvZkxmfS9NT4EOwXqWxl0AA7HE=,bEiEZr7ySDrJkRxm4smTR53W2SY=
8,8,GMvZkxmfS9NT4EOwXqWxl0AA7HE=,bEiEZr7ySDrJkRxm4smTR53W2SY=
4,8,GMvZkxmfS9NT4EOwXqWxl0AA7HE=,bEiEZr7ySDrJkRxm4smTR53W2SY=
7,8,GMvZkxmfS9NT4EOwXqWxl0AA7HE=,bEiEZr7ySDrJkRxm4smTR53W2SY=
5,8,GMvZkxmfS9NT4EOwXqWxl0AA7HE=,bEiEZr7ySDrJkRxm4smTR53W2SY=
6,8,GMvZkxmfS9NT4EOwXqWxl0AA7HE=,bEiEZr7ySDrJkRxm4smTR53W2SY=
0,0,GMvZkxmfS9NT4EOwXqWxl0AA7HE=,bEiEZr7ySDrJkRxm4smTR53W2SY=
1,8,GMvZkxmfS9NT4EOwXqWxl0AA7HE=,bEiEZr7ySDrJkRxm4smTR53W2SY=
8,1,GMvZkxmfS9NT4EOwXqWxl0AA7HE=,bEiEZr7ySDrJkRxm4smTR53W2SY=
14,2,GMvZkxmfS9NT4EOwXqWxl0AA7HE=,bEiEZr7ySDrJkRxm4smTR53W2SY=
13,2,GMvZkxmfS9NT4EOwXqWxl0AA7HE=,bEiEZr7ySDrJkRxm4smTR53W2SY=
12,2,GMvZkxmfS9NT4EOwXqWxl0AA7HE=,bEiEZr7ySDrJkRxm4smTR53W2SY=
11,2,GMvZkxmfS9NT4EOwXqWxl0AA7HE=,bEiEZr7ySDrJkRxm4smTR53W2SY=
2,8,GMvZkxmfS9NT4EOwXqWxl0AA7HE=,bEiEZr7ySDrJkRxm4smTR53W2SY=
12,0,GMvZkxmfS9NT4EOwXqWxl0AA7HE=,bEiEZr7ySDrJkRxm4smTR53W2SY=
10,2,GMvZkxmfS9NT4EOwXqWxl0AA7HE=,bEiEZr7ySDrJkRxm4smTR53W2SY=
7,1,GMvZkxmfS9NT4EOwXqWxl0AA7HE=,bEiEZr7ySDrJkRxm4smTR53W2SY=
9,2,GMvZkxmfS9NT4EOwXqWxl0AA7HE=,bEiEZr7ySDrJkRxm4smTR53W2SY=
15,8,GMvZkxmfS9NT4EOwXqWxl0AA7HE=,bEiEZr7ySDrJkRxm4smTR53W2SY=
8,2,GMvZkxmfS9NT4EOwXqWxl0AA7HE=,bEiEZr7ySDrJkRxm4smTR53W2SY=
7,2,GMvZkxmfS9NT4EOwXqWxl0AA7HE=,bEiEZr7ySDrJkRxm4smTR53W2SY=
0,8,GMvZkxmfS9NT4EOwXqWxl0AA7HE=,bEiEZr7ySDrJkRxm4smTR53W2SY=
6,2,GMvZkxmfS9NT4EOwXqWxl0AA7HE=,bEiEZr7ySDrJkRxm4smTR53W2SY=
15,5,GMvZkxmfS9NT4EOwXqWxl0AA7HE=,bEiEZr7ySDrJkRxm4smTR53W2SY=
5,2,GMvZkxmfS9NT4EOwXqWxl0AA7HE=,bEiEZr7ySDrJkRxm4smTR53W2SY=
11,0,GMvZkxmfS9NT4EOwXqWxl0AA7HE=,bEiEZr7ySDrJkRxm4smTR53W2SY=
3,8,GMvZkxmfS9NT4EOwXqWxl0AA7HE=,bEiEZr7ySDrJkRxm4smTR53W2SY=
2,2,GMvZkxmfS9NT4EOwXqWxl0AA7HE=,bEiEZr7ySDrJkRxm4smTR53W2SY=
10,0,GMvZkxmfS9NT4EOwXqWxl0AA7HE=,bEiEZr7ySDrJkRxm4smTR53W2SY=
6,1,GMvZkxmfS9NT4EOwXqWxl0AA7HE=,bEiEZr7ySDrJkRxm4smTR53W2SY=
14,5,GMvZkxmfS9NT4EOwXqWxl0AA7HE=,bEiEZr7ySDrJkRxm4smTR53W2SY=
13,5,GMvZkxmfS9NT4EOwXqWxl0AA7HE=,bEiEZr7ySDrJkRxm4smTR53W2SY=
1,2,GMvZkxmfS9NT4EOwXqWxl0AA7HE=,bEiEZr7ySDrJkRxm4smTR53W2SY=
0,2,GMvZkxmfS9NT4EOwXqWxl0AA7HE=,bEiEZr7ySDrJkRxm4smTR53W2SY=
15,1,GMvZkxmfS9NT4EOwXqWxl0AA7HE=,bEiEZr7ySDrJkRxm4smTR53W2SY=
14,1,GMvZkxmfS9NT4EOwXqWxl0AA7HE=,bEiEZr7ySDrJkRxm4smTR53W2SY=
13,1,GMvZkxmfS9NT4EOwXqWxl0AA7HE=,bEiEZr7ySDrJkRxm4smTR53W2SY=
12,1,GMvZkxmfS9NT4EOwXqWxl0AA7HE=,bEiEZr7ySDrJkRxm4smTR53W2SY=
12,5,GMvZkxmfS9NT4EOwXqWxl0AA7HE=,bEiEZr7ySDrJkRxm4smTR53W2SY=
0,12,GMvZkxmfS9NT4EOwXqWxl0AA7HE=,bEiEZr7ySDrJkRxm4smTR53W2SY=
1,12,GMvZkxmfS9NT4EOwXqWxl0AA7HE=,bEiEZr7ySDrJkRxm4smTR53W2SY=
2,12,GMvZkxmfS9NT4EOwXqWxl0AA7HE=,bEiEZr7ySDrJkRxm4smTR53W2SY=
3,12,GMvZkxmfS9NT4EOwXqWxl0AA7HE=,bEiEZr7ySDrJkRxm4smTR53W2SY=
4,12,GMvZkxmfS9NT4EOwXqWxl0AA7HE=,bEiEZr7ySDrJkRxm4smTR53W2SY=
5,12,GMvZkxmfS9NT4EOwXqWxl0AA7HE=,bEiEZr7ySDrJkRxm4smTR53W2SY=
6,12,GMvZkxmfS9NT4EOwXqWxl0AA7HE=,bEiEZr7ySDrJkRxm4smTR53W2SY=
8,12,GMvZkxmfS9NT4EOwXqWxl0AA7HE=,bEiEZr7ySDrJkRxm4smTR53W2SY=
4,2,GMvZkxmfS9NT4EOwXqWxl0AA7HE=,bEiEZr7ySDrJkRxm4smTR53W2SY=
9,12,GMvZkxmfS9NT4EOwXqWxl0AA7HE=,bEiEZr7ySDrJkRxm4smTR53W2SY=
7,12,GMvZkxmfS9NT4EOwXqWxl0AA7HE=,bEiEZr7ySDrJkRxm4smTR53W2SY=
11,12,GMvZkxmfS9NT4EOwXqWxl0AA7HE=,bEiEZr7ySDrJkRxm4smTR53W2SY=
12,12,GMvZkxmfS9NT4EOwXqWxl0AA7HE=,bEiEZr7ySDrJkRxm4smTR53W2SY=
10,12,GMvZkxmfS9NT4EOwXqWxl0AA7HE=,bEiEZr7ySDrJkRxm4smTR53W2SY=
0,13,GMvZkxmfS9NT4EOwXqWxl0AA7HE=,bEiEZr7ySDrJkRxm4smTR53W2SY=
1,13,GMvZkxmfS9NT4EOwXqWxl0AA7HE=,bEiEZr7ySDrJkRxm4smTR53W2SY=
1,6,GMvZkxmfS9NT4EOwXqWxl0AA7HE=,bEiEZr7ySDrJkRxm4smTR53W2SY=
2,13,GMvZkxmfS9NT4EOwXqWxl0AA7HE=,bEiEZr7ySDrJkRxm4smTR53W2SY=
4,13,GMvZkxmfS9NT4EOwXqWxl0AA7HE=,bEiEZr7ySDrJkRxm4smTR53W2SY=
3,13,GMvZkxmfS9NT4EOwXqWxl0AA7HE=,bEiEZr7ySDrJkRxm4smTR53W2SY=
5,13,GMvZkxmfS9NT4EOwXqWxl0AA7HE=,bEiEZr7ySDrJkRxm4smTR53W2SY=
6,13,GMvZkxmfS9NT4EOwXqWxl0AA7HE=,bEiEZr7ySDrJkRxm4smTR53W2SY=
13,12,GMvZkxmfS9NT4EOwXqWxl0AA7HE=,bEiEZr7ySDrJkRxm4smTR53W2SY=
7,13,GMvZkxmfS9NT4EOwXqWxl0AA7HE=,bEiEZr7ySDrJkRxm4smTR53W2SY=
2,6,GMvZkxmfS9NT4EOwXqWxl0AA7HE=,bEiEZr7ySDrJkRxm4smTR53W2SY=
8,13,GMvZkxmfS9NT4EOwXqWxl0AA7HE=,bEiEZr7ySDrJkRxm4smTR53W2SY=
10,13,GMvZkxmfS9NT4EOwXqWxl0AA7HE=,bEiEZr7ySDrJkRxm4smTR53W2SY=
9,13,GMvZkxmfS9NT4EOwXqWxl0AA7HE=,bEiEZr7ySDrJkRxm4smTR53W2SY=
11,13,GMvZkxmfS9NT4EOwXqWxl0AA7HE=,bEiEZr7ySDrJkRxm4smTR53W2SY=
13,13,GMvZkxmfS9NT4EOwXqWxl0AA7HE=,bEiEZr7ySDrJkRxm4smTR53W2SY=
12,13,GMvZkxmfS9NT4EOwXqWxl0AA7HE=,bEiEZr7ySDrJkRxm4smTR53W2SY=
14,13,GMvZkxmfS9NT4EOwXqWxl0AA7HE=,bEiEZr7ySDrJkRxm4smTR53W2SY=
15,13,GMvZkxmfS9NT4EOwXqWxl0AA7HE=,bEiEZr7ySDrJkRxm4smTR53W2SY=
0,14,GMvZkxmfS9NT4EOwXqWxl0AA7HE=,bEiEZr7ySDrJkRxm4smTR53W2SY=
2,14,GMvZkxmfS9NT4EOwXqWxl0AA7HE=,bEiEZr7ySDrJkRxm4smTR53W2SY=
3,14,GMvZkxmfS9NT4EOwXqWxl0AA7HE=,bEiEZr7ySDrJkRxm4smTR53W2SY=
4,14,GMvZkxmfS9NT4EOwXqWxl0AA7HE=,bEiEZr7ySDrJkRxm4smTR53W2SY=
1,14,GMvZkxmfS9NT4EOwXqWxl0AA7HE=,bEiEZr7ySDrJkRxm4smTR53W2SY=
5,14,GMvZkxmfS9NT4EOwXqWxl0AA7HE=,bEiEZr7ySDrJkRxm4smTR53W2SY=
6,14,GMvZkxmfS9NT4EOwXqWxl0AA7HE=,bEiEZr7ySDrJkRxm4smTR53W2SY=
7,14,GMvZkxmfS9NT4EOwXqWxl0AA7HE=,bEiEZr7ySDrJkRxm4smTR53W2SY=
8,14,GMvZkxmfS9NT4EOwXqWxl0AA7HE=,bEiEZr7ySDrJkRxm4smTR53W2SY=
9,14,GMvZkxmfS9NT4EOwXqWxl0AA7HE=,bEiEZr7ySDrJkRxm4smTR53W2SY=
11,14,GMvZkxmfS9NT4EOwXqWxl0AA7HE=,bEiEZr7ySDrJkRxm4smTR53W2SY=
10,14,GMvZkxmfS9NT4EOwXqWxl0AA7HE=,bEiEZr7ySDrJkRxm4smTR53W2SY=
12,14,GMvZkxmfS9NT4EOwXqWxl0AA7HE=,bEiEZr7ySDrJkRxm4smTR53W2SY=
13,14,GMvZkxmfS9NT4EOwXqWxl0AA7HE=,bEiEZr7ySDrJkRxm4smTR53W2SY=
14,14,GMvZkxmfS9NT4EOwXqWxl0AA7HE=,bEiEZr7ySDrJkRxm4smTR53W2SY=
15,14,GMvZkxmfS9NT4EOwXqWxl0AA7HE=,bEiEZr7ySDrJkRxm4smTR53W2SY=
0,15,GMvZkxmfS9NT4EOwXqWxl0AA7HE=,bEiEZr7ySDrJkRxm4smTR53W2SY=
1,15,GMvZkxmfS9NT4EOwXqWxl0AA7HE=,bEiEZr7ySDrJkRxm4smTR53W2SY=
2,15,GMvZkxmfS9NT4EOwXqWxl0AA7HE=,bEiEZr7ySDrJkRxm4smTR53W2SY=
3,15,GMvZkxmfS9NT4EOwXqWxl0AA7HE=,bEiEZr7ySDrJkRxm4smTR53W2SY=
4,15,GMvZkxmfS9NT4EOwXqWxl0AA7HE=,bEiEZr7ySDrJkRxm4smTR53W2SY=
5,15,GMvZkxmfS9NT4EOwXqWxl0AA7HE=,bEiEZr7ySDrJkRxm4smTR53W2SY=
6,15,GMvZkxmfS9NT4EOwXqWxl0AA7HE=,bEiEZr7ySDrJkRxm4smTR53W2SY=
0,6,GMvZkxmfS9NT4EOwXqWxl0AA7HE=,bEiEZr7ySDrJkRxm4smTR53W2SY=
7,15,GMvZkxmfS9NT4EOwXqWxl0AA7HE=,bEiEZr7ySDrJkRxm4smTR53W2SY=
8,15,GMvZkxmfS9NT4EOwXqWxl0AA7HE=,bEiEZr7ySDrJkRxm4smTR53W2SY=
10,15,GMvZkxmfS9NT4EOwXqWxl0AA7HE=,bEiEZr7ySDrJkRxm4smTR53W2SY=
11,15,GMvZkxmfS9NT4EOwXqWxl0AA7HE=,bEiEZr7ySDrJkRxm4smTR53W2SY=
9,15,GMvZkxmfS9NT4EOwXqWxl0AA7HE=,bEiEZr7ySDrJkRxm4smTR53W2SY=
12,15,GMvZkxmfS9NT4EOwXqWxl0AA7HE=,bEiEZr7ySDrJkRxm4smTR53W2SY=
13,15,GMvZkxmfS9NT4EOwXqWxl0AA7HE=,bEiEZr7ySDrJkRxm4smTR53W2SY=
14,15,GMvZkxmfS9NT4EOwXqWxl0AA7HE=,bEiEZr7ySDrJkRxm4smTR53W2SY=
14,12,GMvZkxmfS9NT4EOwXqWxl0AA7HE=,bEiEZr7ySDrJkRxm4smTR53W2SY=
3,2,GMvZkxmfS9NT4EOwXqWxl0AA7HE=,bEiEZr7ySDrJkRxm4smTR53W2SY=
15,12,GMvZkxmfS9NT4EOwXqWxl0AA7HE=,bEiEZr7ySDrJkRxm4smTR53W2SY=
31,17,5c1N4/I2B3/52B/Agd+aY61JmRg=,92VxwaTQfwEcmRcuSC2SvFcF1EU=
31,31,5c1N4/I2B3/52B/Agd+aY61JmRg=,92VxwaTQfwEcmRcuSC2SvFcF1EU=
30,31,5c1N4/I2B3/52B/Agd+aY61JmRg=,92VxwaTQfwEcmRcuSC2SvFcF1EU=
29,31,5c1N4/I2B3/52B/Agd+aY61JmRg=,92VxwaTQfwEcmRcuSC2SvFcF1EU=
28,31,5c1N4/I2B3/52B/Agd+aY61JmRg=,92VxwaTQfwEcmRcuSC2SvFcF1EU=
27,31,5c1N4/I2B3/52B/Agd+aY61JmRg=,92VxwaTQfwEcmRcuSC2SvFcF1EU=
26,31,5c1N4/I2B3/52B/Agd+aY61JmRg=,92VxwaTQfwEcmRcuSC2SvFcF1EU=
29,18,5c1N4/I2B3/52B/Agd+aY61JmRg=,92VxwaTQfwEcmRcuSC2SvFcF1EU=
16,16,5c1N4/I2B3/52B/Agd+aY61JmRg=,92VxwaTQfwEcmRcuSC2SvFcF1EU=
25,31,5c1N4/I2B3/52B/Agd+aY61JmRg=,92VxwaTQfwEcmRcuSC2SvFcF1EU=
24,31,5c1N4/I2B3/52B/Agd+aY61JmRg=,92VxwaTQfwEcmRcuSC2SvFcF1EU=
23,31,5c1N4/I2B3/52B/Agd+aY61JmRg=,92VxwaTQfwEcmRcuSC2SvFcF1EU=
22,31,5c1N4/I2B3/52B/Agd+aY61JmRg=,92VxwaTQfwEcmRcuSC2SvFcF1EU=
21,31,5c1N4/I2B3/52B/Agd+aY61JmRg=,92VxwaTQfwEcmRcuSC2SvFcF1EU=
28,18,5c1N4/I2B3/52B/Agd+aY61JmRg=,92VxwaTQfwEcmRcuSC2SvFcF1EU=
19,31,5c1N4/I2B3/52B/Agd+aY61JmRg=,92VxwaTQfwEcmRcuSC2SvFcF1EU=
17,17,5c1N4/I2B3/52B/Agd+aY61JmRg=,92VxwaTQfwEcmRcuSC2SvFcF1EU=
20,31,5c1N4/I2B3/52B/Agd+aY61JmRg=,92VxwaTQfwEcmRcuSC2SvFcF1EU=
30,17,5c1N4/I2B3/52B/Agd+aY61JmRg=,92VxwaTQfwEcmRcuSC2SvFcF1EU=
18,31,5c1N4/I2B3/52B/Agd+aY61JmRg=,92VxwaTQfwEcmRcuSC2SvFcF1EU=
27,18,5c1N4/I2B3/52B/Agd+aY61JmRg=,92VxwaTQfwEcmRcuSC2SvFcF1EU=
25,18,5c1N4/I2B3/52B/Agd+aY61JmRg=,92VxwaTQfwEcmRcuSC2SvFcF1EU=
24,18,5c1N4/I2B3/52B/Agd+aY61JmRg=,92VxwaTQfwEcmRcuSC2SvFcF1EU=
26,18,5c1N4/I2B3/52B/Agd+aY61JmRg=,92VxwaTQfwEcmRcuSC2SvFcF1EU=
23,18,5c1N4/I2B3/52B/Agd+aY61JmRg=,92VxwaTQfwEcmRcuSC2SvFcF1EU=
18,17,5c1N4/I2B3/52B/Agd+aY61JmRg=,92VxwaTQfwEcmRcuSC2SvFcF1EU=
18,18,5c1N4/I2B3/52B/Agd+aY61JmRg=,92VxwaTQfwEcmRcuSC2SvFcF1EU=
17,18,5c1N4/I2B3/52B/Agd+aY61JmRg=,92VxwaTQfwEcmRcuSC2SvFcF1EU=
16,18,5c1N4/I2B3/52B/Agd+aY61JmRg=,92VxwaTQfwEcmRcuSC2SvFcF1EU=
20,18,5c1N4/I2B3/52B/Agd+aY61JmRg=,92VxwaTQfwEcmRcuSC2SvFcF1EU=
27,19,5c1N4/I2B3/52B/Agd+aY61JmRg=,92VxwaTQfwEcmRcuSC2SvFcF1EU=
17,31,5c1N4/I2B3/52B/Agd+aY61JmRg=,92VxwaTQfwEcmRcuSC2SvFcF1EU=
16,31,5c1N4/I2B3/52B/Agd+aY61JmRg=,92VxwaTQfwEcmRcuSC2SvFcF1EU=
31,30,5c1N4/I2B3/52B/Agd+aY61JmRg=,92VxwaTQfwEcmRcuSC2SvFcF1EU=
26,19,5c1N4/I2B3/52B/Agd+aY61JmRg=,92VxwaTQfwEcmRcuSC2SvFcF1EU=
30,30,5c1N4/I2B3/52B/Agd+aY61JmRg=,92VxwaTQfwEcmRcuSC2SvFcF1EU=
29,30,5c1N4/I2B3/52B/Agd+aY61JmRg=,92VxwaTQfwEcmRcuSC2SvFcF1EU=
28,30,5c1N4/I2B3/52B/Agd+aY61JmRg=,92VxwaTQfwEcmRcuSC2SvFcF1EU=
27,30,5c1N4/I2B3/52B/Agd+aY61JmRg=,92VxwaTQfwEcmRcuSC2SvFcF1EU=
26,30,5c1N4/I2B3/52B/Agd+aY61JmRg=,92VxwaTQfwEcmRcuSC2SvFcF1EU=
22,18,5c1N4/I2B3/52B/Agd+aY61JmRg=,92VxwaTQfwEcmRcuSC2SvFcF1EU=
25,30,5c1N4/I2B3/52B/Agd+aY61JmRg=,92VxwaTQfwEcmRcuSC2SvFcF1EU=
23,30,5c1N4/I2B3/52B/Agd+aY61JmRg=,92VxwaTQfwEcmRcuSC2SvFcF1EU=
24,30,5c1N4/I2B3/52B/Agd+aY61JmRg=,92VxwaTQfwEcmRcuSC2SvFcF1EU=
22,30,5c1N4/I2B3/52B/Agd+aY61JmRg=,92VxwaTQfwEcmRcuSC2SvFcF1EU=
21,30,5c1N4/I2B3/52B/Agd+aY61JmRg=,92VxwaTQfwEcmRcuSC2SvFcF1EU=
20,30,5c1N4/I2B3/52B/Agd+aY61JmRg=,92VxwaTQfwEcmRcuSC2SvFcF1EU=
18,30,5c1N4/I2B3/52B/Agd+aY61JmRg=,92VxwaTQfwEcmRcuSC2SvFcF1EU=
16,17,5c1N4/I2B3/52B/Agd+aY61JmRg=,92VxwaTQfwEcmRcuSC2SvFcF1EU=
25,19,5c1N4/I2B3/52B/Agd+aY61JmRg=,92VxwaTQfwEcmRcuSC2SvFcF1EU=
19,30,5c1N4/I2B3/52B/Agd+aY61JmRg=,92VxwaTQfwEcmRcuSC2SvFcF1EU=
17,30,5c1N4/I2B3/52B/Agd+aY61JmRg=,92VxwaTQfwEcmRcuSC2SvFcF1EU=
16,30,5c1N4/I2B3/52B/Agd+aY61JmRg=,92VxwaTQfwEcmRcuSC2SvFcF1EU=
31,29,5c1N4/I2B3/52B/Agd+aY61JmRg=,92VxwaTQfwEcmRcuSC2SvFcF1EU=
30,29,5c1N4/I2B3/52B/Agd+aY61JmRg=,92VxwaTQfwEcmRcuSC2SvFcF1EU=
29,29,5c1N4/I2B3/52B/Agd+aY61JmRg=,92VxwaTQfwEcmRcuSC2SvFcF1EU=
19,16,5c1N4/I2B3/52B/Agd+aY61JmRg=,92VxwaTQfwEcmRcuSC2SvFcF1EU=
28,29,5c1N4/I2B3/52B/Agd+aY61JmRg=,92VxwaTQfwEcmRcuSC2SvFcF1EU=
27,29,5c1N4/I2B3/52B/Agd+aY61JmRg=,92VxwaTQfwEcmRcuSC2SvFcF1EU=
25,29,5c1N4/I2B3/52B/Agd+aY61JmRg=,92VxwaTQfwEcmRcuSC2SvFcF1EU=
24,29,5c1N4/I2B3/52B/Agd+aY61JmRg=,92VxwaTQfwEcmRcuSC2SvFcF1EU=
26,29,5c1N4/I2B3/52B/Agd+aY61JmRg=,92VxwaTQfwEcmRcuSC2SvFcF1EU=
23,29,5c1N4/I2B3/52B/Agd+aY61JmRg=,92VxwaTQfwEcmRcuSC2SvFcF1EU=
22,29,5c1N4/I2B3/52B/Agd+aY61JmRg=,92VxwaTQfwEcmRcuSC2SvFcF1EU=
21,29,5c1N4/I2B3/52B/Agd+aY61JmRg=,92VxwaTQfwEcmRcuSC2SvFcF1EU=
20,29,5c1N4/I2B3/52B/Agd+aY61JmRg=,92VxwaTQfwEcmRcuSC2SvFcF1EU=
19,29,5c1N4/I2B3/52B/Agd+aY61JmRg=,92VxwaTQfwEcmRcuSC2SvFcF1EU=
18,29,5c1N4/I2B3/52B/Agd+aY61JmRg=,92VxwaTQfwEcmRcuSC2SvFcF1EU=
31,16,5c1N4/I2B3/52B/Agd+aY61JmRg=,92VxwaTQfwEcmRcuSC2SvFcF1EU=
24,19,5c1N4/I2B3/52B/Agd+aY61JmRg=,92VxwaTQfwEcmRcuSC2SvFcF1EU=
16,29,5c1N4/I2B3/52B/Agd+aY61JmRg=,92VxwaTQfwEcmRcuSC2SvFcF1EU=
17,29,5c1N4/I2B3/52B/Agd+aY61JmRg=,92VxwaTQfwEcmRcuSC2SvFcF1EU=
31,28,5c1N4/I2B3/52B/Agd+aY61JmRg=,92VxwaTQfwEcmRcuSC2SvFcF1EU=
30,28,5c1N4/I2B3/52B/Agd+aY61JmRg=,92VxwaTQfwEcmRcuSC2SvFcF1EU=
29,28,5c1N4/I2B3/52B/Agd+aY61JmRg=,92VxwaTQfwEcmRcuSC2SvFcF1EU=
28,28,5c1N4/I2B3/52B/Agd+aY61JmRg=,92VxwaTQfwEcmRcuSC2SvFcF1EU=
27,28,5c1N4/I2B3/52B/Agd+aY61JmRg=,92VxwaTQfwEcmRcuSC2SvFcF1EU=
25,28,5c1N4/I2B3/52B/Agd+aY61JmRg=,92VxwaTQfwEcmRcuSC2SvFcF1EU=
26,28,5c1N4/I2B3/52B/Agd+aY61JmRg=,92VxwaTQfwEcmRcuSC2SvFcF1EU=
24,28,5c1N4/I2B3/52B/Agd+aY61JmRg=,92VxwaTQfwEcmRcuSC2SvFcF1EU=
23,28,5c1N4/I2B3/52B/Agd+aY61JmRg=,92VxwaTQfwEcmRcuSC2SvFcF1EU=
22,28,5c1N4/I2B3/52B/Agd+aY61JmRg=,92VxwaTQfwEcmRcuSC2SvFcF1EU=
20,28,5c1N4/I2B3/52B/Agd+aY61JmRg=,92VxwaTQfwEcmRcuSC2SvFcF1EU=
19,28,5c1N4/I2B3/52B/Agd+aY61JmRg=,92VxwaTQfwEcmRcuSC2SvFcF1EU=
18,28,5c1N4/I2B3/52B/Agd+aY61JmRg=,92VxwaTQfwEcmRcuSC2SvFcF1EU=
30,16,5c1N4/I2B3/52B/Agd+aY61JmRg=,92VxwaTQfwEcmRcuSC2SvFcF1EU=
17,28,5c1N4/I2B3/52B/Agd+aY61JmRg=,92VxwaTQfwEcmRcuSC2SvFcF1EU=
16,28,5c1N4/I2B3/52B/Agd+aY61JmRg=,92VxwaTQfwEcmRcuSC2SvFcF1EU=
31,27,5c1N4/I2B3/52B/Agd+aY61JmRg=,92VxwaTQfwEcmRcuSC2SvFcF1EU=
30,27,5c1N4/I2B3/52B/Agd+aY61JmRg=,92VxwaTQfwEcmRcuSC2SvFcF1EU=
29,27,5c1N4/I2B3/52B/Agd+aY61JmRg=,92VxwaTQfwEcmRcuSC2SvFcF1EU=
28,27,5c1N4/I2B3/52B/Agd+aY61JmRg=,92VxwaTQfwEcmRcuSC2SvFcF1EU=
27,27,5c1N4/I2B3/52B/Agd+aY61JmRg=,92VxwaTQfwEcmRcuSC2SvFcF1EU=
26,27,5c1N4/I2B3/52B/Agd+aY61JmRg=,92VxwaTQfwEcmRcuSC2SvFcF1EU=
25,27,5c1N4/I2B3/52B/Agd+aY61JmRg=,92VxwaTQfwEcmRcuSC2SvFcF1EU=
23,27,5c1N4/I2B3/52B/Agd+aY61JmRg=,92VxwaTQfwEcmRcuSC2SvFcF1EU=
24,27,5c1N4/I2B3/52B/Agd+aY61JmRg=,92VxwaTQfwEcmRcuSC2SvFcF1EU=
22,27,5c1N4/I2B3/52B/Agd+aY61JmRg=,92VxwaTQfwEcmRcuSC2SvFcF1EU=
21,27,5c1N4/I2B3/52B/Agd+aY61JmRg=,92VxwaTQfwEcmRcuSC2SvFcF1EU=
20,27,5c1N4/I2B3/52B/Agd+aY61JmRg=,92VxwaTQfwEcmRcuSC2SvFcF1EU=
19,27,5c1N4/I2B3/52B/Agd+aY61JmRg=,92VxwaTQfwEcmRcuSC2SvFcF1EU=
18,27,5c1N4/I2B3/52B/Agd+aY61JmRg=,92VxwaTQfwEcmRcuSC2SvFcF1EU=
17,27,5c1N4/I2B3/52B/Agd+aY61JmRg=,92VxwaTQfwEcmRcuSC2SvFcF1EU=
29,16,5c1N4/I2B3/52B/Agd+aY61JmRg=,92VxwaTQfwEcmRcuSC2SvFcF1EU=
21,28,5c1N4/I2B3/52B/Agd+aY61JmRg=,92VxwaTQfwEcmRcuSC2SvFcF1EU=
16,27,5c1N4/I2B3/52B/Agd+aY61JmRg=,92VxwaTQfwEcmRcuSC2SvFcF1EU=
31,26,5c1N4/I2B3/52B/Agd+aY61JmRg=,92VxwaTQfwEcmRcuSC2SvFcF1EU=
30,26,5c1N4/I2B3/52B/Agd+aY61JmRg=,92VxwaTQfwEcmRcuSC2SvFcF1EU=
29,26,5c1N4/I2B3/52B/Agd+aY61JmRg=,92VxwaTQfwEcmRcuSC2SvFcF1EU=
28,26,5c1N4/I2B3/52B/Agd+aY61JmRg=,92VxwaTQfwEcmRcuSC2SvFcF1EU=
27,26,5c1N4/I2B3/52B/Agd+aY61JmRg=,92VxwaTQfwEcmRcuSC2SvFcF1EU=
26,26,5c1N4/I2B3/52B/Agd+aY61JmRg=,92VxwaTQfwEcmRcuSC2SvFcF1EU=
25,26,5c1N4/I2B3/52B/Agd+aY61JmRg=,92VxwaTQfwEcmRcuSC2SvFcF1EU=
24,26,5c1N4/I2B3/52B/Agd+aY61JmRg=,92VxwaTQfwEcmRcuSC2SvFcF1EU=
23,26,5c1N4/I2B3/52B/Agd+aY61JmRg=,92VxwaTQfwEcmRcuSC2SvFcF1EU=
22,26,5c1N4/I2B3/52B/Agd+aY61JmRg=,92VxwaTQfwEcmRcuSC2SvFcF1EU=
21,26,5c1N4/I2B3/52B/Agd+aY61JmRg=,92VxwaTQfwEcmRcuSC2SvFcF1EU=
20,26,5c1N4/I2B3/52B/Agd+aY61JmRg=,92VxwaTQfwEcmRcuSC2SvFcF1EU=
19,26,5c1N4/I2B3/52B/Agd+aY61JmRg=,92VxwaTQfwEcmRcuSC2SvFcF1EU=
18,26,5c1N4/I2B3/52B/Agd+aY61JmRg=,92VxwaTQfwEcmRcuSC2SvFcF1EU=
17,26,5c1N4/I2B3/52B/Agd+aY61JmRg=,92VxwaTQfwEcmRcuSC2SvFcF1EU=
19,18,5c1N4/I2B3/52B/Agd+aY61JmRg=,92VxwaTQfwEcmRcuSC2SvFcF1EU=
28,16,5c1N4/I2B3/52B/Agd+aY61JmRg=,92VxwaTQfwEcmRcuSC2SvFcF1EU=
16,26,5c1N4/I2B3/52B/Agd+aY61JmRg=,92VxwaTQfwEcmRcuSC2SvFcF1EU=
31,25,5c1N4/I2B3/52B/Agd+aY61JmRg=,92VxwaTQfwEcmRcuSC2SvFcF1EU=
30,25,5c1N4/I2B3/52B/Agd+aY61JmRg=,92VxwaTQfwEcmRcuSC2SvFcF1EU=
29,25,5c1N4/I2B3/52B/Agd+aY61JmRg=,92VxwaTQfwEcmRcuSC2SvFcF1EU=
28,25,5c1N4/I2B3/52B/Agd+aY61JmRg=,92VxwaTQfwEcmRcuSC2SvFcF1EU=
27,25,5c1N4/I2B3/52B/Agd+aY61JmRg=,92VxwaTQfwEcmRcuSC2SvFcF1EU=
25,25,5c1N4/I2B3/52B/Agd+aY61JmRg=,92VxwaTQfwEcmRcuSC2SvFcF1EU=
26,25,5c1N4/I2B3/52B/Agd+aY61JmRg=,92VxwaTQfwEcmRcuSC2SvFcF1EU=
24,25,5c1N4/I2B3/52B/Agd+aY61JmRg=,92VxwaTQfwEcmRcuSC2SvFcF1EU=
23,25,5c1N4/I2B3/52B/Agd+aY61JmRg=,92VxwaTQfwEcmRcuSC2SvFcF1EU=
22,25,5c1N4/I2B3/52B/Agd+aY61JmRg=,92VxwaTQfwEcmRcuSC2SvFcF1EU=
21,25,5c1N4/I2B3/52B/Agd+aY61JmRg=,92VxwaTQfwEcmRcuSC2SvFcF1EU=
20,25,5c1N4/I2B3/52B/Agd+aY61JmRg=,92VxwaTQfwEcmRcuSC2SvFcF1EU=
19,25,5c1N4/I2B3/52B/Agd+aY61JmRg=,92VxwaTQfwEcmRcuSC2SvFcF1EU=
18,25,5c1N4/I2B3/52B/Agd+aY61JmRg=,92VxwaTQfwEcmRcuSC2SvFcF1EU=
17,25,5c1N4/I2B3/52B/Agd+aY61JmRg=,92VxwaTQfwEcmRcuSC2SvFcF1EU=
27,16,5c1N4/I2B3/52B/Agd+aY61JmRg=,92VxwaTQfwEcmRcuSC2SvFcF1EU=
16,25,5c1N4/I2B3/52B/Agd+aY61JmRg=,92VxwaTQfwEcmRcuSC2SvFcF1EU=
31,24,5c1N4/I2B3/52B/Agd+aY61JmRg=,92VxwaTQfwEcmRcuSC2SvFcF1EU=
30,24,5c1N4/I2B3/52B/Agd+aY61JmRg=,92VxwaTQfwEcmRcuSC2SvFcF1EU=
29,24,5c1N4/I2B3/52B/Agd+aY61JmRg=,92VxwaTQfwEcmRcuSC2SvFcF1EU=
23,19,5c1N4/I2B3/52B/Agd+aY61JmRg=,92VxwaTQfwEcmRcuSC2SvFcF1EU=
19,17,5c1N4/I2B3/52B/Agd+aY61JmRg=,92VxwaTQfwEcmRcuSC2SvFcF1EU=
28,24,5c1N4/I2B3/52B/Agd+aY61JmRg=,92VxwaTQfwEcmRcuSC2SvFcF1EU=
27,24,5c1N4/I2B3/52B/Agd+aY61JmRg=,92VxwaTQfwEcmRcuSC2SvFcF1EU=
26,24,5c1N4/I2B3/52B/Agd+aY61JmRg=,92VxwaTQfwEcmRcuSC2SvFcF1EU=
25,24,5c1N4/I2B3/52B/Agd+aY61JmRg=,92VxwaTQfwEcmRcuSC2SvFcF1EU=
24,24,5c1N4/I2B3/52B/Agd+aY61JmRg=,92VxwaTQfwEcmRcuSC2SvFcF1EU=
23,24,5c1N4/I2B3/52B/Agd+aY61JmRg=,92VxwaTQfwEcmRcuSC2SvFcF1EU=
22,24,5c1N4/I2B3/52B/Agd+aY61JmRg=,92VxwaTQfwEcmRcuSC2SvFcF1EU=
21,24,5c1N4/I2B3/52B/Agd+aY61JmRg=,92VxwaTQfwEcmRcuSC2SvFcF1EU=
20,24,5c1N4/I2B3/52B/Agd+aY61JmRg=,92VxwaTQfwEcmRcuSC2SvFcF1EU=
19,24,5c1N4/I2B3/52B/Agd+aY61JmRg=,92VxwaTQfwEcmRcuSC2SvFcF1EU=
18,24,5c1N4/I2B3/52B/Agd+aY61JmRg=,92VxwaTQfwEcmRcuSC2SvFcF1EU=
17,24,5c1N4/I2B3/52B/Agd+aY61JmRg=,92VxwaTQfwEcmRcuSC2SvFcF1EU=
26,16,5c1N4/I2B3/52B/Agd+aY61JmRg=,92VxwaTQfwEcmRcuSC2SvFcF1EU=
25,16,5c1N4/I2B3/52B/Agd+aY61JmRg=,92VxwaTQfwEcmRcuSC2SvFcF1EU=
21,18,5c1N4/I2B3/52B/Agd+aY61JmRg=,92VxwaTQfwEcmRcuSC2SvFcF1EU=
16,24,5c1N4/I2B3/52B/Agd+aY61JmRg=,92VxwaTQfwEcmRcuSC2SvFcF1EU=
30,23,5c1N4/I2B3/52B/Agd+aY61JmRg=,92VxwaTQfwEcmRcuSC2SvFcF1EU=
31,23,5c1N4/I2B3/52B/Agd+aY61JmRg=,92VxwaTQfwEcmRcuSC2SvFcF1EU=
29,23,5c1N4/I2B3/52B/Agd+aY61JmRg=,92VxwaTQfwEcmRcuSC2SvFcF1EU=
28,23,5c1N4/I2B3/52B/Agd+aY61JmRg=,92VxwaTQfwEcmRcuSC2SvFcF1EU=
27,23,5c1N4/I2B3/52B/Agd+aY61JmRg=,92VxwaTQfwEcmRcuSC2SvFcF1EU=
26,23,5c1N4/I2B3/52B/Agd+aY61JmRg=,92VxwaTQfwEcmRcuSC2SvFcF1EU=
25,23,5c1N4/I2B3/52B/Agd+aY61JmRg=,92VxwaTQfwEcmRcuSC2SvFcF1EU=
24,23,5c1N4/I2B3/52B/Agd+aY61JmRg=,92VxwaTQfwEcmRcuSC2SvFcF1EU=
22,23,5c1N4/I2B3/52B/Agd+aY61JmRg=,92VxwaTQfwEcmRcuSC2SvFcF1EU=
21,23,5c1N4/I2B3/52B/Agd+aY61JmRg=,92VxwaTQfwEcmRcuSC2SvFcF1EU=
20,23,5c1N4/I2B3/52B/Agd+aY61JmRg=,92VxwaTQfwEcmRcuSC2SvFcF1EU=
18,16,5c1N4/I2B3/52B/Agd+aY61JmRg=,92VxwaTQfwEcmRcuSC2SvFcF1EU=
22,19,5c1N4/I2B3/52B/Agd+aY61JmRg=,92VxwaTQfwEcmRcuSC2SvFcF1EU=
18,23,5c1N4/I2B3/52B/Agd+aY61JmRg=,92VxwaTQfwEcmRcuSC2SvFcF1EU=
24,16,5c1N4/I2B3/52B/Agd+aY61JmRg=,92VxwaTQfwEcmRcuSC2SvFcF1EU=
17,23,5c1N4/I2B3/52B/Agd+aY61JmRg=,92VxwaTQfwEcmRcuSC2SvFcF1EU=
16,23,5c1N4/I2B3/52B/Agd+aY61JmRg=,92VxwaTQfwEcmRcuSC2SvFcF1EU=
31,22,5c1N4/I2B3/52B/Agd+aY61JmRg=,92VxwaTQfwEcmRcuSC2SvFcF1EU=
30,22,5c1N4/I2B3/52B/Agd+aY61JmRg=,92VxwaTQfwEcmRcuSC2SvFcF1EU=
29,22,5c1N4/I2B3/52B/Agd+aY61JmRg=,92VxwaTQfwEcmRcuSC2SvFcF1EU=
28,22,5c1N4/I2B3/52B/Agd+aY61JmRg=,92VxwaTQfwEcmRcuSC2SvFcF1EU=
27,22,5c1N4/I2B3/52B/Agd+aY61JmRg=,92VxwaTQfwEcmRcuSC2SvFcF1EU=
25,22,5c1N4/I2B3/52B/Agd+aY61JmRg=,92VxwaTQfwEcmRcuSC2SvFcF1EU=
24,22,5c1N4/I2B3/52B/Agd+aY61JmRg=,92VxwaTQfwEcmRcuSC2SvFcF1EU=
23,22,5c1N4/I2B3/52B/Agd+aY61JmRg=,92VxwaTQfwEcmRcuSC2SvFcF1EU=
22,22,5c1N4/I2B3/52B/Agd+aY61JmRg=,92VxwaTQfwEcmRcuSC2SvFcF1EU=
21,22,5c1N4/I2B3/52B/Agd+aY61JmRg=,92VxwaTQfwEcmRcuSC2SvFcF1EU=
19,23,5c1N4/I2B3/52B/Agd+aY61JmRg=,92VxwaTQfwEcmRcuSC2SvFcF1EU=
21,19,5c1N4/I2B3/52B/Agd+aY61JmRg=,92VxwaTQfwEcmRcuSC2SvFcF1EU=
23,16,5c1N4/I2B3/52B/Agd+aY61JmRg=,92VxwaTQfwEcmRcuSC2SvFcF1EU=
26,22,5c1N4/I2B3/52B/Agd+aY61JmRg=,92VxwaTQfwEcmRcuSC2SvFcF1EU=
17,19,5c1N4/I2B3/52B/Agd+aY61JmRg=,92VxwaTQfwEcmRcuSC2SvFcF1EU=
20,17,5c1N4/I2B3/52B/Agd+aY61JmRg=,92VxwaTQfwEcmRcuSC2SvFcF1EU=
18,19,5c1N4/I2B3/52B/Agd+aY61JmRg=,92VxwaTQfwEcmRcuSC2SvFcF1EU=
16,22,5c1N4/I2B3/52B/Agd+aY61JmRg=,92VxwaTQfwEcmRcuSC2SvFcF1EU=
31,21,5c1N4/I2B3/52B/Agd+aY61JmRg=,92VxwaTQfwEcmRcuSC2SvFcF1EU=
19,19,5c1N4/I2B3/52B/Agd+aY61JmRg=,92VxwaTQfwEcmRcuSC2SvFcF1EU=
30,21,5c1N4/I2B3/52B/Agd+aY61JmRg=,92VxwaTQfwEcmRcuSC2SvFcF1EU=
23,23,5c1N4/I2B3/52B/Agd+aY61JmRg=,92VxwaTQfwEcmRcuSC2SvFcF1EU=
29,21,5c1N4/I2B3/52B/Agd+aY61JmRg=,92VxwaTQfwEcmRcuSC2SvFcF1EU=
28,21,5c1N4/I2B3/52B/Agd+aY61JmRg=,92VxwaTQfwEcmRcuSC2SvFcF1EU=
17,22,5c1N4/I2B3/52B/Agd+aY61JmRg=,92VxwaTQfwEcmRcuSC2SvFcF1EU=
26,21,5c1N4/I2B3/52B/Agd+aY61JmRg=,92VxwaTQfwEcmRcuSC2SvFcF1EU=
27,21,5c1N4/I2B3/52B/Agd+aY61JmRg=,92VxwaTQfwEcmRcuSC2SvFcF1EU=
25,21,5c1N4/I2B3/52B/Agd+aY61JmRg=,92VxwaTQfwEcmRcuSC2SvFcF1EU=
24,21,5c1N4/I2B3/52B/Agd+aY61JmRg=,92VxwaTQfwEcmRcuSC2SvFcF1EU=
22,21,5c1N4/I2B3/52B/Agd+aY61JmRg=,92VxwaTQfwEcmRcuSC2SvFcF1EU=
23,21,5c1N4/I2B3/52B/Agd+aY61JmRg=,92VxwaTQfwEcmRcuSC2SvFcF1EU=
20,19,5c1N4/I2B3/52B/Agd+aY61JmRg=,92VxwaTQfwEcmRcuSC2SvFcF1EU=
20,22,5c1N4/I2B3/52B/Agd+aY61JmRg=,92VxwaTQfwEcmRcuSC2SvFcF1EU=
21,21,5c1N4/I2B3/52B/Agd+aY61JmRg=,92VxwaTQfwEcmRcuSC2SvFcF1EU=
16,19,5c1N4/I2B3/52B/Agd+aY61JmRg=,92VxwaTQfwEcmRcuSC2SvFcF1EU=
17,21,5c1N4/I2B3/52B/Agd+aY61JmRg=,92VxwaTQfwEcmRcuSC2SvFcF1EU=
18,22,5c1N4/I2B3/52B/Agd+aY61JmRg=,92VxwaTQfwEcmRcuSC2SvFcF1EU=
22,16,5c1N4/I2B3/52B/Agd+aY61JmRg=,92VxwaTQfwEcmRcuSC2SvFcF1EU=
19,22,5c1N4/I2B3/52B/Agd+aY61JmRg=,92VxwaTQfwEcmRcuSC2SvFcF1EU=
16,21,5c1N4/I2B3/52B/Agd+aY61JmRg=,92VxwaTQfwEcmRcuSC2SvFcF1EU=
31,20,5c1N4/I2B3/52B/Agd+aY61JmRg=,92VxwaTQfwEcmRcuSC2SvFcF1EU=
30,20,5c1N4/I2B3/52B/Agd+aY61JmRg=,92VxwaTQfwEcmRcuSC2SvFcF1EU=
29,20,5c1N4/I2B3/52B/Agd+aY61JmRg=,92VxwaTQfwEcmRcuSC2SvFcF1EU=
28,20,5c1N4/I2B3/52B/Agd+aY61JmRg=,92VxwaTQfwEcmRcuSC2SvFcF1EU=
27,20,5c1N4/I2B3/52B/Agd+aY61JmRg=,92VxwaTQfwEcmRcuSC2SvFcF1EU=
31,18,5c1N4/I2B3/52B/Agd+aY61JmRg=,92VxwaTQfwEcmRcuSC2SvFcF1EU=
26,20,5c1N4/I2B3/52B/Agd+aY61JmRg=,92VxwaTQfwEcmRcuSC2SvFcF1EU=
25,20,5c1N4/I2B3/52B/Agd+aY61JmRg=,92VxwaTQfwEcmRcuSC2SvFcF1EU=
24,20,5c1N4/I2B3/52B/Agd+aY61JmRg=,92VxwaTQfwEcmRcuSC2SvFcF1EU=
23,20,5c1N4/I2B3/52B/Agd+aY61JmRg=,92VxwaTQfwEcmRcuSC2SvFcF1EU=
19,21,5c1N4/I2B3/52B/Agd+aY61JmRg=,92VxwaTQfwEcmRcuSC2SvFcF1EU=
18,21,5c1N4/I2B3/52B/Agd+aY61JmRg=,92VxwaTQfwEcmRcuSC2SvFcF1EU=
21,17,5c1N4/I2B3/52B/Agd+aY61JmRg=,92VxwaTQfwEcmRcuSC2SvFcF1EU=
20,21,5c1N4/I2B3/52B/Agd+aY61JmRg=,92VxwaTQfwEcmRcuSC2SvFcF1EU=
21,16,5c1N4/I2B3/52B/Agd+aY61JmRg=,92VxwaTQfwEcmRcuSC2SvFcF1EU=
22,20,5c1N4/I2B3/52B/Agd+aY61JmRg=,92VxwaTQfwEcmRcuSC2SvFcF1EU=
16,20,5c1N4/I2B3/52B/Agd+aY61JmRg=,92VxwaTQfwEcmRcuSC2SvFcF1EU=
17,20,5c1N4/I2B3/52B/Agd+aY61JmRg=,92VxwaTQfwEcmRcuSC2SvFcF1EU=
30,18,5c1N4/I2B3/52B/Agd+aY61JmRg=,92VxwaTQfwEcmRcuSC2SvFcF1EU=
31,19,5c1N4/I2B3/52B/Agd+aY61JmRg=,92VxwaTQfwEcmRcuSC2SvFcF1EU=
30,19,5c1N4/I2B3/52B/Agd+aY61JmRg=,92VxwaTQfwEcmRcuSC2SvFcF1EU=
17,16,5c1N4/I2B3/52B/Agd+aY61JmRg=,92VxwaTQfwEcmRcuSC2SvFcF1EU=
29,19,5c1N4/I2B3/52B/Agd+aY61JmRg=,92VxwaTQfwEcmRcuSC2SvFcF1EU=
28,19,5c1N4/I2B3/52B/Agd+aY61JmRg=,92VxwaTQfwEcmRcuSC2SvFcF1EU=
29,17,5c1N4/I2B3/52B/Agd+aY61JmRg=,92VxwaTQfwEcmRcuSC2SvFcF1EU=
28,17,5c1N4/I2B3/52B/Agd+aY61JmRg=,92VxwaTQfwEcmRcuSC2SvFcF1EU=
27,17,5c1N4/I2B3/52B/Agd+aY61JmRg=,92VxwaTQfwEcmRcuSC2SvFcF1EU=
26,17,5c1N4/I2B3/52B/Agd+aY61JmRg=,92VxwaTQfwEcmRcuSC2SvFcF1EU=
25,17,5c1N4/I2B3/52B/Agd+aY61JmRg=,92VxwaTQfwEcmRcuSC2SvFcF1EU=
24,17,5c1N4/I2B3/52B/Agd+aY61JmRg=,92VxwaTQfwEcmRcuSC2SvFcF1EU=
23,17,5c1N4/I2B3/52B/Agd+aY61JmRg=,92VxwaTQfwEcmRcuSC2SvFcF1EU=
21,20,5c1N4/I2B3/52B/Agd+aY61JmRg=,92VxwaTQfwEcmRcuSC2SvFcF1EU=
22,17,5c1N4/I2B3/52B/Agd+aY61JmRg=,92VxwaTQfwEcmRcuSC2SvFcF1EU=
18,20,5c1N4/I2B3/52B/Agd+aY61JmRg=,92VxwaTQfwEcmRcuSC2SvFcF1EU=
19,20,5c1N4/I2B3/52B/Agd+aY61JmRg=,92VxwaTQfwEcmRcuSC2SvFcF1EU=
20,20,5c1N4/I2B3/52B/Agd+aY61JmRg=,92VxwaTQfwEcmRcuSC2SvFcF1EU=
20,16,5c1N4/I2B3/52B/Agd+aY61JmRg=,92VxwaTQfwEcmRcuSC2SvFcF1EU=
19,0,FUgjbCh0UMdOOTE7hvMhnsKHnRE=,uAuKyVGnDEM+3KytZTDAqCkJZFE=
16,0,FUgjbCh0UMdOOTE7hvMhnsKHnRE=,uAuKyVGnDEM+3KytZTDAqCkJZFE=
28,3,FUgjbCh0UMdOOTE7hvMhnsKHnRE=,uAuKyVGnDEM+3KytZTDAqCkJZFE=
30,2,FUgjbCh0UMdOOTE7hvMhnsKHnRE=,uAuKyVGnDEM+3KytZTDAqCkJZFE=
20,0,FUgjbCh0UMdOOTE7hvMhnsKHnRE=,uAuKyVGnDEM+3KytZTDAqCkJZFE=
31,15,FUgjbCh0UMdOOTE7hvMhnsKHnRE=,uAuKyVGnDEM+3KytZTDAqCkJZFE=
29,3,FUgjbCh0UMdOOTE7hvMhnsKHnRE=,uAuKyVGnDEM+3KytZTDAqCkJZFE=
30,3,FUgjbCh0UMdOOTE7hvMhnsKHnRE=,uAuKyVGnDEM+3KytZTDAqCkJZFE=
31,3,FUgjbCh0UMdOOTE7hvMhnsKHnRE=,uAuKyVGnDEM+3KytZTDAqCkJZFE=
16,4,FUgjbCh0UMdOOTE7hvMhnsKHnRE=,uAuKyVGnDEM+3KytZTDAqCkJZFE=
31,1,FUgjbCh0UMdOOTE7hvMhnsKHnRE=,uAuKyVGnDEM+3KytZTDAqCkJZFE=
27,3,FUgjbCh0UMdOOTE7hvMhnsKHnRE=,uAuKyVGnDEM+3KytZTDAqCkJZFE=
17,4,FUgjbCh0UMdOOTE7hvMhnsKHnRE=,uAuKyVGnDEM+3KytZTDAqCkJZFE=
30,15,FUgjbCh0UMdOOTE7hvMhnsKHnRE=,uAuKyVGnDEM+3KytZTDAqCkJZFE=
18,4,FUgjbCh0UMdOOTE7hvMhnsKHnRE=,uAuKyVGnDEM+3KytZTDAqCkJZFE=
29,15,FUgjbCh0UMdOOTE7hvMhnsKHnRE=,uAuKyVGnDEM+3KytZTDAqCkJZFE=
19,4,FUgjbCh0UMdOOTE7hvMhnsKHnRE=,uAuKyVGnDEM+3KytZTDAqCkJZFE=
28,15,FUgjbCh0UMdOOTE7hvMhnsKHnRE=,uAuKyVGnDEM+3KytZTDAqCkJZFE=
20,4,FUgjbCh0UMdOOTE7hvMhnsKHnRE=,uAuKyVGnDEM+3KytZTDAqCkJZFE=
27,15,FUgjbCh0UMdOOTE7hvMhnsKHnRE=,uAuKyVGnDEM+3KytZTDAqCkJZFE=
29,2,FUgjbCh0UMdOOTE7hvMhnsKHnRE=,uAuKyVGnDEM+3KytZTDAqCkJZFE=
21,4,FUgjbCh0UMdOOTE7hvMhnsKHnRE=,uAuKyVGnDEM+3KytZTDAqCkJZFE=
26,15,FUgjbCh0UMdOOTE7hvMhnsKHnRE=,uAuKyVGnDEM+3KytZTDAqCkJZFE=
22,4,FUgjbCh0UMdOOTE7hvMhnsKHnRE=,uAuKyVGnDEM+3KytZTDAqCkJZFE=
25,15,FUgjbCh0UMdOOTE7hvMhnsKHnRE=,uAuKyVGnDEM+3KytZTDAqCkJZFE=
24,15,FUgjbCh0UMdOOTE7hvMhnsKHnRE=,uAuKyVGnDEM+3KytZTDAqCkJZFE=
23,4,FUgjbCh0UMdOOTE7hvMhnsKHnRE=,uAuKyVGnDEM+3KytZTDAqCkJZFE=
24,4,FUgjbCh0UMdOOTE7hvMhnsKHnRE=,uAuKyVGnDEM+3KytZTDAqCkJZFE=
23,15,FUgjbCh0UMdOOTE7hvMhnsKHnRE=,uAuKyVGnDEM+3KytZTDAqCkJZFE=
25,4,FUgjbCh0UMdOOTE7hvMhnsKHnRE=,uAuKyVGnDEM+3KytZTDAqCkJZFE=
28,2,FUgjbCh0UMdOOTE7hvMhnsKHnRE=,uAuKyVGnDEM+3KytZTDAqCkJZFE=
22,15,FUgjbCh0UMdOOTE7hvMhnsKHnRE=,uAuKyVGnDEM+3KytZTDAqCkJZFE=
21,0,FUgjbCh0UMdOOTE7hvMhnsKHnRE=,uAuKyVGnDEM+3KytZTDAqCkJZFE=
26,4,FUgjbCh0UMdOOTE7hvMhnsKHnRE=,uAuKyVGnDEM+3KytZTDAqCkJZFE=
21,15,FUgjbCh0UMdOOTE7hvMhnsKHnRE=,uAuKyVGnDEM+3KytZTDAqCkJZFE=
31,2,FUgjbCh0UMdOOTE7hvMhnsKHnRE=,uAuKyVGnDEM+3KytZTDAqCkJZFE=
26,2,FUgjbCh0UMdOOTE7hvMhnsKHnRE=,uAuKyVGnDEM+3KytZTDAqCkJZFE=
18,1,FUgjbCh0UMdOOTE7hvMhnsKHnRE=,uAuKyVGnDEM+3KytZTDAqCkJZFE=
22,0,FUgjbCh0UMdOOTE7hvMhnsKHnRE=,uAuKyVGnDEM+3KytZTDAqCkJZFE=
27,4,FUgjbCh0UMdOOTE7hvMhnsKHnRE=,uAuKyVGnDEM+3KytZTDAqCkJZFE=
27,2,FUgjbCh0UMdOOTE7hvMhnsKHnRE=,uAuKyVGnDEM+3KytZTDAqCkJZFE=
28,4,FUgjbCh0UMdOOTE7hvMhnsKHnRE=,uAuKyVGnDEM+3KytZTDAqCkJZFE=
29,4,FUgjbCh0UMdOOTE7hvMhnsKHnRE=,uAuKyVGnDEM+3KytZTDAqCkJZFE=
25,2,FUgjbCh0UMdOOTE7hvMhnsKHnRE=,uAuKyVGnDEM+3KytZTDAqCkJZFE=
30,4,FUgjbCh0UMdOOTE7hvMhnsKHnRE=,uAuKyVGnDEM+3KytZTDAqCkJZFE=
24,2,FUgjbCh0UMdOOTE7hvMhnsKHnRE=,uAuKyVGnDEM+3KytZTDAqCkJZFE=
23,2,FUgjbCh0UMdOOTE7hvMhnsKHnRE=,uAuKyVGnDEM+3KytZTDAqCkJZFE=
22,2,FUgjbCh0UMdOOTE7hvMhnsKHnRE=,uAuKyVGnDEM+3KytZTDAqCkJZFE=
31,4,FUgjbCh0UMdOOTE7hvMhnsKHnRE=,uAuKyVGnDEM+3KytZTDAqCkJZFE=
19,2,FUgjbCh0UMdOOTE7hvMhnsKHnRE=,uAuKyVGnDEM+3KytZTDAqCkJZFE=
16,5,FUgjbCh0UMdOOTE7hvMhnsKHnRE=,uAuKyVGnDEM+3KytZTDAqCkJZFE=
18,2,FUgjbCh0UMdOOTE7hvMhnsKHnRE=,uAuKyVGnDEM+3KytZTDAqCkJZFE=
17,5,FUgjbCh0UMdOOTE7hvMhnsKHnRE=,uAuKyVGnDEM+3KytZTDAqCkJZFE=
17,2,FUgjbCh0UMdOOTE7hvMhnsKHnRE=,uAuKyVGnDEM+3KytZTDAqCkJZFE=
16,2,FUgjbCh0UMdOOTE7hvMhnsKHnRE=,uAuKyVGnDEM+3KytZTDAqCkJZFE=
21,2,FUgjbCh0UMdOOTE7hvMhnsKHnRE=,uAuKyVGnDEM+3KytZTDAqCkJZFE=
18,5,FUgjbCh0UMdOOTE7hvMhnsKHnRE=,uAuKyVGnDEM+3KytZTDAqCkJZFE=
18,0,FUgjbCh0UMdOOTE7hvMhnsKHnRE=,uAuKyVGnDEM+3KytZTDAqCkJZFE=
26,3,FUgjbCh0UMdOOTE7hvMhnsKHnRE=,uAuKyVGnDEM+3KytZTDAqCkJZFE=
19,5,FUgjbCh0UMdOOTE7hvMhnsKHnRE=,uAuKyVGnDEM+3KytZTDAqCkJZFE=
16,15,FUgjbCh0UMdOOTE7hvMhnsKHnRE=,uAuKyVGnDEM+3KytZTDAqCkJZFE=
30,1,FUgjbCh0UMdOOTE7hvMhnsKHnRE=,uAuKyVGnDEM+3KytZTDAqCkJZFE=
20,5,FUgjbCh0UMdOOTE7hvMhnsKHnRE=,uAuKyVGnDEM+3KytZTDAqCkJZFE=
31,14,FUgjbCh0UMdOOTE7hvMhnsKHnRE=,uAuKyVGnDEM+3KytZTDAqCkJZFE=
30,14,FUgjbCh0UMdOOTE7hvMhnsKHnRE=,uAuKyVGnDEM+3KytZTDAqCkJZFE=
21,5,FUgjbCh0UMdOOTE7hvMhnsKHnRE=,uAuKyVGnDEM+3KytZTDAqCkJZFE=
29,14,FUgjbCh0UMdOOTE7hvMhnsKHnRE=,uAuKyVGnDEM+3KytZTDAqCkJZFE=
28,14,FUgjbCh0UMdOOTE7hvMhnsKHnRE=,uAuKyVGnDEM+3KytZTDAqCkJZFE=
22,5,FUgjbCh0UMdOOTE7hvMhnsKHnRE=,uAuKyVGnDEM+3KytZTDAqCkJZFE=
27,14,FUgjbCh0UMdOOTE7hvMhnsKHnRE=,uAuKyVGnDEM+3KytZTDAqCkJZFE=
26,14,FUgjbCh0UMdOOTE7hvMhnsKHnRE=,uAuKyVGnDEM+3KytZTDAqCkJZFE=
25,14,FUgjbCh0UMdOOTE7hvMhnsKHnRE=,uAuKyVGnDEM+3KytZTDAqCkJZFE=
23,5,FUgjbCh0UMdOOTE7hvMhnsKHnRE=,uAuKyVGnDEM+3KytZTDAqCkJZFE=
24,14,FUgjbCh0UMdOOTE7hvMhnsKHnRE=,uAuKyVGnDEM+3KytZTDAqCkJZFE=
24,5,FUgjbCh0UMdOOTE7hvMhnsKHnRE=,uAuKyVGnDEM+3KytZTDAqCkJZFE=
23,14,FUgjbCh0UMdOOTE7hvMhnsKHnRE=,uAuKyVGnDEM+3KytZTDAqCkJZFE=
22,14,FUgjbCh0UMdOOTE7hvMhnsKHnRE=,uAuKyVGnDEM+3KytZTDAqCkJZFE=
25,5,FUgjbCh0UMdOOTE7hvMhnsKHnRE=,uAuKyVGnDEM+3KytZTDAqCkJZFE=
21,14,FUgjbCh0UMdOOTE7hvMhnsKHnRE=,uAuKyVGnDEM+3KytZTDAqCkJZFE=
19,1,FUgjbCh0UMdOOTE7hvMhnsKHnRE=,uAuKyVGnDEM+3KytZTDAqCkJZFE=
26,5,FUgjbCh0UMdOOTE7hvMhnsKHnRE=,uAuKyVGnDEM+3KytZTDAqCkJZFE=
16,3,FUgjbCh0UMdOOTE7hvMhnsKHnRE=,uAuKyVGnDEM+3KytZTDAqCkJZFE=
20,1,FUgjbCh0UMdOOTE7hvMhnsKHnRE=,uAuKyVGnDEM+3KytZTDAqCkJZFE=
23,0,FUgjbCh0UMdOOTE7hvMhnsKHnRE=,uAuKyVGnDEM+3KytZTDAqCkJZFE=
27,5,FUgjbCh0UMdOOTE7hvMhnsKHnRE=,uAuKyVGnDEM+3KytZTDAqCkJZFE=
28,5,FUgjbCh0UMdOOTE7hvMhnsKHnRE=,uAuKyVGnDEM+3KytZTDAqCkJZFE=
29,5,FUgjbCh0UMdOOTE7hvMhnsKHnRE=,uAuKyVGnDEM+3KytZTDAqCkJZFE=
30,5,FUgjbCh0UMdOOTE7hvMhnsKHnRE=,uAuKyVGnDEM+3KytZTDAqCkJZFE=
20,2,FUgjbCh0UMdOOTE7hvMhnsKHnRE=,uAuKyVGnDEM+3KytZTDAqCkJZFE=
31,5,FUgjbCh0UMdOOTE7hvMhnsKHnRE=,uAuKyVGnDEM+3KytZTDAqCkJZFE=
17,15,FUgjbCh0UMdOOTE7hvMhnsKHnRE=,uAuKyVGnDEM+3KytZTDAqCkJZFE=
17,6,FUgjbCh0UMdOOTE7hvMhnsKHnRE=,uAuKyVGnDEM+3KytZTDAqCkJZFE=
20,15,FUgjbCh0UMdOOTE7hvMhnsKHnRE=,uAuKyVGnDEM+3KytZTDAqCkJZFE=
17,1,FUgjbCh0UMdOOTE7hvMhnsKHnRE=,uAuKyVGnDEM+3KytZTDAqCkJZFE=
16,1,FUgjbCh0UMdOOTE7hvMhnsKHnRE=,uAuKyVGnDEM+3KytZTDAqCkJZFE=
25,3,FUgjbCh0UMdOOTE7hvMhnsKHnRE=,uAuKyVGnDEM+3KytZTDAqCkJZFE=
18,15,FUgjbCh0UMdOOTE7hvMhnsKHnRE=,uAuKyVGnDEM+3KytZTDAqCkJZFE=
17,0,FUgjbCh0UMdOOTE7hvMhnsKHnRE=,uAuKyVGnDEM+3KytZTDAqCkJZFE=
16,14,FUgjbCh0UMdOOTE7hvMhnsKHnRE=,uAuKyVGnDEM+3KytZTDAqCkJZFE=
31,13,FUgjbCh0UMdOOTE7hvMhnsKHnRE=,uAuKyVGnDEM+3KytZTDAqCkJZFE=
30,13,FUgjbCh0UMdOOTE7hvMhnsKHnRE=,uAuKyVGnDEM+3KytZTDAqCkJZFE=
20,14,FUgjbCh0UMdOOTE7hvMhnsKHnRE=,uAuKyVGnDEM+3KytZTDAqCkJZFE=
18,14,FUgjbCh0UMdOOTE7hvMhnsKHnRE=,uAuKyVGnDEM+3KytZTDAqCkJZFE=
18,6,FUgjbCh0UMdOOTE7hvMhnsKHnRE=,uAuKyVGnDEM+3KytZTDAqCkJZFE=
28,13,FUgjbCh0UMdOOTE7hvMhnsKHnRE=,uAuKyVGnDEM+3KytZTDAqCkJZFE=
27,13,FUgjbCh0UMdOOTE7hvMhnsKHnRE=,uAuKyVGnDEM+3KytZTDAqCkJZFE=
26,13,FUgjbCh0UMdOOTE7hvMhnsKHnRE=,uAuKyVGnDEM+3KytZTDAqCkJZFE=
29,13,FUgjbCh0UMdOOTE7hvMhnsKHnRE=,uAuKyVGnDEM+3KytZTDAqCkJZFE=
25,13,FUgjbCh0UMdOOTE7hvMhnsKHnRE=,uAuKyVGnDEM+3KytZTDAqCkJZFE=
24,13,FUgjbCh0UMdOOTE7hvMhnsKHnRE=,uAuKyVGnDEM+3KytZTDAqCkJZFE=
23,13,FUgjbCh0UMdOOTE7hvMhnsKHnRE=,uAuKyVGnDEM+3KytZTDAqCkJZFE=
19,6,FUgjbCh0UMdOOTE7hvMhnsKHnRE=,uAuKyVGnDEM+3KytZTDAqCkJZFE=
20,6,FUgjbCh0UMdOOTE7hvMhnsKHnRE=,uAuKyVGnDEM+3KytZTDAqCkJZFE=
21,6,FUgjbCh0UMdOOTE7hvMhnsKHnRE=,uAuKyVGnDEM+3KytZTDAqCkJZFE=
22,6,FUgjbCh0UMdOOTE7hvMhnsKHnRE=,uAuKyVGnDEM+3KytZTDAqCkJZFE=
23,6,FUgjbCh0UMdOOTE7hvMhnsKHnRE=,uAuKyVGnDEM+3KytZTDAqCkJZFE=
24,6,FUgjbCh0UMdOOTE7hvMhnsKHnRE=,uAuKyVGnDEM+3KytZTDAqCkJZFE=
16,6,FUgjbCh0UMdOOTE7hvMhnsKHnRE=,uAuKyVGnDEM+3KytZTDAqCkJZFE=
21,1,FUgjbCh0UMdOOTE7hvMhnsKHnRE=,uAuKyVGnDEM+3KytZTDAqCkJZFE=
17,3,FUgjbCh0UMdOOTE7hvMhnsKHnRE=,uAuKyVGnDEM+3KytZTDAqCkJZFE=
25,6,FUgjbCh0UMdOOTE7hvMhnsKHnRE=,uAuKyVGnDEM+3KytZTDAqCkJZFE=
24,0,FUgjbCh0UMdOOTE7hvMhnsKHnRE=,uAuKyVGnDEM+3KytZTDAqCkJZFE=
26,6,FUgjbCh0UMdOOTE7hvMhnsKHnRE=,uAuKyVGnDEM+3KytZTDAqCkJZFE=
19,14,FUgjbCh0UMdOOTE7hvMhnsKHnRE=,uAuKyVGnDEM+3KytZTDAqCkJZFE=
27,6,FUgjbCh0UMdOOTE7hvMhnsKHnRE=,uAuKyVGnDEM+3KytZTDAqCkJZFE=
28,6,FUgjbCh0UMdOOTE7hvMhnsKHnRE=,uAuKyVGnDEM+3KytZTDAqCkJZFE=
29,6,FUgjbCh0UMdOOTE7hvMhnsKHnRE=,uAuKyVGnDEM+3KytZTDAqCkJZFE=
30,6,FUgjbCh0UMdOOTE7hvMhnsKHnRE=,uAuKyVGnDEM+3KytZTDAqCkJZFE=
31,6,FUgjbCh0UMdOOTE7hvMhnsKHnRE=,uAuKyVGnDEM+3KytZTDAqCkJZFE=
22,13,FUgjbCh0UMdOOTE7hvMhnsKHnRE=,uAuKyVGnDEM+3KytZTDAqCkJZFE=
29,1,FUgjbCh0UMdOOTE7hvMhnsKHnRE=,uAuKyVGnDEM+3KytZTDAqCkJZFE=
31,0,FUgjbCh0UMdOOTE7hvMhnsKHnRE=,uAuKyVGnDEM+3KytZTDAqCkJZFE=
24,3,FUgjbCh0UMdOOTE7hvMhnsKHnRE=,uAuKyVGnDEM+3KytZTDAqCkJZFE=
21,13,FUgjbCh0UMdOOTE7hvMhnsKHnRE=,uAuKyVGnDEM+3KytZTDAqCkJZFE=
28,1,FUgjbCh0UMdOOTE7hvMhnsKHnRE=,uAuKyVGnDEM+3KytZTDAqCkJZFE=
20,13,FUgjbCh0UMdOOTE7hvMhnsKHnRE=,uAuKyVGnDEM+3KytZTDAqCkJZFE=
16,7,FUgjbCh0UMdOOTE7hvMhnsKHnRE=,uAuKyVGnDEM+3KytZTDAqCkJZFE=
17,14,FUgjbCh0UMdOOTE7hvMhnsKHnRE=,uAuKyVGnDEM+3KytZTDAqCkJZFE=
31,12,FUgjbCh0UMdOOTE7hvMhnsKHnRE=,uAuKyVGnDEM+3KytZTDAqCkJZFE=
30,12,FUgjbCh0UMdOOTE7hvMhnsKHnRE=,uAuKyVGnDEM+3KytZTDAqCkJZFE=
29,12,FUgjbCh0UMdOOTE7hvMhnsKHnRE=,uAuKyVGnDEM+3KytZTDAqCkJZFE=
28,12,FUgjbCh0UMdOOTE7hvMhnsKHnRE=,uAuKyVGnDEM+3KytZTDAqCkJZFE=
26,12,FUgjbCh0UMdOOTE7hvMhnsKHnRE=,uAuKyVGnDEM+3KytZTDAqCkJZFE=
27,12,FUgjbCh0UMdOOTE7hvMhnsKHnRE=,uAuKyVGnDEM+3KytZTDAqCkJZFE=
24,12,FUgjbCh0UMdOOTE7hvMhnsKHnRE=,uAuKyVGnDEM+3KytZTDAqCkJZFE=
25,12,FUgjbCh0UMdOOTE7hvMhnsKHnRE=,uAuKyVGnDEM+3KytZTDAqCkJZFE=
23,12,FUgjbCh0UMdOOTE7hvMhnsKHnRE=,uAuKyVGnDEM+3KytZTDAqCkJZFE=
22,12,FUgjbCh0UMdOOTE7hvMhnsKHnRE=,uAuKyVGnDEM+3KytZTDAqCkJZFE=
19,13,FUgjbCh0UMdOOTE7hvMhnsKHnRE=,uAuKyVGnDEM+3KytZTDAqCkJZFE=
18,13,FUgjbCh0UMdOOTE7hvMhnsKHnRE=,uAuKyVGnDEM+3KytZTDAqCkJZFE=
30,0,FUgjbCh0UMdOOTE7hvMhnsKHnRE=,uAuKyVGnDEM+3KytZTDAqCkJZFE=
23,3,FUgjbCh0UMdOOTE7hvMhnsKHnRE=,uAuKyVGnDEM+3KytZTDAqCkJZFE=
27,1,FUgjbCh0UMdOOTE7hvMhnsKHnRE=,uAuKyVGnDEM+3KytZTDAqCkJZFE=
16,13,FUgjbCh0UMdOOTE7hvMhnsKHnRE=,uAuKyVGnDEM+3KytZTDAqCkJZFE=
17,13,FUgjbCh0UMdOOTE7hvMhnsKHnRE=,uAuKyVGnDEM+3KytZTDAqCkJZFE=
17,7,FUgjbCh0UMdOOTE7hvMhnsKHnRE=,uAuKyVGnDEM+3KytZTDAqCkJZFE=
18,12,FUgjbCh0UMdOOTE7hvMhnsKHnRE=,uAuKyVGnDEM+3KytZTDAqCkJZFE=
20,12,FUgjbCh0UMdOOTE7hvMhnsKHnRE=,uAuKyVGnDEM+3KytZTDAqCkJZFE=
31,11,FUgjbCh0UMdOOTE7hvMhnsKHnRE=,uAuKyVGnDEM+3KytZTDAqCkJZFE=
29,11,FUgjbCh0UMdOOTE7hvMhnsKHnRE=,uAuKyVGnDEM+3KytZTDAqCkJZFE=
28,11,FUgjbCh0UMdOOTE7hvMhnsKHnRE=,uAuKyVGnDEM+3KytZTDAqCkJZFE=
30,11,FUgjbCh0UMdOOTE7hvMhnsKHnRE=,uAuKyVGnDEM+3KytZTDAqCkJZFE=
27,11,FUgjbCh0UMdOOTE7hvMhnsKHnRE=,uAuKyVGnDEM+3KytZTDAqCkJZFE=
26,11,FUgjbCh0UMdOOTE7hvMhnsKHnRE=,uAuKyVGnDEM+3KytZTDAqCkJZFE=
25,11,FUgjbCh0UMdOOTE7hvMhnsKHnRE=,uAuKyVGnDEM+3KytZTDAqCkJZFE=
23,11,FUgjbCh0UMdOOTE7hvMhnsKHnRE=,uAuKyVGnDEM+3KytZTDAqCkJZFE=
19,12,FUgjbCh0UMdOOTE7hvMhnsKHnRE=,uAuKyVGnDEM+3KytZTDAqCkJZFE=
24,11,FUgjbCh0UMdOOTE7hvMhnsKHnRE=,uAuKyVGnDEM+3KytZTDAqCkJZFE=
22,11,FUgjbCh0UMdOOTE7hvMhnsKHnRE=,uAuKyVGnDEM+3KytZTDAqCkJZFE=
29,0,FUgjbCh0UMdOOTE7hvMhnsKHnRE=,uAuKyVGnDEM+3KytZTDAqCkJZFE=
22,3,FUgjbCh0UMdOOTE7hvMhnsKHnRE=,uAuKyVGnDEM+3KytZTDAqCkJZFE=
26,1,FUgjbCh0UMdOOTE7hvMhnsKHnRE=,uAuKyVGnDEM+3KytZTDAqCkJZFE=
17,12,FUgjbCh0UMdOOTE7hvMhnsKHnRE=,uAuKyVGnDEM+3KytZTDAqCkJZFE=
21,12,FUgjbCh0UMdOOTE7hvMhnsKHnRE=,uAuKyVGnDEM+3KytZTDAqCkJZFE=
18,7,FUgjbCh0UMdOOTE7hvMhnsKHnRE=,uAuKyVGnDEM+3KytZTDAqCkJZFE=
19,15,FUgjbCh0UMdOOTE7hvMhnsKHnRE=,uAuKyVGnDEM+3KytZTDAqCkJZFE=
21,11,FUgjbCh0UMdOOTE7hvMhnsKHnRE=,uAuKyVGnDEM+3KytZTDAqCkJZFE=
19,7,FUgjbCh0UMdOOTE7hvMhnsKHnRE=,uAuKyVGnDEM+3KytZTDAqCkJZFE=
20,7,FUgjbCh0UMdOOTE7hvMhnsKHnRE=,uAuKyVGnDEM+3KytZTDAqCkJZFE=
21,7,FUgjbCh0UMdOOTE7hvMhnsKHnRE=,uAuKyVGnDEM+3KytZTDAqCkJZFE=
22,7,FUgjbCh0UMdOOTE7hvMhnsKHnRE=,uAuKyVGnDEM+3KytZTDAqCkJZFE=
23,7,FUgjbCh0UMdOOTE7hvMhnsKHnRE=,uAuKyVGnDEM+3KytZTDAqCkJZFE=
24,7,FUgjbCh0UMdOOTE7hvMhnsKHnRE=,uAuKyVGnDEM+3KytZTDAqCkJZFE=
18,3,FUgjbCh0UMdOOTE7hvMhnsKHnRE=,uAuKyVGnDEM+3KytZTDAqCkJZFE=
25,0,FUgjbCh0UMdOOTE7hvMhnsKHnRE=,uAuKyVGnDEM+3KytZTDAqCkJZFE=
25,7,FUgjbCh0UMdOOTE7hvMhnsKHnRE=,uAuKyVGnDEM+3KytZTDAqCkJZFE=
26,7,FUgjbCh0UMdOOTE7hvMhnsKHnRE=,uAuKyVGnDEM+3KytZTDAqCkJZFE=
27,7,FUgjbCh0UMdOOTE7hvMhnsKHnRE=,uAuKyVGnDEM+3KytZTDAqCkJZFE=
28,7,FUgjbCh0UMdOOTE7hvMhnsKHnRE=,uAuKyVGnDEM+3KytZTDAqCkJZFE=
29,7,FUgjbCh0UMdOOTE7hvMhnsKHnRE=,uAuKyVGnDEM+3KytZTDAqCkJZFE=
30,7,FUgjbCh0UMdOOTE7hvMhnsKHnRE=,uAuKyVGnDEM+3KytZTDAqCkJZFE=
31,7,FUgjbCh0UMdOOTE7hvMhnsKHnRE=,uAuKyVGnDEM+3KytZTDAqCkJZFE=
16,12,FUgjbCh0UMdOOTE7hvMhnsKHnRE=,uAuKyVGnDEM+3KytZTDAqCkJZFE=
31,10,FUgjbCh0UMdOOTE7hvMhnsKHnRE=,uAuKyVGnDEM+3KytZTDAqCkJZFE=
22,1,FUgjbCh0UMdOOTE7hvMhnsKHnRE=,uAuKyVGnDEM+3KytZTDAqCkJZFE=
29,10,FUgjbCh0UMdOOTE7hvMhnsKHnRE=,uAuKyVGnDEM+3KytZTDAqCkJZFE=
28,10,FUgjbCh0UMdOOTE7hvMhnsKHnRE=,uAuKyVGnDEM+3KytZTDAqCkJZFE=
30,10,FUgjbCh0UMdOOTE7hvMhnsKHnRE=,uAuKyVGnDEM+3KytZTDAqCkJZFE=
26,10,FUgjbCh0UMdOOTE7hvMhnsKHnRE=,uAuKyVGnDEM+3KytZTDAqCkJZFE=
27,10,FUgjbCh0UMdOOTE7hvMhnsKHnRE=,uAuKyVGnDEM+3KytZTDAqCkJZFE=
25,10,FUgjbCh0UMdOOTE7hvMhnsKHnRE=,uAuKyVGnDEM+3KytZTDAqCkJZFE=
20,11,FUgjbCh0UMdOOTE7hvMhnsKHnRE=,uAuKyVGnDEM+3KytZTDAqCkJZFE=
24,10,FUgjbCh0UMdOOTE7hvMhnsKHnRE=,uAuKyVGnDEM+3KytZTDAqCkJZFE=
23,10,FUgjbCh0UMdOOTE7hvMhnsKHnRE=,uAuKyVGnDEM+3KytZTDAqCkJZFE=
22,10,FUgjbCh0UMdOOTE7hvMhnsKHnRE=,uAuKyVGnDEM+3KytZTDAqCkJZFE=
21,3,FUgjbCh0UMdOOTE7hvMhnsKHnRE=,uAuKyVGnDEM+3KytZTDAqCkJZFE=
19,11,FUgjbCh0UMdOOTE7hvMhnsKHnRE=,uAuKyVGnDEM+3KytZTDAqCkJZFE=
25,1,FUgjbCh0UMdOOTE7hvMhnsKHnRE=,uAuKyVGnDEM+3KytZTDAqCkJZFE=
21,10,FUgjbCh0UMdOOTE7hvMhnsKHnRE=,uAuKyVGnDEM+3KytZTDAqCkJZFE=
28,0,FUgjbCh0UMdOOTE7hvMhnsKHnRE=,uAuKyVGnDEM+3KytZTDAqCkJZFE=
18,11,FUgjbCh0UMdOOTE7hvMhnsKHnRE=,uAuKyVGnDEM+3KytZTDAqCkJZFE=
17,11,FUgjbCh0UMdOOTE7hvMhnsKHnRE=,uAuKyVGnDEM+3KytZTDAqCkJZFE=
20,10,FUgjbCh0UMdOOTE7hvMhnsKHnRE=,uAuKyVGnDEM+3KytZTDAqCkJZFE=
31,9,FUgjbCh0UMdOOTE7hvMhnsKHnRE=,uAuKyVGnDEM+3KytZTDAqCkJZFE=
16,8,FUgjbCh0UMdOOTE7hvMhnsKHnRE=,uAuKyVGnDEM+3KytZTDAqCkJZFE=
29,9,FUgjbCh0UMdOOTE7hvMhnsKHnRE=,uAuKyVGnDEM+3KytZTDAqCkJZFE=
28,9,FUgjbCh0UMdOOTE7hvMhnsKHnRE=,uAuKyVGnDEM+3KytZTDAqCkJZFE=
30,9,FUgjbCh0UMdOOTE7hvMhnsKHnRE=,uAuKyVGnDEM+3KytZTDAqCkJZFE=
27,9,FUgjbCh0UMdOOTE7hvMhnsKHnRE=,uAuKyVGnDEM+3KytZTDAqCkJZFE=
26,9,FUgjbCh0UMdOOTE7hvMhnsKHnRE=,uAuKyVGnDEM+3KytZTDAqCkJZFE=
24,9,FUgjbCh0UMdOOTE7hvMhnsKHnRE=,uAuKyVGnDEM+3KytZTDAqCkJZFE=
25,9,FUgjbCh0UMdOOTE7hvMhnsKHnRE=,uAuKyVGnDEM+3KytZTDAqCkJZFE=
23,9,FUgjbCh0UMdOOTE7hvMhnsKHnRE=,uAuKyVGnDEM+3KytZTDAqCkJZFE=
27,0,FUgjbCh0UMdOOTE7hvMhnsKHnRE=,uAuKyVGnDEM+3KytZTDAqCkJZFE=
20,3,FUgjbCh0UMdOOTE7hvMhnsKHnRE=,uAuKyVGnDEM+3KytZTDAqCkJZFE=
19,10,FUgjbCh0UMdOOTE7hvMhnsKHnRE=,uAuKyVGnDEM+3KytZTDAqCkJZFE=
24,1,FUgjbCh0UMdOOTE7hvMhnsKHnRE=,uAuKyVGnDEM+3KytZTDAqCkJZFE=
22,9,FUgjbCh0UMdOOTE7hvMhnsKHnRE=,uAuKyVGnDEM+3KytZTDAqCkJZFE=
21,9,FUgjbCh0UMdOOTE7hvMhnsKHnRE=,uAuKyVGnDEM+3KytZTDAqCkJZFE=
20,9,FUgjbCh0UMdOOTE7hvMhnsKHnRE=,uAuKyVGnDEM+3KytZTDAqCkJZFE=
16,11,FUgjbCh0UMdOOTE7hvMhnsKHnRE=,uAuKyVGnDEM+3KytZTDAqCkJZFE=
17,10,FUgjbCh0UMdOOTE7hvMhnsKHnRE=,uAuKyVGnDEM+3KytZTDAqCkJZFE=
16,10,FUgjbCh0UMdOOTE7hvMhnsKHnRE=,uAuKyVGnDEM+3KytZTDAqCkJZFE=
31,8,FUgjbCh0UMdOOTE7hvMhnsKHnRE=,uAuKyVGnDEM+3KytZTDAqCkJZFE=
30,8,FUgjbCh0UMdOOTE7hvMhnsKHnRE=,uAuKyVGnDEM+3KytZTDAqCkJZFE=
29,8,FUgjbCh0UMdOOTE7hvMhnsKHnRE=,uAuKyVGnDEM+3KytZTDAqCkJZFE=
28,8,FUgjbCh0UMdOOTE7hvMhnsKHnRE=,uAuKyVGnDEM+3KytZTDAqCkJZFE=
27,8,FUgjbCh0UMdOOTE7hvMhnsKHnRE=,uAuKyVGnDEM+3KytZTDAqCkJZFE=
26,8,FUgjbCh0UMdOOTE7hvMhnsKHnRE=,uAuKyVGnDEM+3KytZTDAqCkJZFE=
25,8,FUgjbCh0UMdOOTE7hvMhnsKHnRE=,uAuKyVGnDEM+3KytZTDAqCkJZFE=
17,9,FUgjbCh0UMdOOTE7hvMhnsKHnRE=,uAuKyVGnDEM+3KytZTDAqCkJZFE=
24,8,FUgjbCh0UMdOOTE7hvMhnsKHnRE=,uAuKyVGnDEM+3KytZTDAqCkJZFE=
26,0,FUgjbCh0UMdOOTE7hvMhnsKHnRE=,uAuKyVGnDEM+3KytZTDAqCkJZFE=
19,3,FUgjbCh0UMdOOTE7hvMhnsKHnRE=,uAuKyVGnDEM+3KytZTDAqCkJZFE=
23,8,FUgjbCh0UMdOOTE7hvMhnsKHnRE=,uAuKyVGnDEM+3KytZTDAqCkJZFE=
23,1,FUgjbCh0UMdOOTE7hvMhnsKHnRE=,uAuKyVGnDEM+3KytZTDAqCkJZFE=
22,8,FUgjbCh0UMdOOTE7hvMhnsKHnRE=,uAuKyVGnDEM+3KytZTDAqCkJZFE=
21,8,FUgjbCh0UMdOOTE7hvMhnsKHnRE=,uAuKyVGnDEM+3KytZTDAqCkJZFE=
20,8,FUgjbCh0UMdOOTE7hvMhnsKHnRE=,uAuKyVGnDEM+3KytZTDAqCkJZFE=
18,9,FUgjbCh0UMdOOTE7hvMhnsKHnRE=,uAuKyVGnDEM+3KytZTDAqCkJZFE=
19,9,FUgjbCh0UMdOOTE7hvMhnsKHnRE=,uAuKyVGnDEM+3KytZTDAqCkJZFE=
18,10,FUgjbCh0UMdOOTE7hvMhnsKHnRE=,uAuKyVGnDEM+3KytZTDAqCkJZFE=
17,8,FUgjbCh0UMdOOTE7hvMhnsKHnRE=,uAuKyVGnDEM+3KytZTDAqCkJZFE=
18,8,FUgjbCh0UMdOOTE7hvMhnsKHnRE=,uAuKyVGnDEM+3KytZTDAqCkJZFE=
16,9,FUgjbCh0UMdOOTE7hvMhnsKHnRE=,uAuKyVGnDEM+3KytZTDAqCkJZFE=
19,8,FUgjbCh0UMdOOTE7hvMhnsKHnRE=,uAuKyVGnDEM+3KytZTDAqCkJZFE=
12,19,Oq9nNtG8TM/qaPPt6i58teG51Ew=,85+yF6PRZqptx2ADFYKwXFPtwzA=
15,17,Oq9nNtG8TM/qaPPt6i58teG51Ew=,85+yF6PRZqptx2ADFYKwXFPtwzA=
13,18,Oq9nNtG8TM/qaPPt6i58teG51Ew=,85+yF6PRZqptx2ADFYKwXFPtwzA=
15,31,Oq9nNtG8TM/qaPPt6i58teG51Ew=,85+yF6PRZqptx2ADFYKwXFPtwzA=
11,18,Oq9nNtG8TM/qaPPt6i58teG51Ew=,85+yF6PRZqptx2ADFYKwXFPtwzA=
12,18,Oq9nNtG8TM/qaPPt6i58teG51Ew=,85+yF6PRZqptx2ADFYKwXFPtwzA=
14,31,Oq9nNtG8TM/qaPPt6i58teG51Ew=,85+yF6PRZqptx2ADFYKwXFPtwzA=
9,18,Oq9nNtG8TM/qaPPt6i58teG51Ew=,85+yF6PRZqptx2ADFYKwXFPtwzA=
10,18,Oq9nNtG8TM/qaPPt6i58teG51Ew=,85+yF6PRZqptx2ADFYKwXFPtwzA=
8,18,Oq9nNtG8TM/qaPPt6i58teG51Ew=,85+yF6PRZqptx2ADFYKwXFPtwzA=
11,19,Oq9nNtG8TM/qaPPt6i58teG51Ew=,85+yF6PRZqptx2ADFYKwXFPtwzA=
13,31,Oq9nNtG8TM/qaPPt6i58teG51Ew=,85+yF6PRZqptx2ADFYKwXFPtwzA=
6,18,Oq9nNtG8TM/qaPPt6i58teG51Ew=,85+yF6PRZqptx2ADFYKwXFPtwzA=
12,31,Oq9nNtG8TM/qaPPt6i58teG51Ew=,85+yF6PRZqptx2ADFYKwXFPtwzA=
7,18,Oq9nNtG8TM/qaPPt6i58teG51Ew=,85+yF6PRZqptx2ADFYKwXFPtwzA=
5,18,Oq9nNtG8TM/qaPPt6i58teG51Ew=,85+yF6PRZqptx2ADFYKwXFPtwzA=
4,18,Oq9nNtG8TM/qaPPt6i58teG51Ew=,85+yF6PRZqptx2ADFYKwXFPtwzA=
3,18,Oq9nNtG8TM/qaPPt6i58teG51Ew=,85+yF6PRZqptx2ADFYKwXFPtwzA=
2,18,Oq9nNtG8TM/qaPPt6i58teG51Ew=,85+yF6PRZqptx2ADFYKwXFPtwzA=
11,31,Oq9nNtG8TM/qaPPt6i58teG51Ew=,85+yF6PRZqptx2ADFYKwXFPtwzA=
1,18,Oq9nNtG8TM/qaPPt6i58teG51Ew=,85+yF6PRZqptx2ADFYKwXFPtwzA=
0,18,Oq9nNtG8TM/qaPPt6i58teG51Ew=,85+yF6PRZqptx2ADFYKwXFPtwzA=
10,31,Oq9nNtG8TM/qaPPt6i58teG51Ew=,85+yF6PRZqptx2ADFYKwXFPtwzA=
8,31,Oq9nNtG8TM/qaPPt6i58teG51Ew=,85+yF6PRZqptx2ADFYKwXFPtwzA=
7,31,Oq9nNtG8TM/qaPPt6i58teG51Ew=,85+yF6PRZqptx2ADFYKwXFPtwzA=
6,31,Oq9nNtG8TM/qaPPt6i58teG51Ew=,85+yF6PRZqptx2ADFYKwXFPtwzA=
2,16,Oq9nNtG8TM/qaPPt6i58teG51Ew=,85+yF6PRZqptx2ADFYKwXFPtwzA=
5,31,Oq9nNtG8TM/qaPPt6i58teG51Ew=,85+yF6PRZqptx2ADFYKwXFPtwzA=
4,31,Oq9nNtG8TM/qaPPt6i58teG51Ew=,85+yF6PRZqptx2ADFYKwXFPtwzA=
2,31,Oq9nNtG8TM/qaPPt6i58teG51Ew=,85+yF6PRZqptx2ADFYKwXFPtwzA=
1,17,Oq9nNtG8TM/qaPPt6i58teG51Ew=,85+yF6PRZqptx2ADFYKwXFPtwzA=
9,31,Oq9nNtG8TM/qaPPt6i58teG51Ew=,85+yF6PRZqptx2ADFYKwXFPtwzA=
1,31,Oq9nNtG8TM/qaPPt6i58teG51Ew=,85+yF6PRZqptx2ADFYKwXFPtwzA=
3,31,Oq9nNtG8TM/qaPPt6i58teG51Ew=,85+yF6PRZqptx2ADFYKwXFPtwzA=
15,30,Oq9nNtG8TM/qaPPt6i58teG51Ew=,85+yF6PRZqptx2ADFYKwXFPtwzA=
14,30,Oq9nNtG8TM/qaPPt6i58teG51Ew=,85+yF6PRZqptx2ADFYKwXFPtwzA=
14,17,Oq9nNtG8TM/qaPPt6i58teG51Ew=,85+yF6PRZqptx2ADFYKwXFPtwzA=
13,30,Oq9nNtG8TM/qaPPt6i58teG51Ew=,85+yF6PRZqptx2ADFYKwXFPtwzA=
11,30,Oq9nNtG8TM/qaPPt6i58teG51Ew=,85+yF6PRZqptx2ADFYKwXFPtwzA=
12,30,Oq9nNtG8TM/qaPPt6i58teG51Ew=,85+yF6PRZqptx2ADFYKwXFPtwzA=
10,30,Oq9nNtG8TM/qaPPt6i58teG51Ew=,85+yF6PRZqptx2ADFYKwXFPtwzA=
9,30,Oq9nNtG8TM/qaPPt6i58teG51Ew=,85+yF6PRZqptx2ADFYKwXFPtwzA=
8,30,Oq9nNtG8TM/qaPPt6i58teG51Ew=,85+yF6PRZqptx2ADFYKwXFPtwzA=
7,30,Oq9nNtG8TM/qaPPt6i58teG51Ew=,85+yF6PRZqptx2ADFYKwXFPtwzA=
5,30,Oq9nNtG8TM/qaPPt6i58teG51Ew=,85+yF6PRZqptx2ADFYKwXFPtwzA=
6,30,Oq9nNtG8TM/qaPPt6i58teG51Ew=,85+yF6PRZqptx2ADFYKwXFPtwzA=
4,30,Oq9nNtG8TM/qaPPt6i58teG51Ew=,85+yF6PRZqptx2ADFYKwXFPtwzA=
9,19,Oq9nNtG8TM/qaPPt6i58teG51Ew=,85+yF6PRZqptx2ADFYKwXFPtwzA=
3,30,Oq9nNtG8TM/qaPPt6i58teG51Ew=,85+yF6PRZqptx2ADFYKwXFPtwzA=
2,30,Oq9nNtG8TM/qaPPt6i58teG51Ew=,85+yF6PRZqptx2ADFYKwXFPtwzA=
13,17,Oq9nNtG8TM/qaPPt6i58teG51Ew=,85+yF6PRZqptx2ADFYKwXFPtwzA=
1,30,Oq9nNtG8TM/qaPPt6i58teG51Ew=,85+yF6PRZqptx2ADFYKwXFPtwzA=
15,29,Oq9nNtG8TM/qaPPt6i58teG51Ew=,85+yF6PRZqptx2ADFYKwXFPtwzA=
3,16,Oq9nNtG8TM/qaPPt6i58teG51Ew=,85+yF6PRZqptx2ADFYKwXFPtwzA=
13,29,Oq9nNtG8TM/qaPPt6i58teG51Ew=,85+yF6PRZqptx2ADFYKwXFPtwzA=
14,29,Oq9nNtG8TM/qaPPt6i58teG51Ew=,85+yF6PRZqptx2ADFYKwXFPtwzA=
11,29,Oq9nNtG8TM/qaPPt6i58teG51Ew=,85+yF6PRZqptx2ADFYKwXFPtwzA=
9,29,Oq9nNtG8TM/qaPPt6i58teG51Ew=,85+yF6PRZqptx2ADFYKwXFPtwzA=
8,29,Oq9nNtG8TM/qaPPt6i58teG51Ew=,85+yF6PRZqptx2ADFYKwXFPtwzA=
10,29,Oq9nNtG8TM/qaPPt6i58teG51Ew=,85+yF6PRZqptx2ADFYKwXFPtwzA=
7,29,Oq9nNtG8TM/qaPPt6i58teG51Ew=,85+yF6PRZqptx2ADFYKwXFPtwzA=
6,29,Oq9nNtG8TM/qaPPt6i58teG51Ew=,85+yF6PRZqptx2ADFYKwXFPtwzA=
5,29,Oq9nNtG8TM/qaPPt6i58teG51Ew=,85+yF6PRZqptx2ADFYKwXFPtwzA=
8,19,Oq9nNtG8TM/qaPPt6i58teG51Ew=,85+yF6PRZqptx2ADFYKwXFPtwzA=
15,16,Oq9nNtG8TM/qaPPt6i58teG51Ew=,85+yF6PRZqptx2ADFYKwXFPtwzA=
4,29,Oq9nNtG8TM/qaPPt6i58teG51Ew=,85+yF6PRZqptx2ADFYKwXFPtwzA=
3,29,Oq9nNtG8TM/qaPPt6i58teG51Ew=,85+yF6PRZqptx2ADFYKwXFPtwzA=
2,29,Oq9nNtG8TM/qaPPt6i58teG51Ew=,85+yF6PRZqptx2ADFYKwXFPtwzA=
1,29,Oq9nNtG8TM/qaPPt6i58teG51Ew=,85+yF6PRZqptx2ADFYKwXFPtwzA=
14,28,Oq9nNtG8TM/qaPPt6i58teG51Ew=,85+yF6PRZqptx2ADFYKwXFPtwzA=
13,28,Oq9nNtG8TM/qaPPt6i58teG51Ew=,85+yF6PRZqptx2ADFYKwXFPtwzA=
15,28,Oq9nNtG8TM/qaPPt6i58teG51Ew=,85+yF6PRZqptx2ADFYKwXFPtwzA=
11,28,Oq9nNtG8TM/qaPPt6i58teG51Ew=,85+yF6PRZqptx2ADFYKwXFPtwzA=
10,28,Oq9nNtG8TM/qaPPt6i58teG51Ew=,85+yF6PRZqptx2ADFYKwXFPtwzA=
12,28,Oq9nNtG8TM/qaPPt6i58teG51Ew=,85+yF6PRZqptx2ADFYKwXFPtwzA=
9,28,Oq9nNtG8TM/qaPPt6i58teG51Ew=,85+yF6PRZqptx2ADFYKwXFPtwzA=
8,28,Oq9nNtG8TM/qaPPt6i58teG51Ew=,85+yF6PRZqptx2ADFYKwXFPtwzA=
7,28,Oq9nNtG8TM/qaPPt6i58teG51Ew=,85+yF6PRZqptx2ADFYKwXFPtwzA=
6,28,Oq9nNtG8TM/qaPPt6i58teG51Ew=,85+yF6PRZqptx2ADFYKwXFPtwzA=
5,28,Oq9nNtG8TM/qaPPt6i58teG51Ew=,85+yF6PRZqptx2ADFYKwXFPtwzA=
4,28,Oq9nNtG8TM/qaPPt6i58teG51Ew=,85+yF6PRZqptx2ADFYKwXFPtwzA=
14,16,Oq9nNtG8TM/qaPPt6i58teG51Ew=,85+yF6PRZqptx2ADFYKwXFPtwzA=
7,19,Oq9nNtG8TM/qaPPt6i58teG51Ew=,85+yF6PRZqptx2ADFYKwXFPtwzA=
1,16,Oq9nNtG8TM/qaPPt6i58teG51Ew=,85+yF6PRZqptx2ADFYKwXFPtwzA=
3,28,Oq9nNtG8TM/qaPPt6i58teG51Ew=,85+yF6PRZqptx2ADFYKwXFPtwzA=
2,28,Oq9nNtG8TM/qaPPt6i58teG51Ew=,85+yF6PRZqptx2ADFYKwXFPtwzA=
1,28,Oq9nNtG8TM/qaPPt6i58teG51Ew=,85+yF6PRZqptx2ADFYKwXFPtwzA=
15,27,Oq9nNtG8TM/qaPPt6i58teG51Ew=,85+yF6PRZqptx2ADFYKwXFPtwzA=
14,27,Oq9nNtG8TM/qaPPt6i58teG51Ew=,85+yF6PRZqptx2ADFYKwXFPtwzA=
12,27,Oq9nNtG8TM/qaPPt6i58teG51Ew=,85+yF6PRZqptx2ADFYKwXFPtwzA=
13,27,Oq9nNtG8TM/qaPPt6i58teG51Ew=,85+yF6PRZqptx2ADFYKwXFPtwzA=
11,27,Oq9nNtG8TM/qaPPt6i58teG51Ew=,85+yF6PRZqptx2ADFYKwXFPtwzA=
13,16,Oq9nNtG8TM/qaPPt6i58teG51Ew=,85+yF6PRZqptx2ADFYKwXFPtwzA=
9,27,Oq9nNtG8TM/qaPPt6i58teG51Ew=,85+yF6PRZqptx2ADFYKwXFPtwzA=
10,27,Oq9nNtG8TM/qaPPt6i58teG51Ew=,85+yF6PRZqptx2ADFYKwXFPtwzA=
8,27,Oq9nNtG8TM/qaPPt6i58teG51Ew=,85+yF6PRZqptx2ADFYKwXFPtwzA=
6,27,Oq9nNtG8TM/qaPPt6i58teG51Ew=,85+yF6PRZqptx2ADFYKwXFPtwzA=
5,27,Oq9nNtG8TM/qaPPt6i58teG51Ew=,85+yF6PRZqptx2ADFYKwXFPtwzA=
7,27,Oq9nNtG8TM/qaPPt6i58teG51Ew=,85+yF6PRZqptx2ADFYKwXFPtwzA=
4,27,Oq9nNtG8TM/qaPPt6i58teG51Ew=,85+yF6PRZqptx2ADFYKwXFPtwzA=
3,27,Oq9nNtG8TM/qaPPt6i58teG51Ew=,85+yF6PRZqptx2ADFYKwXFPtwzA=
2,27,Oq9nNtG8TM/qaPPt6i58teG51Ew=,85+yF6PRZqptx2ADFYKwXFPtwzA=
12,16,Oq9nNtG8TM/qaPPt6i58teG51Ew=,85+yF6PRZqptx2ADFYKwXFPtwzA=
6,19,Oq9nNtG8TM/qaPPt6i58teG51Ew=,85+yF6PRZqptx2ADFYKwXFPtwzA=
1,27,Oq9nNtG8TM/qaPPt6i58teG51Ew=,85+yF6PRZqptx2ADFYKwXFPtwzA=
0,17,Oq9nNtG8TM/qaPPt6i58teG51Ew=,85+yF6PRZqptx2ADFYKwXFPtwzA=
15,26,Oq9nNtG8TM/qaPPt6i58teG51Ew=,85+yF6PRZqptx2ADFYKwXFPtwzA=
14,26,Oq9nNtG8TM/qaPPt6i58teG51Ew=,85+yF6PRZqptx2ADFYKwXFPtwzA=
13,26,Oq9nNtG8TM/qaPPt6i58teG51Ew=,85+yF6PRZqptx2ADFYKwXFPtwzA=
12,26,Oq9nNtG8TM/qaPPt6i58teG51Ew=,85+yF6PRZqptx2ADFYKwXFPtwzA=
11,26,Oq9nNtG8TM/qaPPt6i58teG51Ew=,85+yF6PRZqptx2ADFYKwXFPtwzA=
10,26,Oq9nNtG8TM/qaPPt6i58teG51Ew=,85+yF6PRZqptx2ADFYKwXFPtwzA=
9,26,Oq9nNtG8TM/qaPPt6i58teG51Ew=,85+yF6PRZqptx2ADFYKwXFPtwzA=
8,26,Oq9nNtG8TM/qaPPt6i58teG51Ew=,85+yF6PRZqptx2ADFYKwXFPtwzA=
7,26,Oq9nNtG8TM/qaPPt6i58teG51Ew=,85+yF6PRZqptx2ADFYKwXFPtwzA=
6,26,Oq9nNtG8TM/qaPPt6i58teG51Ew=,85+yF6PRZqptx2ADFYKwXFPtwzA=
5,26,Oq9nNtG8TM/qaPPt6i58teG51Ew=,85+yF6PRZqptx2ADFYKwXFPtwzA=
4,26,Oq9nNtG8TM/qaPPt6i58teG51Ew=,85+yF6PRZqptx2ADFYKwXFPtwzA=
3,26,Oq9nNtG8TM/qaPPt6i58teG51Ew=,85+yF6PRZqptx2ADFYKwXFPtwzA=
2,26,Oq9nNtG8TM/qaPPt6i58teG51Ew=,85+yF6PRZqptx2ADFYKwXFPtwzA=
11,16,Oq9nNtG8TM/qaPPt6i58teG51Ew=,85+yF6PRZqptx2ADFYKwXFPtwzA=
5,19,Oq9nNtG8TM/qaPPt6i58teG51Ew=,85+yF6PRZqptx2ADFYKwXFPtwzA=
1,26,Oq9nNtG8TM/qaPPt6i58teG51Ew=,85+yF6PRZqptx2ADFYKwXFPtwzA=
0,31,Oq9nNtG8TM/qaPPt6i58teG51Ew=,85+yF6PRZqptx2ADFYKwXFPtwzA=
15,25,Oq9nNtG8TM/qaPPt6i58teG51Ew=,85+yF6PRZqptx2ADFYKwXFPtwzA=
14,25,Oq9nNtG8TM/qaPPt6i58teG51Ew=,85+yF6PRZqptx2ADFYKwXFPtwzA=
10,19,Oq9nNtG8TM/qaPPt6i58teG51Ew=,85+yF6PRZqptx2ADFYKwXFPtwzA=
13,25,Oq9nNtG8TM/qaPPt6i58teG51Ew=,85+yF6PRZqptx2ADFYKwXFPtwzA=
0,30,Oq9nNtG8TM/qaPPt6i58teG51Ew=,85+yF6PRZqptx2ADFYKwXFPtwzA=
12,17,Oq9nNtG8TM/qaPPt6i58teG51Ew=,85+yF6PRZqptx2ADFYKwXFPtwzA=
12,25,Oq9nNtG8TM/qaPPt6i58teG51Ew=,85+yF6PRZqptx2ADFYKwXFPtwzA=
11,25,Oq9nNtG8TM/qaPPt6i58teG51Ew=,85+yF6PRZqptx2ADFYKwXFPtwzA=
9,25,Oq9nNtG8TM/qaPPt6i58teG51Ew=,85+yF6PRZqptx2ADFYKwXFPtwzA=
10,25,Oq9nNtG8TM/qaPPt6i58teG51Ew=,85+yF6PRZqptx2ADFYKwXFPtwzA=
8,25,Oq9nNtG8TM/qaPPt6i58teG51Ew=,85+yF6PRZqptx2ADFYKwXFPtwzA=
7,25,Oq9nNtG8TM/qaPPt6i58teG51Ew=,85+yF6PRZqptx2ADFYKwXFPtwzA=
6,25,Oq9nNtG8TM/qaPPt6i58teG51Ew=,85+yF6PRZqptx2ADFYKwXFPtwzA=
4,25,Oq9nNtG8TM/qaPPt6i58teG51Ew=,85+yF6PRZqptx2ADFYKwXFPtwzA=
5,25,Oq9nNtG8TM/qaPPt6i58teG51Ew=,85+yF6PRZqptx2ADFYKwXFPtwzA=
3,25,Oq9nNtG8TM/qaPPt6i58teG51Ew=,85+yF6PRZqptx2ADFYKwXFPtwzA=
10,16,Oq9nNtG8TM/qaPPt6i58teG51Ew=,85+yF6PRZqptx2ADFYKwXFPtwzA=
11,17,Oq9nNtG8TM/qaPPt6i58teG51Ew=,85+yF6PRZqptx2ADFYKwXFPtwzA=
4,19,Oq9nNtG8TM/qaPPt6i58teG51Ew=,85+yF6PRZqptx2ADFYKwXFPtwzA=
2,25,Oq9nNtG8TM/qaPPt6i58teG51Ew=,85+yF6PRZqptx2ADFYKwXFPtwzA=
1,25,Oq9nNtG8TM/qaPPt6i58teG51Ew=,85+yF6PRZqptx2ADFYKwXFPtwzA=
12,29,Oq9nNtG8TM/qaPPt6i58teG51Ew=,85+yF6PRZqptx2ADFYKwXFPtwzA=
15,24,Oq9nNtG8TM/qaPPt6i58teG51Ew=,85+yF6PRZqptx2ADFYKwXFPtwzA=
14,24,Oq9nNtG8TM/qaPPt6i58teG51Ew=,85+yF6PRZqptx2ADFYKwXFPtwzA=
13,24,Oq9nNtG8TM/qaPPt6i58teG51Ew=,85+yF6PRZqptx2ADFYKwXFPtwzA=
12,24,Oq9nNtG8TM/qaPPt6i58teG51Ew=,85+yF6PRZqptx2ADFYKwXFPtwzA=
10,17,Oq9nNtG8TM/qaPPt6i58teG51Ew=,85+yF6PRZqptx2ADFYKwXFPtwzA=
11,24,Oq9nNtG8TM/qaPPt6i58teG51Ew=,85+yF6PRZqptx2ADFYKwXFPtwzA=
10,24,Oq9nNtG8TM/qaPPt6i58teG51Ew=,85+yF6PRZqptx2ADFYKwXFPtwzA=
9,24,Oq9nNtG8TM/qaPPt6i58teG51Ew=,85+yF6PRZqptx2ADFYKwXFPtwzA=
8,24,Oq9nNtG8TM/qaPPt6i58teG51Ew=,85+yF6PRZqptx2ADFYKwXFPtwzA=
7,24,Oq9nNtG8TM/qaPPt6i58teG51Ew=,85+yF6PRZqptx2ADFYKwXFPtwzA=
6,24,Oq9nNtG8TM/qaPPt6i58teG51Ew=,85+yF6PRZqptx2ADFYKwXFPtwzA=
5,24,Oq9nNtG8TM/qaPPt6i58teG51Ew=,85+yF6PRZqptx2ADFYKwXFPtwzA=
4,24,Oq9nNtG8TM/qaPPt6i58teG51Ew=,85+yF6PRZqptx2ADFYKwXFPtwzA=
3,24,Oq9nNtG8TM/qaPPt6i58teG51Ew=,85+yF6PRZqptx2ADFYKwXFPtwzA=
9,16,Oq9nNtG8TM/qaPPt6i58teG51Ew=,85+yF6PRZqptx2ADFYKwXFPtwzA=
3,19,Oq9nNtG8TM/qaPPt6i58teG51Ew=,85+yF6PRZqptx2ADFYKwXFPtwzA=
2,24,Oq9nNtG8TM/qaPPt6i58teG51Ew=,85+yF6PRZqptx2ADFYKwXFPtwzA=
1,24,Oq9nNtG8TM/qaPPt6i58teG51Ew=,85+yF6PRZqptx2ADFYKwXFPtwzA=
0,28,Oq9nNtG8TM/qaPPt6i58teG51Ew=,85+yF6PRZqptx2ADFYKwXFPtwzA=
15,23,Oq9nNtG8TM/qaPPt6i58teG51Ew=,85+yF6PRZqptx2ADFYKwXFPtwzA=
14,23,Oq9nNtG8TM/qaPPt6i58teG51Ew=,85+yF6PRZqptx2ADFYKwXFPtwzA=
13,23,Oq9nNtG8TM/qaPPt6i58teG51Ew=,85+yF6PRZqptx2ADFYKwXFPtwzA=
12,23,Oq9nNtG8TM/qaPPt6i58teG51Ew=,85+yF6PRZqptx2ADFYKwXFPtwzA=
9,17,Oq9nNtG8TM/qaPPt6i58teG51Ew=,85+yF6PRZqptx2ADFYKwXFPtwzA=
11,23,Oq9nNtG8TM/qaPPt6i58teG51Ew=,85+yF6PRZqptx2ADFYKwXFPtwzA=
10,23,Oq9nNtG8TM/qaPPt6i58teG51Ew=,85+yF6PRZqptx2ADFYKwXFPtwzA=
9,23,Oq9nNtG8TM/qaPPt6i58teG51Ew=,85+yF6PRZqptx2ADFYKwXFPtwzA=
8,23,Oq9nNtG8TM/qaPPt6i58teG51Ew=,85+yF6PRZqptx2ADFYKwXFPtwzA=
7,23,Oq9nNtG8TM/qaPPt6i58teG51Ew=,85+yF6PRZqptx2ADFYKwXFPtwzA=
6,23,Oq9nNtG8TM/qaPPt6i58teG51Ew=,85+yF6PRZqptx2ADFYKwXFPtwzA=
5,23,Oq9nNtG8TM/qaPPt6i58teG51Ew=,85+yF6PRZqptx2ADFYKwXFPtwzA=
4,23,Oq9nNtG8TM/qaPPt6i58teG51Ew=,85+yF6PRZqptx2ADFYKwXFPtwzA=
8,16,Oq9nNtG8TM/qaPPt6i58teG51Ew=,85+yF6PRZqptx2ADFYKwXFPtwzA=
2,19,Oq9nNtG8TM/qaPPt6i58teG51Ew=,85+yF6PRZqptx2ADFYKwXFPtwzA=
3,23,Oq9nNtG8TM/qaPPt6i58teG51Ew=,85+yF6PRZqptx2ADFYKwXFPtwzA=
2,23,Oq9nNtG8TM/qaPPt6i58teG51Ew=,85+yF6PRZqptx2ADFYKwXFPtwzA=
0,16,Oq9nNtG8TM/qaPPt6i58teG51Ew=,85+yF6PRZqptx2ADFYKwXFPtwzA=
1,23,Oq9nNtG8TM/qaPPt6i58teG51Ew=,85+yF6PRZqptx2ADFYKwXFPtwzA=
15,22,Oq9nNtG8TM/qaPPt6i58teG51Ew=,85+yF6PRZqptx2ADFYKwXFPtwzA=
14,22,Oq9nNtG8TM/qaPPt6i58teG51Ew=,85+yF6PRZqptx2ADFYKwXFPtwzA=
13,22,Oq9nNtG8TM/qaPPt6i58teG51Ew=,85+yF6PRZqptx2ADFYKwXFPtwzA=
0,27,Oq9nNtG8TM/qaPPt6i58teG51Ew=,85+yF6PRZqptx2ADFYKwXFPtwzA=
12,22,Oq9nNtG8TM/qaPPt6i58teG51Ew=,85+yF6PRZqptx2ADFYKwXFPtwzA=
10,22,Oq9nNtG8TM/qaPPt6i58teG51Ew=,85+yF6PRZqptx2ADFYKwXFPtwzA=
11,22,Oq9nNtG8TM/qaPPt6i58teG51Ew=,85+yF6PRZqptx2ADFYKwXFPtwzA=
9,22,Oq9nNtG8TM/qaPPt6i58teG51Ew=,85+yF6PRZqptx2ADFYKwXFPtwzA=
8,22,Oq9nNtG8TM/qaPPt6i58teG51Ew=,85+yF6PRZqptx2ADFYKwXFPtwzA=
8,17,Oq9nNtG8TM/qaPPt6i58teG51Ew=,85+yF6PRZqptx2ADFYKwXFPtwzA=
7,22,Oq9nNtG8TM/qaPPt6i58teG51Ew=,85+yF6PRZqptx2ADFYKwXFPtwzA=
6,22,Oq9nNtG8TM/qaPPt6i58teG51Ew=,85+yF6PRZqptx2ADFYKwXFPtwzA=
5,22,Oq9nNtG8TM/qaPPt6i58teG51Ew=,85+yF6PRZqptx2ADFYKwXFPtwzA=
4,22,Oq9nNtG8TM/qaPPt6i58teG51Ew=,85+yF6PRZqptx2ADFYKwXFPtwzA=
3,22,Oq9nNtG8TM/qaPPt6i58teG51Ew=,85+yF6PRZqptx2ADFYKwXFPtwzA=
7,16,Oq9nNtG8TM/qaPPt6i58teG51Ew=,85+yF6PRZqptx2ADFYKwXFPtwzA=
1,19,Oq9nNtG8TM/qaPPt6i58teG51Ew=,85+yF6PRZqptx2ADFYKwXFPtwzA=
2,22,Oq9nNtG8TM/qaPPt6i58teG51Ew=,85+yF6PRZqptx2ADFYKwXFPtwzA=
1,22,Oq9nNtG8TM/qaPPt6i58teG51Ew=,85+yF6PRZqptx2ADFYKwXFPtwzA=
7,17,Oq9nNtG8TM/qaPPt6i58teG51Ew=,85+yF6PRZqptx2ADFYKwXFPtwzA=
15,21,Oq9nNtG8TM/qaPPt6i58teG51Ew=,85+yF6PRZqptx2ADFYKwXFPtwzA=
14,21,Oq9nNtG8TM/qaPPt6i58teG51Ew=,85+yF6PRZqptx2ADFYKwXFPtwzA=
13,21,Oq9nNtG8TM/qaPPt6i58teG51Ew=,85+yF6PRZqptx2ADFYKwXFPtwzA=
12,21,Oq9nNtG8TM/qaPPt6i58teG51Ew=,85+yF6PRZqptx2ADFYKwXFPtwzA=
11,21,Oq9nNtG8TM/qaPPt6i58teG51Ew=,85+yF6PRZqptx2ADFYKwXFPtwzA=
10,21,Oq9nNtG8TM/qaPPt6i58teG51Ew=,85+yF6PRZqptx2ADFYKwXFPtwzA=
9,21,Oq9nNtG8TM/qaPPt6i58teG51Ew=,85+yF6PRZqptx2ADFYKwXFPtwzA=
8,21,Oq9nNtG8TM/qaPPt6i58teG51Ew=,85+yF6PRZqptx2ADFYKwXFPtwzA=
6,21,Oq9nNtG8TM/qaPPt6i58teG51Ew=,85+yF6PRZqptx2ADFYKwXFPtwzA=
7,21,Oq9nNtG8TM/qaPPt6i58teG51Ew=,85+yF6PRZqptx2ADFYKwXFPtwzA=
5,21,Oq9nNtG8TM/qaPPt6i58teG51Ew=,85+yF6PRZqptx2ADFYKwXFPtwzA=
6,17,Oq9nNtG8TM/qaPPt6i58teG51Ew=,85+yF6PRZqptx2ADFYKwXFPtwzA=
3,21,Oq9nNtG8TM/qaPPt6i58teG51Ew=,85+yF6PRZqptx2ADFYKwXFPtwzA=
2,21,Oq9nNtG8TM/qaPPt6i58teG51Ew=,85+yF6PRZqptx2ADFYKwXFPtwzA=
4,21,Oq9nNtG8TM/qaPPt6i58teG51Ew=,85+yF6PRZqptx2ADFYKwXFPtwzA=
5,17,Oq9nNtG8TM/qaPPt6i58teG51Ew=,85+yF6PRZqptx2ADFYKwXFPtwzA=
1,21,Oq9nNtG8TM/qaPPt6i58teG51Ew=,85+yF6PRZqptx2ADFYKwXFPtwzA=
6,16,Oq9nNtG8TM/qaPPt6i58teG51Ew=,85+yF6PRZqptx2ADFYKwXFPtwzA=
0,26,Oq9nNtG8TM/qaPPt6i58teG51Ew=,85+yF6PRZqptx2ADFYKwXFPtwzA=
0,29,Oq9nNtG8TM/qaPPt6i58teG51Ew=,85+yF6PRZqptx2ADFYKwXFPtwzA=
15,20,Oq9nNtG8TM/qaPPt6i58teG51Ew=,85+yF6PRZqptx2ADFYKwXFPtwzA=
4,17,Oq9nNtG8TM/qaPPt6i58teG51Ew=,85+yF6PRZqptx2ADFYKwXFPtwzA=
14,20,Oq9nNtG8TM/qaPPt6i58teG51Ew=,85+yF6PRZqptx2ADFYKwXFPtwzA=
13,20,Oq9nNtG8TM/qaPPt6i58teG51Ew=,85+yF6PRZqptx2ADFYKwXFPtwzA=
12,20,Oq9nNtG8TM/qaPPt6i58teG51Ew=,85+yF6PRZqptx2ADFYKwXFPtwzA=
11,20,Oq9nNtG8TM/qaPPt6i58teG51Ew=,85+yF6PRZqptx2ADFYKwXFPtwzA=
10,20,Oq9nNtG8TM/qaPPt6i58teG51Ew=,85+yF6PRZqptx2ADFYKwXFPtwzA=
9,20,Oq9nNtG8TM/qaPPt6i58teG51Ew=,85+yF6PRZqptx2ADFYKwXFPtwzA=
8,20,Oq9nNtG8TM/qaPPt6i58teG51Ew=,85+yF6PRZqptx2ADFYKwXFPtwzA=
7,20,Oq9nNtG8TM/qaPPt6i58teG51Ew=,85+yF6PRZqptx2ADFYKwXFPtwzA=
6,20,Oq9nNtG8TM/qaPPt6i58teG51Ew=,85+yF6PRZqptx2ADFYKwXFPtwzA=
5,20,Oq9nNtG8TM/qaPPt6i58teG51Ew=,85+yF6PRZqptx2ADFYKwXFPtwzA=
3,17,Oq9nNtG8TM/qaPPt6i58teG51Ew=,85+yF6PRZqptx2ADFYKwXFPtwzA=
4,20,Oq9nNtG8TM/qaPPt6i58teG51Ew=,85+yF6PRZqptx2ADFYKwXFPtwzA=
3,20,Oq9nNtG8TM/qaPPt6i58teG51Ew=,85+yF6PRZqptx2ADFYKwXFPtwzA=
2,20,Oq9nNtG8TM/qaPPt6i58teG51Ew=,85+yF6PRZqptx2ADFYKwXFPtwzA=
5,16,Oq9nNtG8TM/qaPPt6i58teG51Ew=,85+yF6PRZqptx2ADFYKwXFPtwzA=
2,17,Oq9nNtG8TM/qaPPt6i58teG51Ew=,85+yF6PRZqptx2ADFYKwXFPtwzA=
1,20,Oq9nNtG8TM/qaPPt6i58teG51Ew=,85+yF6PRZqptx2ADFYKwXFPtwzA=
0,19,Oq9nNtG8TM/qaPPt6i58teG51Ew=,85+yF6PRZqptx2ADFYKwXFPtwzA=
15,18,Oq9nNtG8TM/qaPPt6i58teG51Ew=,85+yF6PRZqptx2ADFYKwXFPtwzA=
4,16,Oq9nNtG8TM/qaPPt6i58teG51Ew=,85+yF6PRZqptx2ADFYKwXFPtwzA=
15,19,Oq9nNtG8TM/qaPPt6i58teG51Ew=,85+yF6PRZqptx2ADFYKwXFPtwzA=
14,18,Oq9nNtG8TM/qaPPt6i58teG51Ew=,85+yF6PRZqptx2ADFYKwXFPtwzA=
14,19,Oq9nNtG8TM/qaPPt6i58teG51Ew=,85+yF6PRZqptx2ADFYKwXFPtwzA=
13,19,Oq9nNtG8TM/qaPPt6i58teG51Ew=,85+yF6PRZqptx2ADFYKwXFPtwzA=
0,25,Oq9nNtG8TM/qaPPt6i58teG51Ew=,85+yF6PRZqptx2ADFYKwXFPtwzA=
0,24,Oq9nNtG8TM/qaPPt6i58teG51Ew=,85+yF6PRZqptx2ADFYKwXFPtwzA=
0,23,Oq9nNtG8TM/qaPPt6i58teG51Ew=,85+yF6PRZqptx2ADFYKwXFPtwzA=
0,22,Oq9nNtG8TM/qaPPt6i58teG51Ew=,85+yF6PRZqptx2ADFYKwXFPtwzA=
0,20,Oq9nNtG8TM/qaPPt6i58teG51Ew=,85+yF6PRZqptx2ADFYKwXFPtwzA=
0,21,Oq9nNtG8TM/qaPPt6i58teG51Ew=,85+yF6PRZqptx2ADFYKwXFPtwzA=
