-333,-96,3QrnmOoMa4s7azfLZNbEDFpog4s=,PfQW9kWigjr38lzjVvDLRG3jijU=
-321,-81,3QrnmOoMa4s7azfLZNbEDFpog4s=,PfQW9kWigjr38lzjVvDLRG3jijU=
-324,-94,3QrnmOoMa4s7azfLZNbEDFpog4s=,PfQW9kWigjr38lzjVvDLRG3jijU=
-323,-94,3QrnmOoMa4s7azfLZNbEDFpog4s=,PfQW9kWigjr38lzjVvDLRG3jijU=
-326,-94,3QrnmOoMa4s7azfLZNbEDFpog4s=,PfQW9kWigjr38lzjVvDLRG3jijU=
-325,-94,3QrnmOoMa4s7azfLZNbEDFpog4s=,PfQW9kWigjr38lzjVvDLRG3jijU=
-321,-95,3QrnmOoMa4s7azfLZNbEDFpog4s=,PfQW9kWigjr38lzjVvDLRG3jijU=
-327,-94,3QrnmOoMa4s7azfLZNbEDFpog4s=,PfQW9kWigjr38lzjVvDLRG3jijU=
-329,-94,3QrnmOoMa4s7azfLZNbEDFpog4s=,PfQW9kWigjr38lzjVvDLRG3jijU=
-328,-94,3QrnmOoMa4s7azfLZNbEDFpog4s=,PfQW9kWigjr38lzjVvDLRG3jijU=
-330,-94,3QrnmOoMa4s7azfLZNbEDFpog4s=,PfQW9kWigjr38lzjVvDLRG3jijU=
-331,-94,3QrnmOoMa4s7azfLZNbEDFpog4s=,PfQW9kWigjr38lzjVvDLRG3jijU=
-332,-94,3QrnmOoMa4s7azfLZNbEDFpog4s=,PfQW9kWigjr38lzjVvDLRG3jijU=
-333,-94,3QrnmOoMa4s7azfLZNbEDFpog4s=,PfQW9kWigjr38lzjVvDLRG3jijU=
-334,-94,3QrnmOoMa4s7azfLZNbEDFpog4s=,PfQW9kWigjr38lzjVvDLRG3jijU=
-335,-94,3QrnmOoMa4s7azfLZNbEDFpog4s=,PfQW9kWigjr38lzjVvDLRG3jijU=
-325,-93,3QrnmOoMa4s7azfLZNbEDFpog4s=,PfQW9kWigjr38lzjVvDLRG3jijU=
-336,-94,3QrnmOoMa4s7azfLZNbEDFpog4s=,PfQW9kWigjr38lzjVvDLRG3jijU=
-322,-81,3QrnmOoMa4s7azfLZNbEDFpog4s=,PfQW9kWigjr38lzjVvDLRG3jijU=
-323,-81,3QrnmOoMa4s7azfLZNbEDFpog4s=,PfQW9kWigjr38lzjVvDLRG3jijU=
-324,-93,3QrnmOoMa4s7azfLZNbEDFpog4s=,PfQW9kWigjr38lzjVvDLRG3jijU=
-324,-81,3QrnmOoMa4s7azfLZNbEDFpog4s=,PfQW9kWigjr38lzjVvDLRG3jijU=
-326,-81,3QrnmOoMa4s7azfLZNbEDFpog4s=,PfQW9kWigjr38lzjVvDLRG3jijU=
-325,-81,3QrnmOoMa4s7azfLZNbEDFpog4s=,PfQW9kWigjr38lzjVvDLRG3jijU=
-328,-81,3QrnmOoMa4s7azfLZNbEDFpog4s=,PfQW9kWigjr38lzjVvDLRG3jijU=
-322,-94,3QrnmOoMa4s7azfLZNbEDFpog4s=,PfQW9kWigjr38lzjVvDLRG3jijU=
-327,-81,3QrnmOoMa4s7azfLZNbEDFpog4s=,PfQW9kWigjr38lzjVvDLRG3jijU=
-329,-81,3QrnmOoMa4s7azfLZNbEDFpog4s=,PfQW9kWigjr38lzjVvDLRG3jijU=
-330,-81,3QrnmOoMa4s7azfLZNbEDFpog4s=,PfQW9kWigjr38lzjVvDLRG3jijU=
-331,-81,3QrnmOoMa4s7azfLZNbEDFpog4s=,PfQW9kWigjr38lzjVvDLRG3jijU=
-332,-96,3QrnmOoMa4s7azfLZNbEDFpog4s=,PfQW9kWigjr38lzjVvDLRG3jijU=
-332,-81,3QrnmOoMa4s7azfLZNbEDFpog4s=,PfQW9kWigjr38lzjVvDLRG3jijU=
-333,-81,3QrnmOoMa4s7azfLZNbEDFpog4s=,PfQW9kWigjr38lzjVvDLRG3jijU=
-334,-96,3QrnmOoMa4s7azfLZNbEDFpog4s=,PfQW9kWigjr38lzjVvDLRG3jijU=
-323,-93,3QrnmOoMa4s7azfLZNbEDFpog4s=,PfQW9kWigjr38lzjVvDLRG3jijU=
-322,-93,3QrnmOoMa4s7azfLZNbEDFpog4s=,PfQW9kWigjr38lzjVvDLRG3jijU=
-334,-81,3QrnmOoMa4s7azfLZNbEDFpog4s=,PfQW9kWigjr38lzjVvDLRG3jijU=
-326,-93,3QrnmOoMa4s7azfLZNbEDFpog4s=,PfQW9kWigjr38lzjVvDLRG3jijU=
-336,-81,3QrnmOoMa4s7azfLZNbEDFpog4s=,PfQW9kWigjr38lzjVvDLRG3jijU=
-321,-93,3QrnmOoMa4s7azfLZNbEDFpog4s=,PfQW9kWigjr38lzjVvDLRG3jijU=
-335,-81,3QrnmOoMa4s7azfLZNbEDFpog4s=,PfQW9kWigjr38lzjVvDLRG3jijU=
-322,-95,3QrnmOoMa4s7azfLZNbEDFpog4s=,PfQW9kWigjr38lzjVvDLRG3jijU=
-321,-82,3QrnmOoMa4s7azfLZNbEDFpog4s=,PfQW9kWigjr38lzjVvDLRG3jijU=
-322,-82,3QrnmOoMa4s7azfLZNbEDFpog4s=,PfQW9kWigjr38lzjVvDLRG3jijU=
-336,-92,3QrnmOoMa4s7azfLZNbEDFpog4s=,PfQW9kWigjr38lzjVvDLRG3jijU=
-323,-82,3QrnmOoMa4s7azfLZNbEDFpog4s=,PfQW9kWigjr38lzjVvDLRG3jijU=
-324,-82,3QrnmOoMa4s7azfLZNbEDFpog4s=,PfQW9kWigjr38lzjVvDLRG3jijU=
-325,-82,3QrnmOoMa4s7azfLZNbEDFpog4s=,PfQW9kWigjr38lzjVvDLRG3jijU=
-331,-96,3QrnmOoMa4s7azfLZNbEDFpog4s=,PfQW9kWigjr38lzjVvDLRG3jijU=
-326,-82,3QrnmOoMa4s7azfLZNbEDFpog4s=,PfQW9kWigjr38lzjVvDLRG3jijU=
-328,-82,3QrnmOoMa4s7azfLZNbEDFpog4s=,PfQW9kWigjr38lzjVvDLRG3jijU=
-334,-95,3QrnmOoMa4s7azfLZNbEDFpog4s=,PfQW9kWigjr38lzjVvDLRG3jijU=
-329,-82,3QrnmOoMa4s7azfLZNbEDFpog4s=,PfQW9kWigjr38lzjVvDLRG3jijU=
-330,-82,3QrnmOoMa4s7azfLZNbEDFpog4s=,PfQW9kWigjr38lzjVvDLRG3jijU=
-327,-82,3QrnmOoMa4s7azfLZNbEDFpog4s=,PfQW9kWigjr38lzjVvDLRG3jijU=
-331,-82,3QrnmOoMa4s7azfLZNbEDFpog4s=,PfQW9kWigjr38lzjVvDLRG3jijU=
-335,-92,3QrnmOoMa4s7azfLZNbEDFpog4s=,PfQW9kWigjr38lzjVvDLRG3jijU=
-332,-82,3QrnmOoMa4s7azfLZNbEDFpog4s=,PfQW9kWigjr38lzjVvDLRG3jijU=
-333,-82,3QrnmOoMa4s7azfLZNbEDFpog4s=,PfQW9kWigjr38lzjVvDLRG3jijU=
-334,-92,3QrnmOoMa4s7azfLZNbEDFpog4s=,PfQW9kWigjr38lzjVvDLRG3jijU=
-334,-82,3QrnmOoMa4s7azfLZNbEDFpog4s=,PfQW9kWigjr38lzjVvDLRG3jijU=
-335,-95,3QrnmOoMa4s7azfLZNbEDFpog4s=,PfQW9kWigjr38lzjVvDLRG3jijU=
-333,-92,3QrnmOoMa4s7azfLZNbEDFpog4s=,PfQW9kWigjr38lzjVvDLRG3jijU=
-335,-82,3QrnmOoMa4s7azfLZNbEDFpog4s=,PfQW9kWigjr38lzjVvDLRG3jijU=
-327,-93,3QrnmOoMa4s7azfLZNbEDFpog4s=,PfQW9kWigjr38lzjVvDLRG3jijU=
-336,-95,3QrnmOoMa4s7azfLZNbEDFpog4s=,PfQW9kWigjr38lzjVvDLRG3jijU=
-335,-96,3QrnmOoMa4s7azfLZNbEDFpog4s=,PfQW9kWigjr38lzjVvDLRG3jijU=
-336,-82,3QrnmOoMa4s7azfLZNbEDFpog4s=,PfQW9kWigjr38lzjVvDLRG3jijU=
-332,-92,3QrnmOoMa4s7azfLZNbEDFpog4s=,PfQW9kWigjr38lzjVvDLRG3jijU=
-321,-83,3QrnmOoMa4s7azfLZNbEDFpog4s=,PfQW9kWigjr38lzjVvDLRG3jijU=
-322,-83,3QrnmOoMa4s7azfLZNbEDFpog4s=,PfQW9kWigjr38lzjVvDLRG3jijU=
-323,-83,3QrnmOoMa4s7azfLZNbEDFpog4s=,PfQW9kWigjr38lzjVvDLRG3jijU=
-324,-83,3QrnmOoMa4s7azfLZNbEDFpog4s=,PfQW9kWigjr38lzjVvDLRG3jijU=
-325,-83,3QrnmOoMa4s7azfLZNbEDFpog4s=,PfQW9kWigjr38lzjVvDLRG3jijU=
-331,-92,3QrnmOoMa4s7azfLZNbEDFpog4s=,PfQW9kWigjr38lzjVvDLRG3jijU=
-326,-83,3QrnmOoMa4s7azfLZNbEDFpog4s=,PfQW9kWigjr38lzjVvDLRG3jijU=
-327,-83,3QrnmOoMa4s7azfLZNbEDFpog4s=,PfQW9kWigjr38lzjVvDLRG3jijU=
-328,-83,3QrnmOoMa4s7azfLZNbEDFpog4s=,PfQW9kWigjr38lzjVvDLRG3jijU=
-330,-92,3QrnmOoMa4s7azfLZNbEDFpog4s=,PfQW9kWigjr38lzjVvDLRG3jijU=
-329,-92,3QrnmOoMa4s7azfLZNbEDFpog4s=,PfQW9kWigjr38lzjVvDLRG3jijU=
-329,-83,3QrnmOoMa4s7azfLZNbEDFpog4s=,PfQW9kWigjr38lzjVvDLRG3jijU=
-330,-83,3QrnmOoMa4s7azfLZNbEDFpog4s=,PfQW9kWigjr38lzjVvDLRG3jijU=
-331,-83,3QrnmOoMa4s7azfLZNbEDFpog4s=,PfQW9kWigjr38lzjVvDLRG3jijU=
-328,-92,3QrnmOoMa4s7azfLZNbEDFpog4s=,PfQW9kWigjr38lzjVvDLRG3jijU=
-332,-83,3QrnmOoMa4s7azfLZNbEDFpog4s=,PfQW9kWigjr38lzjVvDLRG3jijU=
-333,-83,3QrnmOoMa4s7azfLZNbEDFpog4s=,PfQW9kWigjr38lzjVvDLRG3jijU=
-323,-95,3QrnmOoMa4s7azfLZNbEDFpog4s=,PfQW9kWigjr38lzjVvDLRG3jijU=
-327,-92,3QrnmOoMa4s7azfLZNbEDFpog4s=,PfQW9kWigjr38lzjVvDLRG3jijU=
-334,-83,3QrnmOoMa4s7azfLZNbEDFpog4s=,PfQW9kWigjr38lzjVvDLRG3jijU=
-326,-92,3QrnmOoMa4s7azfLZNbEDFpog4s=,PfQW9kWigjr38lzjVvDLRG3jijU=
-328,-93,3QrnmOoMa4s7azfLZNbEDFpog4s=,PfQW9kWigjr38lzjVvDLRG3jijU=
-321,-94,3QrnmOoMa4s7azfLZNbEDFpog4s=,PfQW9kWigjr38lzjVvDLRG3jijU=
-335,-83,3QrnmOoMa4s7azfLZNbEDFpog4s=,PfQW9kWigjr38lzjVvDLRG3jijU=
-324,-95,3QrnmOoMa4s7azfLZNbEDFpog4s=,PfQW9kWigjr38lzjVvDLRG3jijU=
-325,-92,3QrnmOoMa4s7azfLZNbEDFpog4s=,PfQW9kWigjr38lzjVvDLRG3jijU=
-336,-83,3QrnmOoMa4s7azfLZNbEDFpog4s=,PfQW9kWigjr38lzjVvDLRG3jijU=
-321,-84,3QrnmOoMa4s7azfLZNbEDFpog4s=,PfQW9kWigjr38lzjVvDLRG3jijU=
-330,-96,3QrnmOoMa4s7azfLZNbEDFpog4s=,PfQW9kWigjr38lzjVvDLRG3jijU=
-322,-84,3QrnmOoMa4s7azfLZNbEDFpog4s=,PfQW9kWigjr38lzjVvDLRG3jijU=
-323,-84,3QrnmOoMa4s7azfLZNbEDFpog4s=,PfQW9kWigjr38lzjVvDLRG3jijU=
-324,-92,3QrnmOoMa4s7azfLZNbEDFpog4s=,PfQW9kWigjr38lzjVvDLRG3jijU=
-324,-84,3QrnmOoMa4s7azfLZNbEDFpog4s=,PfQW9kWigjr38lzjVvDLRG3jijU=
-323,-92,3QrnmOoMa4s7azfLZNbEDFpog4s=,PfQW9kWigjr38lzjVvDLRG3jijU=
-325,-84,3QrnmOoMa4s7azfLZNbEDFpog4s=,PfQW9kWigjr38lzjVvDLRG3jijU=
-326,-84,3QrnmOoMa4s7azfLZNbEDFpog4s=,PfQW9kWigjr38lzjVvDLRG3jijU=
-322,-92,3QrnmOoMa4s7azfLZNbEDFpog4s=,PfQW9kWigjr38lzjVvDLRG3jijU=
-327,-84,3QrnmOoMa4s7azfLZNbEDFpog4s=,PfQW9kWigjr38lzjVvDLRG3jijU=
-321,-92,3QrnmOoMa4s7azfLZNbEDFpog4s=,PfQW9kWigjr38lzjVvDLRG3jijU=
-329,-84,3QrnmOoMa4s7azfLZNbEDFpog4s=,PfQW9kWigjr38lzjVvDLRG3jijU=
-328,-84,3QrnmOoMa4s7azfLZNbEDFpog4s=,PfQW9kWigjr38lzjVvDLRG3jijU=
-336,-91,3QrnmOoMa4s7azfLZNbEDFpog4s=,PfQW9kWigjr38lzjVvDLRG3jijU=
-330,-84,3QrnmOoMa4s7azfLZNbEDFpog4s=,PfQW9kWigjr38lzjVvDLRG3jijU=
-331,-84,3QrnmOoMa4s7azfLZNbEDFpog4s=,PfQW9kWigjr38lzjVvDLRG3jijU=
-332,-84,3QrnmOoMa4s7azfLZNbEDFpog4s=,PfQW9kWigjr38lzjVvDLRG3jijU=
-322,-96,3QrnmOoMa4s7azfLZNbEDFpog4s=,PfQW9kWigjr38lzjVvDLRG3jijU=
-335,-91,3QrnmOoMa4s7azfLZNbEDFpog4s=,PfQW9kWigjr38lzjVvDLRG3jijU=
-333,-95,3QrnmOoMa4s7azfLZNbEDFpog4s=,PfQW9kWigjr38lzjVvDLRG3jijU=
-329,-93,3QrnmOoMa4s7azfLZNbEDFpog4s=,PfQW9kWigjr38lzjVvDLRG3jijU=
-334,-91,3QrnmOoMa4s7azfLZNbEDFpog4s=,PfQW9kWigjr38lzjVvDLRG3jijU=
-333,-84,3QrnmOoMa4s7azfLZNbEDFpog4s=,PfQW9kWigjr38lzjVvDLRG3jijU=
-334,-84,3QrnmOoMa4s7azfLZNbEDFpog4s=,PfQW9kWigjr38lzjVvDLRG3jijU=
-335,-84,3QrnmOoMa4s7azfLZNbEDFpog4s=,PfQW9kWigjr38lzjVvDLRG3jijU=
-333,-91,3QrnmOoMa4s7azfLZNbEDFpog4s=,PfQW9kWigjr38lzjVvDLRG3jijU=
-325,-95,3QrnmOoMa4s7azfLZNbEDFpog4s=,PfQW9kWigjr38lzjVvDLRG3jijU=
-336,-84,3QrnmOoMa4s7azfLZNbEDFpog4s=,PfQW9kWigjr38lzjVvDLRG3jijU=
-332,-91,3QrnmOoMa4s7azfLZNbEDFpog4s=,PfQW9kWigjr38lzjVvDLRG3jijU=
-322,-85,3QrnmOoMa4s7azfLZNbEDFpog4s=,PfQW9kWigjr38lzjVvDLRG3jijU=
-321,-85,3QrnmOoMa4s7azfLZNbEDFpog4s=,PfQW9kWigjr38lzjVvDLRG3jijU=
-331,-91,3QrnmOoMa4s7azfLZNbEDFpog4s=,PfQW9kWigjr38lzjVvDLRG3jijU=
-330,-91,3QrnmOoMa4s7azfLZNbEDFpog4s=,PfQW9kWigjr38lzjVvDLRG3jijU=
-325,-85,3QrnmOoMa4s7azfLZNbEDFpog4s=,PfQW9kWigjr38lzjVvDLRG3jijU=
-323,-85,3QrnmOoMa4s7azfLZNbEDFpog4s=,PfQW9kWigjr38lzjVvDLRG3jijU=
-324,-85,3QrnmOoMa4s7azfLZNbEDFpog4s=,PfQW9kWigjr38lzjVvDLRG3jijU=
-326,-85,3QrnmOoMa4s7azfLZNbEDFpog4s=,PfQW9kWigjr38lzjVvDLRG3jijU=
-329,-91,3QrnmOoMa4s7azfLZNbEDFpog4s=,PfQW9kWigjr38lzjVvDLRG3jijU=
-327,-85,3QrnmOoMa4s7azfLZNbEDFpog4s=,PfQW9kWigjr38lzjVvDLRG3jijU=
-328,-85,3QrnmOoMa4s7azfLZNbEDFpog4s=,PfQW9kWigjr38lzjVvDLRG3jijU=
-328,-91,3QrnmOoMa4s7azfLZNbEDFpog4s=,PfQW9kWigjr38lzjVvDLRG3jijU=
-329,-85,3QrnmOoMa4s7azfLZNbEDFpog4s=,PfQW9kWigjr38lzjVvDLRG3jijU=
-330,-85,3QrnmOoMa4s7azfLZNbEDFpog4s=,PfQW9kWigjr38lzjVvDLRG3jijU=
-327,-91,3QrnmOoMa4s7azfLZNbEDFpog4s=,PfQW9kWigjr38lzjVvDLRG3jijU=
-331,-85,3QrnmOoMa4s7azfLZNbEDFpog4s=,PfQW9kWigjr38lzjVvDLRG3jijU=
-323,-96,3QrnmOoMa4s7azfLZNbEDFpog4s=,PfQW9kWigjr38lzjVvDLRG3jijU=
-326,-91,3QrnmOoMa4s7azfLZNbEDFpog4s=,PfQW9kWigjr38lzjVvDLRG3jijU=
-332,-85,3QrnmOoMa4s7azfLZNbEDFpog4s=,PfQW9kWigjr38lzjVvDLRG3jijU=
-330,-93,3QrnmOoMa4s7azfLZNbEDFpog4s=,PfQW9kWigjr38lzjVvDLRG3jijU=
-336,-93,3QrnmOoMa4s7azfLZNbEDFpog4s=,PfQW9kWigjr38lzjVvDLRG3jijU=
-333,-85,3QrnmOoMa4s7azfLZNbEDFpog4s=,PfQW9kWigjr38lzjVvDLRG3jijU=
-334,-85,3QrnmOoMa4s7azfLZNbEDFpog4s=,PfQW9kWigjr38lzjVvDLRG3jijU=
-332,-95,3QrnmOoMa4s7azfLZNbEDFpog4s=,PfQW9kWigjr38lzjVvDLRG3jijU=
-335,-85,3QrnmOoMa4s7azfLZNbEDFpog4s=,PfQW9kWigjr38lzjVvDLRG3jijU=
-329,-96,3QrnmOoMa4s7azfLZNbEDFpog4s=,PfQW9kWigjr38lzjVvDLRG3jijU=
-336,-85,3QrnmOoMa4s7azfLZNbEDFpog4s=,PfQW9kWigjr38lzjVvDLRG3jijU=
-326,-95,3QrnmOoMa4s7azfLZNbEDFpog4s=,PfQW9kWigjr38lzjVvDLRG3jijU=
-325,-91,3QrnmOoMa4s7azfLZNbEDFpog4s=,PfQW9kWigjr38lzjVvDLRG3jijU=
-321,-86,3QrnmOoMa4s7azfLZNbEDFpog4s=,PfQW9kWigjr38lzjVvDLRG3jijU=
-322,-86,3QrnmOoMa4s7azfLZNbEDFpog4s=,PfQW9kWigjr38lzjVvDLRG3jijU=
-323,-86,3QrnmOoMa4s7azfLZNbEDFpog4s=,PfQW9kWigjr38lzjVvDLRG3jijU=
-324,-91,3QrnmOoMa4s7azfLZNbEDFpog4s=,PfQW9kWigjr38lzjVvDLRG3jijU=
-323,-91,3QrnmOoMa4s7azfLZNbEDFpog4s=,PfQW9kWigjr38lzjVvDLRG3jijU=
-324,-86,3QrnmOoMa4s7azfLZNbEDFpog4s=,PfQW9kWigjr38lzjVvDLRG3jijU=
-325,-86,3QrnmOoMa4s7azfLZNbEDFpog4s=,PfQW9kWigjr38lzjVvDLRG3jijU=
-322,-91,3QrnmOoMa4s7azfLZNbEDFpog4s=,PfQW9kWigjr38lzjVvDLRG3jijU=
-326,-86,3QrnmOoMa4s7azfLZNbEDFpog4s=,PfQW9kWigjr38lzjVvDLRG3jijU=
-321,-91,3QrnmOoMa4s7azfLZNbEDFpog4s=,PfQW9kWigjr38lzjVvDLRG3jijU=
-327,-86,3QrnmOoMa4s7azfLZNbEDFpog4s=,PfQW9kWigjr38lzjVvDLRG3jijU=
-328,-86,3QrnmOoMa4s7azfLZNbEDFpog4s=,PfQW9kWigjr38lzjVvDLRG3jijU=
-329,-86,3QrnmOoMa4s7azfLZNbEDFpog4s=,PfQW9kWigjr38lzjVvDLRG3jijU=
-321,-96,3QrnmOoMa4s7azfLZNbEDFpog4s=,PfQW9kWigjr38lzjVvDLRG3jijU=
-336,-96,3QrnmOoMa4s7azfLZNbEDFpog4s=,PfQW9kWigjr38lzjVvDLRG3jijU=
-330,-86,3QrnmOoMa4s7azfLZNbEDFpog4s=,PfQW9kWigjr38lzjVvDLRG3jijU=
-331,-95,3QrnmOoMa4s7azfLZNbEDFpog4s=,PfQW9kWigjr38lzjVvDLRG3jijU=
-324,-96,3QrnmOoMa4s7azfLZNbEDFpog4s=,PfQW9kWigjr38lzjVvDLRG3jijU=
-331,-86,3QrnmOoMa4s7azfLZNbEDFpog4s=,PfQW9kWigjr38lzjVvDLRG3jijU=
-336,-90,3QrnmOoMa4s7azfLZNbEDFpog4s=,PfQW9kWigjr38lzjVvDLRG3jijU=
-332,-86,3QrnmOoMa4s7azfLZNbEDFpog4s=,PfQW9kWigjr38lzjVvDLRG3jijU=
-333,-86,3QrnmOoMa4s7azfLZNbEDFpog4s=,PfQW9kWigjr38lzjVvDLRG3jijU=
-331,-93,3QrnmOoMa4s7azfLZNbEDFpog4s=,PfQW9kWigjr38lzjVvDLRG3jijU=
-334,-86,3QrnmOoMa4s7azfLZNbEDFpog4s=,PfQW9kWigjr38lzjVvDLRG3jijU=
-335,-90,3QrnmOoMa4s7azfLZNbEDFpog4s=,PfQW9kWigjr38lzjVvDLRG3jijU=
-335,-86,3QrnmOoMa4s7azfLZNbEDFpog4s=,PfQW9kWigjr38lzjVvDLRG3jijU=
-336,-86,3QrnmOoMa4s7azfLZNbEDFpog4s=,PfQW9kWigjr38lzjVvDLRG3jijU=
-334,-90,3QrnmOoMa4s7azfLZNbEDFpog4s=,PfQW9kWigjr38lzjVvDLRG3jijU=
-327,-95,3QrnmOoMa4s7azfLZNbEDFpog4s=,PfQW9kWigjr38lzjVvDLRG3jijU=
-322,-87,3QrnmOoMa4s7azfLZNbEDFpog4s=,PfQW9kWigjr38lzjVvDLRG3jijU=
-321,-87,3QrnmOoMa4s7azfLZNbEDFpog4s=,PfQW9kWigjr38lzjVvDLRG3jijU=
-333,-90,3QrnmOoMa4s7azfLZNbEDFpog4s=,PfQW9kWigjr38lzjVvDLRG3jijU=
-324,-87,3QrnmOoMa4s7azfLZNbEDFpog4s=,PfQW9kWigjr38lzjVvDLRG3jijU=
-325,-87,3QrnmOoMa4s7azfLZNbEDFpog4s=,PfQW9kWigjr38lzjVvDLRG3jijU=
-323,-87,3QrnmOoMa4s7azfLZNbEDFpog4s=,PfQW9kWigjr38lzjVvDLRG3jijU=
-332,-90,3QrnmOoMa4s7azfLZNbEDFpog4s=,PfQW9kWigjr38lzjVvDLRG3jijU=
-326,-87,3QrnmOoMa4s7azfLZNbEDFpog4s=,PfQW9kWigjr38lzjVvDLRG3jijU=
-327,-87,3QrnmOoMa4s7azfLZNbEDFpog4s=,PfQW9kWigjr38lzjVvDLRG3jijU=
-328,-87,3QrnmOoMa4s7azfLZNbEDFpog4s=,PfQW9kWigjr38lzjVvDLRG3jijU=
-329,-87,3QrnmOoMa4s7azfLZNbEDFpog4s=,PfQW9kWigjr38lzjVvDLRG3jijU=
-325,-96,3QrnmOoMa4s7azfLZNbEDFpog4s=,PfQW9kWigjr38lzjVvDLRG3jijU=
-331,-90,3QrnmOoMa4s7azfLZNbEDFpog4s=,PfQW9kWigjr38lzjVvDLRG3jijU=
-330,-90,3QrnmOoMa4s7azfLZNbEDFpog4s=,PfQW9kWigjr38lzjVvDLRG3jijU=
-330,-87,3QrnmOoMa4s7azfLZNbEDFpog4s=,PfQW9kWigjr38lzjVvDLRG3jijU=
-331,-87,3QrnmOoMa4s7azfLZNbEDFpog4s=,PfQW9kWigjr38lzjVvDLRG3jijU=
-332,-93,3QrnmOoMa4s7azfLZNbEDFpog4s=,PfQW9kWigjr38lzjVvDLRG3jijU=
-329,-90,3QrnmOoMa4s7azfLZNbEDFpog4s=,PfQW9kWigjr38lzjVvDLRG3jijU=
-332,-87,3QrnmOoMa4s7azfLZNbEDFpog4s=,PfQW9kWigjr38lzjVvDLRG3jijU=
-333,-87,3QrnmOoMa4s7azfLZNbEDFpog4s=,PfQW9kWigjr38lzjVvDLRG3jijU=
-328,-90,3QrnmOoMa4s7azfLZNbEDFpog4s=,PfQW9kWigjr38lzjVvDLRG3jijU=
-334,-87,3QrnmOoMa4s7azfLZNbEDFpog4s=,PfQW9kWigjr38lzjVvDLRG3jijU=
-335,-87,3QrnmOoMa4s7azfLZNbEDFpog4s=,PfQW9kWigjr38lzjVvDLRG3jijU=
-336,-87,3QrnmOoMa4s7azfLZNbEDFpog4s=,PfQW9kWigjr38lzjVvDLRG3jijU=
-327,-90,3QrnmOoMa4s7azfLZNbEDFpog4s=,PfQW9kWigjr38lzjVvDLRG3jijU=
-321,-88,3QrnmOoMa4s7azfLZNbEDFpog4s=,PfQW9kWigjr38lzjVvDLRG3jijU=
-328,-95,3QrnmOoMa4s7azfLZNbEDFpog4s=,PfQW9kWigjr38lzjVvDLRG3jijU=
-335,-93,3QrnmOoMa4s7azfLZNbEDFpog4s=,PfQW9kWigjr38lzjVvDLRG3jijU=
-322,-88,3QrnmOoMa4s7azfLZNbEDFpog4s=,PfQW9kWigjr38lzjVvDLRG3jijU=
-328,-96,3QrnmOoMa4s7azfLZNbEDFpog4s=,PfQW9kWigjr38lzjVvDLRG3jijU=
-323,-88,3QrnmOoMa4s7azfLZNbEDFpog4s=,PfQW9kWigjr38lzjVvDLRG3jijU=
-324,-88,3QrnmOoMa4s7azfLZNbEDFpog4s=,PfQW9kWigjr38lzjVvDLRG3jijU=
-325,-88,3QrnmOoMa4s7azfLZNbEDFpog4s=,PfQW9kWigjr38lzjVvDLRG3jijU=
-326,-88,3QrnmOoMa4s7azfLZNbEDFpog4s=,PfQW9kWigjr38lzjVvDLRG3jijU=
-326,-90,3QrnmOoMa4s7azfLZNbEDFpog4s=,PfQW9kWigjr38lzjVvDLRG3jijU=
-327,-88,3QrnmOoMa4s7azfLZNbEDFpog4s=,PfQW9kWigjr38lzjVvDLRG3jijU=
-328,-88,3QrnmOoMa4s7azfLZNbEDFpog4s=,PfQW9kWigjr38lzjVvDLRG3jijU=
-326,-96,3QrnmOoMa4s7azfLZNbEDFpog4s=,PfQW9kWigjr38lzjVvDLRG3jijU=
-325,-90,3QrnmOoMa4s7azfLZNbEDFpog4s=,PfQW9kWigjr38lzjVvDLRG3jijU=
-329,-88,3QrnmOoMa4s7azfLZNbEDFpog4s=,PfQW9kWigjr38lzjVvDLRG3jijU=
-333,-93,3QrnmOoMa4s7azfLZNbEDFpog4s=,PfQW9kWigjr38lzjVvDLRG3jijU=
-330,-88,3QrnmOoMa4s7azfLZNbEDFpog4s=,PfQW9kWigjr38lzjVvDLRG3jijU=
-324,-90,3QrnmOoMa4s7azfLZNbEDFpog4s=,PfQW9kWigjr38lzjVvDLRG3jijU=
-332,-88,3QrnmOoMa4s7azfLZNbEDFpog4s=,PfQW9kWigjr38lzjVvDLRG3jijU=
-331,-88,3QrnmOoMa4s7azfLZNbEDFpog4s=,PfQW9kWigjr38lzjVvDLRG3jijU=
-333,-88,3QrnmOoMa4s7azfLZNbEDFpog4s=,PfQW9kWigjr38lzjVvDLRG3jijU=
-334,-88,3QrnmOoMa4s7azfLZNbEDFpog4s=,PfQW9kWigjr38lzjVvDLRG3jijU=
-335,-88,3QrnmOoMa4s7azfLZNbEDFpog4s=,PfQW9kWigjr38lzjVvDLRG3jijU=
-323,-90,3QrnmOoMa4s7azfLZNbEDFpog4s=,PfQW9kWigjr38lzjVvDLRG3jijU=
-336,-88,3QrnmOoMa4s7azfLZNbEDFpog4s=,PfQW9kWigjr38lzjVvDLRG3jijU=
-322,-90,3QrnmOoMa4s7azfLZNbEDFpog4s=,PfQW9kWigjr38lzjVvDLRG3jijU=
-329,-95,3QrnmOoMa4s7azfLZNbEDFpog4s=,PfQW9kWigjr38lzjVvDLRG3jijU=
-322,-89,3QrnmOoMa4s7azfLZNbEDFpog4s=,PfQW9kWigjr38lzjVvDLRG3jijU=
-321,-89,3QrnmOoMa4s7azfLZNbEDFpog4s=,PfQW9kWigjr38lzjVvDLRG3jijU=
-323,-89,3QrnmOoMa4s7azfLZNbEDFpog4s=,PfQW9kWigjr38lzjVvDLRG3jijU=
-324,-89,3QrnmOoMa4s7azfLZNbEDFpog4s=,PfQW9kWigjr38lzjVvDLRG3jijU=
-325,-89,3QrnmOoMa4s7azfLZNbEDFpog4s=,PfQW9kWigjr38lzjVvDLRG3jijU=
-321,-90,3QrnmOoMa4s7azfLZNbEDFpog4s=,PfQW9kWigjr38lzjVvDLRG3jijU=
-326,-89,3QrnmOoMa4s7azfLZNbEDFpog4s=,PfQW9kWigjr38lzjVvDLRG3jijU=
-327,-96,3QrnmOoMa4s7azfLZNbEDFpog4s=,PfQW9kWigjr38lzjVvDLRG3jijU=
-327,-89,3QrnmOoMa4s7azfLZNbEDFpog4s=,PfQW9kWigjr38lzjVvDLRG3jijU=
-330,-95,3QrnmOoMa4s7azfLZNbEDFpog4s=,PfQW9kWigjr38lzjVvDLRG3jijU=
-334,-93,3QrnmOoMa4s7azfLZNbEDFpog4s=,PfQW9kWigjr38lzjVvDLRG3jijU=
-328,-89,3QrnmOoMa4s7azfLZNbEDFpog4s=,PfQW9kWigjr38lzjVvDLRG3jijU=
-336,-89,3QrnmOoMa4s7azfLZNbEDFpog4s=,PfQW9kWigjr38lzjVvDLRG3jijU=
-329,-89,3QrnmOoMa4s7azfLZNbEDFpog4s=,PfQW9kWigjr38lzjVvDLRG3jijU=
-330,-89,3QrnmOoMa4s7azfLZNbEDFpog4s=,PfQW9kWigjr38lzjVvDLRG3jijU=
-331,-89,3QrnmOoMa4s7azfLZNbEDFpog4s=,PfQW9kWigjr38lzjVvDLRG3jijU=
-335,-89,3QrnmOoMa4s7azfLZNbEDFpog4s=,PfQW9kWigjr38lzjVvDLRG3jijU=
-332,-89,3QrnmOoMa4s7azfLZNbEDFpog4s=,PfQW9kWigjr38lzjVvDLRG3jijU=
-333,-89,3QrnmOoMa4s7azfLZNbEDFpog4s=,PfQW9kWigjr38lzjVvDLRG3jijU=
-334,-89,3QrnmOoMa4s7azfLZNbEDFpog4s=,PfQW9kWigjr38lzjVvDLRG3jijU=
