-31,27,uUQvsTPwuEqrGoC5IFRzsRmuuqw=,13YQT1WT0+6ExF1TBy6L/G6JytM=
-28,29,uUQvsTPwuEqrGoC5IFRzsRmuuqw=,13YQT1WT0+6ExF1TBy6L/G6JytM=
-32,26,uUQvsTPwuEqrGoC5IFRzsRmuuqw=,13YQT1WT0+6ExF1TBy6L/G6JytM=
-26,28,uUQvsTPwuEqrGoC5IFRzsRmuuqw=,13YQT1WT0+6ExF1TBy6L/G6JytM=
-29,31,uUQvsTPwuEqrGoC5IFRzsRmuuqw=,13YQT1WT0+6ExF1TBy6L/G6JytM=
-29,29,uUQvsTPwuEqrGoC5IFRzsRmuuqw=,13YQT1WT0+6ExF1TBy6L/G6JytM=
-27,28,uUQvsTPwuEqrGoC5IFRzsRmuuqw=,13YQT1WT0+6ExF1TBy6L/G6JytM=
-30,31,uUQvsTPwuEqrGoC5IFRzsRmuuqw=,13YQT1WT0+6ExF1TBy6L/G6JytM=
-28,24,uUQvsTPwuEqrGoC5IFRzsRmuuqw=,13YQT1WT0+6ExF1TBy6L/G6JytM=
-31,31,uUQvsTPwuEqrGoC5IFRzsRmuuqw=,13YQT1WT0+6ExF1TBy6L/G6JytM=
-32,31,uUQvsTPwuEqrGoC5IFRzsRmuuqw=,13YQT1WT0+6ExF1TBy6L/G6JytM=
-26,30,uUQvsTPwuEqrGoC5IFRzsRmuuqw=,13YQT1WT0+6ExF1TBy6L/G6JytM=
-27,30,uUQvsTPwuEqrGoC5IFRzsRmuuqw=,13YQT1WT0+6ExF1TBy6L/G6JytM=
-28,30,uUQvsTPwuEqrGoC5IFRzsRmuuqw=,13YQT1WT0+6ExF1TBy6L/G6JytM=
-29,30,uUQvsTPwuEqrGoC5IFRzsRmuuqw=,13YQT1WT0+6ExF1TBy6L/G6JytM=
-32,28,uUQvsTPwuEqrGoC5IFRzsRmuuqw=,13YQT1WT0+6ExF1TBy6L/G6JytM=
-26,25,uUQvsTPwuEqrGoC5IFRzsRmuuqw=,13YQT1WT0+6ExF1TBy6L/G6JytM=
-28,28,uUQvsTPwuEqrGoC5IFRzsRmuuqw=,13YQT1WT0+6ExF1TBy6L/G6JytM=
-30,29,uUQvsTPwuEqrGoC5IFRzsRmuuqw=,13YQT1WT0+6ExF1TBy6L/G6JytM=
-30,30,uUQvsTPwuEqrGoC5IFRzsRmuuqw=,13YQT1WT0+6ExF1TBy6L/G6JytM=
-26,27,uUQvsTPwuEqrGoC5IFRzsRmuuqw=,13YQT1WT0+6ExF1TBy6L/G6JytM=
-27,25,uUQvsTPwuEqrGoC5IFRzsRmuuqw=,13YQT1WT0+6ExF1TBy6L/G6JytM=
-29,28,uUQvsTPwuEqrGoC5IFRzsRmuuqw=,13YQT1WT0+6ExF1TBy6L/G6JytM=
-28,25,uUQvsTPwuEqrGoC5IFRzsRmuuqw=,13YQT1WT0+6ExF1TBy6L/G6JytM=
-31,30,uUQvsTPwuEqrGoC5IFRzsRmuuqw=,13YQT1WT0+6ExF1TBy6L/G6JytM=
-27,27,uUQvsTPwuEqrGoC5IFRzsRmuuqw=,13YQT1WT0+6ExF1TBy6L/G6JytM=
-30,28,uUQvsTPwuEqrGoC5IFRzsRmuuqw=,13YQT1WT0+6ExF1TBy6L/G6JytM=
-29,24,uUQvsTPwuEqrGoC5IFRzsRmuuqw=,13YQT1WT0+6ExF1TBy6L/G6JytM=
-32,30,uUQvsTPwuEqrGoC5IFRzsRmuuqw=,13YQT1WT0+6ExF1TBy6L/G6JytM=
-32,27,uUQvsTPwuEqrGoC5IFRzsRmuuqw=,13YQT1WT0+6ExF1TBy6L/G6JytM=
-31,28,uUQvsTPwuEqrGoC5IFRzsRmuuqw=,13YQT1WT0+6ExF1TBy6L/G6JytM=
-26,26,uUQvsTPwuEqrGoC5IFRzsRmuuqw=,13YQT1WT0+6ExF1TBy6L/G6JytM=
-28,27,uUQvsTPwuEqrGoC5IFRzsRmuuqw=,13YQT1WT0+6ExF1TBy6L/G6JytM=
-27,26,uUQvsTPwuEqrGoC5IFRzsRmuuqw=,13YQT1WT0+6ExF1TBy6L/G6JytM=
-30,24,uUQvsTPwuEqrGoC5IFRzsRmuuqw=,13YQT1WT0+6ExF1TBy6L/G6JytM=
-28,26,uUQvsTPwuEqrGoC5IFRzsRmuuqw=,13YQT1WT0+6ExF1TBy6L/G6JytM=
-29,26,uUQvsTPwuEqrGoC5IFRzsRmuuqw=,13YQT1WT0+6ExF1TBy6L/G6JytM=
-30,26,uUQvsTPwuEqrGoC5IFRzsRmuuqw=,13YQT1WT0+6ExF1TBy6L/G6JytM=
-31,24,uUQvsTPwuEqrGoC5IFRzsRmuuqw=,13YQT1WT0+6ExF1TBy6L/G6JytM=
-30,25,uUQvsTPwuEqrGoC5IFRzsRmuuqw=,13YQT1WT0+6ExF1TBy6L/G6JytM=
-29,27,uUQvsTPwuEqrGoC5IFRzsRmuuqw=,13YQT1WT0+6ExF1TBy6L/G6JytM=
-31,26,uUQvsTPwuEqrGoC5IFRzsRmuuqw=,13YQT1WT0+6ExF1TBy6L/G6JytM=
-30,27,uUQvsTPwuEqrGoC5IFRzsRmuuqw=,13YQT1WT0+6ExF1TBy6L/G6JytM=
-26,29,uUQvsTPwuEqrGoC5IFRzsRmuuqw=,13YQT1WT0+6ExF1TBy6L/G6JytM=
-31,25,uUQvsTPwuEqrGoC5IFRzsRmuuqw=,13YQT1WT0+6ExF1TBy6L/G6JytM=
-29,25,uUQvsTPwuEqrGoC5IFRzsRmuuqw=,13YQT1WT0+6ExF1TBy6L/G6JytM=
-32,25,uUQvsTPwuEqrGoC5IFRzsRmuuqw=,13YQT1WT0+6ExF1TBy6L/G6JytM=
-26,24,uUQvsTPwuEqrGoC5IFRzsRmuuqw=,13YQT1WT0+6ExF1TBy6L/G6JytM=
-27,24,uUQvsTPwuEqrGoC5IFRzsRmuuqw=,13YQT1WT0+6ExF1TBy6L/G6JytM=
-26,31,uUQvsTPwuEqrGoC5IFRzsRmuuqw=,13YQT1WT0+6ExF1TBy6L/G6JytM=
-31,29,uUQvsTPwuEqrGoC5IFRzsRmuuqw=,13YQT1WT0+6ExF1TBy6L/G6JytM=
-32,29,uUQvsTPwuEqrGoC5IFRzsRmuuqw=,13YQT1WT0+6ExF1TBy6L/G6JytM=
-32,24,uUQvsTPwuEqrGoC5IFRzsRmuuqw=,13YQT1WT0+6ExF1TBy6L/G6JytM=
-27,29,uUQvsTPwuEqrGoC5IFRzsRmuuqw=,13YQT1WT0+6ExF1TBy6L/G6JytM=
-27,31,uUQvsTPwuEqrGoC5IFRzsRmuuqw=,13YQT1WT0+6ExF1TBy6L/G6JytM=
-28,31,uUQvsTPwuEqrGoC5IFRzsRmuuqw=,13YQT1WT0+6ExF1TBy6L/G6JytM=
-21,29,kLKeScs66lW8+FS7sulQ72TDm2g=,h2RhBQK7Hv1okd2aZyxtS/3IhHk=
-22,29,kLKeScs66lW8+FS7sulQ72TDm2g=,h2RhBQK7Hv1okd2aZyxtS/3IhHk=
-23,29,kLKeScs66lW8+FS7sulQ72TDm2g=,h2RhBQK7Hv1okd2aZyxtS/3IhHk=
-24,29,kLKeScs66lW8+FS7sulQ72TDm2g=,h2RhBQK7Hv1okd2aZyxtS/3IhHk=
-20,29,kLKeScs66lW8+FS7sulQ72TDm2g=,h2RhBQK7Hv1okd2aZyxtS/3IhHk=
-25,28,uUQvsTPwuEqrGoC5IFRzsRmuuqw=,13YQT1WT0+6ExF1TBy6L/G6JytM=
-17,28,kLKeScs66lW8+FS7sulQ72TDm2g=,h2RhBQK7Hv1okd2aZyxtS/3IhHk=
-25,25,uUQvsTPwuEqrGoC5IFRzsRmuuqw=,13YQT1WT0+6ExF1TBy6L/G6JytM=
-19,29,kLKeScs66lW8+FS7sulQ72TDm2g=,h2RhBQK7Hv1okd2aZyxtS/3IhHk=
-19,28,kLKeScs66lW8+FS7sulQ72TDm2g=,h2RhBQK7Hv1okd2aZyxtS/3IhHk=
-25,31,uUQvsTPwuEqrGoC5IFRzsRmuuqw=,13YQT1WT0+6ExF1TBy6L/G6JytM=
-24,24,kLKeScs66lW8+FS7sulQ72TDm2g=,h2RhBQK7Hv1okd2aZyxtS/3IhHk=
-18,28,kLKeScs66lW8+FS7sulQ72TDm2g=,h2RhBQK7Hv1okd2aZyxtS/3IhHk=
-20,28,kLKeScs66lW8+FS7sulQ72TDm2g=,h2RhBQK7Hv1okd2aZyxtS/3IhHk=
-23,24,kLKeScs66lW8+FS7sulQ72TDm2g=,h2RhBQK7Hv1okd2aZyxtS/3IhHk=
-22,24,kLKeScs66lW8+FS7sulQ72TDm2g=,h2RhBQK7Hv1okd2aZyxtS/3IhHk=
-25,24,uUQvsTPwuEqrGoC5IFRzsRmuuqw=,13YQT1WT0+6ExF1TBy6L/G6JytM=
-21,24,kLKeScs66lW8+FS7sulQ72TDm2g=,h2RhBQK7Hv1okd2aZyxtS/3IhHk=
-22,28,kLKeScs66lW8+FS7sulQ72TDm2g=,h2RhBQK7Hv1okd2aZyxtS/3IhHk=
-23,28,kLKeScs66lW8+FS7sulQ72TDm2g=,h2RhBQK7Hv1okd2aZyxtS/3IhHk=
-24,28,kLKeScs66lW8+FS7sulQ72TDm2g=,h2RhBQK7Hv1okd2aZyxtS/3IhHk=
-21,28,kLKeScs66lW8+FS7sulQ72TDm2g=,h2RhBQK7Hv1okd2aZyxtS/3IhHk=
-17,27,kLKeScs66lW8+FS7sulQ72TDm2g=,h2RhBQK7Hv1okd2aZyxtS/3IhHk=
-25,30,uUQvsTPwuEqrGoC5IFRzsRmuuqw=,13YQT1WT0+6ExF1TBy6L/G6JytM=
-18,27,kLKeScs66lW8+FS7sulQ72TDm2g=,h2RhBQK7Hv1okd2aZyxtS/3IhHk=
-18,29,kLKeScs66lW8+FS7sulQ72TDm2g=,h2RhBQK7Hv1okd2aZyxtS/3IhHk=
-20,24,kLKeScs66lW8+FS7sulQ72TDm2g=,h2RhBQK7Hv1okd2aZyxtS/3IhHk=
-19,24,kLKeScs66lW8+FS7sulQ72TDm2g=,h2RhBQK7Hv1okd2aZyxtS/3IhHk=
-18,24,kLKeScs66lW8+FS7sulQ72TDm2g=,h2RhBQK7Hv1okd2aZyxtS/3IhHk=
-17,24,kLKeScs66lW8+FS7sulQ72TDm2g=,h2RhBQK7Hv1okd2aZyxtS/3IhHk=
-24,25,kLKeScs66lW8+FS7sulQ72TDm2g=,h2RhBQK7Hv1okd2aZyxtS/3IhHk=
-25,29,uUQvsTPwuEqrGoC5IFRzsRmuuqw=,13YQT1WT0+6ExF1TBy6L/G6JytM=
-23,25,kLKeScs66lW8+FS7sulQ72TDm2g=,h2RhBQK7Hv1okd2aZyxtS/3IhHk=
-22,25,kLKeScs66lW8+FS7sulQ72TDm2g=,h2RhBQK7Hv1okd2aZyxtS/3IhHk=
-21,25,kLKeScs66lW8+FS7sulQ72TDm2g=,h2RhBQK7Hv1okd2aZyxtS/3IhHk=
-20,25,kLKeScs66lW8+FS7sulQ72TDm2g=,h2RhBQK7Hv1okd2aZyxtS/3IhHk=
-25,26,uUQvsTPwuEqrGoC5IFRzsRmuuqw=,13YQT1WT0+6ExF1TBy6L/G6JytM=
-19,25,kLKeScs66lW8+FS7sulQ72TDm2g=,h2RhBQK7Hv1okd2aZyxtS/3IhHk=
-18,25,kLKeScs66lW8+FS7sulQ72TDm2g=,h2RhBQK7Hv1okd2aZyxtS/3IhHk=
-20,27,kLKeScs66lW8+FS7sulQ72TDm2g=,h2RhBQK7Hv1okd2aZyxtS/3IhHk=
-19,27,kLKeScs66lW8+FS7sulQ72TDm2g=,h2RhBQK7Hv1okd2aZyxtS/3IhHk=
-25,27,uUQvsTPwuEqrGoC5IFRzsRmuuqw=,13YQT1WT0+6ExF1TBy6L/G6JytM=
-21,27,kLKeScs66lW8+FS7sulQ72TDm2g=,h2RhBQK7Hv1okd2aZyxtS/3IhHk=
-22,27,kLKeScs66lW8+FS7sulQ72TDm2g=,h2RhBQK7Hv1okd2aZyxtS/3IhHk=
-23,27,kLKeScs66lW8+FS7sulQ72TDm2g=,h2RhBQK7Hv1okd2aZyxtS/3IhHk=
-24,27,kLKeScs66lW8+FS7sulQ72TDm2g=,h2RhBQK7Hv1okd2aZyxtS/3IhHk=
-17,29,kLKeScs66lW8+FS7sulQ72TDm2g=,h2RhBQK7Hv1okd2aZyxtS/3IhHk=
-24,30,kLKeScs66lW8+FS7sulQ72TDm2g=,h2RhBQK7Hv1okd2aZyxtS/3IhHk=
-23,30,kLKeScs66lW8+FS7sulQ72TDm2g=,h2RhBQK7Hv1okd2aZyxtS/3IhHk=
-17,31,kLKeScs66lW8+FS7sulQ72TDm2g=,h2RhBQK7Hv1okd2aZyxtS/3IhHk=
-22,30,kLKeScs66lW8+FS7sulQ72TDm2g=,h2RhBQK7Hv1okd2aZyxtS/3IhHk=
-18,31,kLKeScs66lW8+FS7sulQ72TDm2g=,h2RhBQK7Hv1okd2aZyxtS/3IhHk=
-20,31,kLKeScs66lW8+FS7sulQ72TDm2g=,h2RhBQK7Hv1okd2aZyxtS/3IhHk=
-21,30,kLKeScs66lW8+FS7sulQ72TDm2g=,h2RhBQK7Hv1okd2aZyxtS/3IhHk=
-17,25,kLKeScs66lW8+FS7sulQ72TDm2g=,h2RhBQK7Hv1okd2aZyxtS/3IhHk=
-24,26,kLKeScs66lW8+FS7sulQ72TDm2g=,h2RhBQK7Hv1okd2aZyxtS/3IhHk=
-19,31,kLKeScs66lW8+FS7sulQ72TDm2g=,h2RhBQK7Hv1okd2aZyxtS/3IhHk=
-22,31,kLKeScs66lW8+FS7sulQ72TDm2g=,h2RhBQK7Hv1okd2aZyxtS/3IhHk=
-20,30,kLKeScs66lW8+FS7sulQ72TDm2g=,h2RhBQK7Hv1okd2aZyxtS/3IhHk=
-23,26,kLKeScs66lW8+FS7sulQ72TDm2g=,h2RhBQK7Hv1okd2aZyxtS/3IhHk=
-22,26,kLKeScs66lW8+FS7sulQ72TDm2g=,h2RhBQK7Hv1okd2aZyxtS/3IhHk=
-21,26,kLKeScs66lW8+FS7sulQ72TDm2g=,h2RhBQK7Hv1okd2aZyxtS/3IhHk=
-21,31,kLKeScs66lW8+FS7sulQ72TDm2g=,h2RhBQK7Hv1okd2aZyxtS/3IhHk=
-17,26,kLKeScs66lW8+FS7sulQ72TDm2g=,h2RhBQK7Hv1okd2aZyxtS/3IhHk=
-20,26,kLKeScs66lW8+FS7sulQ72TDm2g=,h2RhBQK7Hv1okd2aZyxtS/3IhHk=
-18,26,kLKeScs66lW8+FS7sulQ72TDm2g=,h2RhBQK7Hv1okd2aZyxtS/3IhHk=
-23,31,kLKeScs66lW8+FS7sulQ72TDm2g=,h2RhBQK7Hv1okd2aZyxtS/3IhHk=
-24,31,kLKeScs66lW8+FS7sulQ72TDm2g=,h2RhBQK7Hv1okd2aZyxtS/3IhHk=
-19,26,kLKeScs66lW8+FS7sulQ72TDm2g=,h2RhBQK7Hv1okd2aZyxtS/3IhHk=
-19,30,kLKeScs66lW8+FS7sulQ72TDm2g=,h2RhBQK7Hv1okd2aZyxtS/3IhHk=
-17,30,kLKeScs66lW8+FS7sulQ72TDm2g=,h2RhBQK7Hv1okd2aZyxtS/3IhHk=
-18,30,kLKeScs66lW8+FS7sulQ72TDm2g=,h2RhBQK7Hv1okd2aZyxtS/3IhHk=
-20,7,yZv1j3ncumzPtKLqZsFY5rAlUj0=,HSv05zjEZQfHxzVZdIDVvwkA0SY=
-20,5,yZv1j3ncumzPtKLqZsFY5rAlUj0=,HSv05zjEZQfHxzVZdIDVvwkA0SY=
-21,5,yZv1j3ncumzPtKLqZsFY5rAlUj0=,HSv05zjEZQfHxzVZdIDVvwkA0SY=
-21,7,yZv1j3ncumzPtKLqZsFY5rAlUj0=,HSv05zjEZQfHxzVZdIDVvwkA0SY=
-22,5,yZv1j3ncumzPtKLqZsFY5rAlUj0=,HSv05zjEZQfHxzVZdIDVvwkA0SY=
-23,5,yZv1j3ncumzPtKLqZsFY5rAlUj0=,HSv05zjEZQfHxzVZdIDVvwkA0SY=
-24,5,yZv1j3ncumzPtKLqZsFY5rAlUj0=,HSv05zjEZQfHxzVZdIDVvwkA0SY=
-17,4,yZv1j3ncumzPtKLqZsFY5rAlUj0=,HSv05zjEZQfHxzVZdIDVvwkA0SY=
-20,0,yZv1j3ncumzPtKLqZsFY5rAlUj0=,HSv05zjEZQfHxzVZdIDVvwkA0SY=
-24,2,yZv1j3ncumzPtKLqZsFY5rAlUj0=,HSv05zjEZQfHxzVZdIDVvwkA0SY=
-24,3,yZv1j3ncumzPtKLqZsFY5rAlUj0=,HSv05zjEZQfHxzVZdIDVvwkA0SY=
-18,4,yZv1j3ncumzPtKLqZsFY5rAlUj0=,HSv05zjEZQfHxzVZdIDVvwkA0SY=
-22,7,yZv1j3ncumzPtKLqZsFY5rAlUj0=,HSv05zjEZQfHxzVZdIDVvwkA0SY=
-19,3,yZv1j3ncumzPtKLqZsFY5rAlUj0=,HSv05zjEZQfHxzVZdIDVvwkA0SY=
-23,7,yZv1j3ncumzPtKLqZsFY5rAlUj0=,HSv05zjEZQfHxzVZdIDVvwkA0SY=
-20,3,yZv1j3ncumzPtKLqZsFY5rAlUj0=,HSv05zjEZQfHxzVZdIDVvwkA0SY=
-24,7,yZv1j3ncumzPtKLqZsFY5rAlUj0=,HSv05zjEZQfHxzVZdIDVvwkA0SY=
-17,2,yZv1j3ncumzPtKLqZsFY5rAlUj0=,HSv05zjEZQfHxzVZdIDVvwkA0SY=
-21,3,yZv1j3ncumzPtKLqZsFY5rAlUj0=,HSv05zjEZQfHxzVZdIDVvwkA0SY=
-17,6,yZv1j3ncumzPtKLqZsFY5rAlUj0=,HSv05zjEZQfHxzVZdIDVvwkA0SY=
-18,6,yZv1j3ncumzPtKLqZsFY5rAlUj0=,HSv05zjEZQfHxzVZdIDVvwkA0SY=
-18,3,yZv1j3ncumzPtKLqZsFY5rAlUj0=,HSv05zjEZQfHxzVZdIDVvwkA0SY=
-19,6,yZv1j3ncumzPtKLqZsFY5rAlUj0=,HSv05zjEZQfHxzVZdIDVvwkA0SY=
-20,2,yZv1j3ncumzPtKLqZsFY5rAlUj0=,HSv05zjEZQfHxzVZdIDVvwkA0SY=
-22,3,yZv1j3ncumzPtKLqZsFY5rAlUj0=,HSv05zjEZQfHxzVZdIDVvwkA0SY=
-19,2,yZv1j3ncumzPtKLqZsFY5rAlUj0=,HSv05zjEZQfHxzVZdIDVvwkA0SY=
-21,2,yZv1j3ncumzPtKLqZsFY5rAlUj0=,HSv05zjEZQfHxzVZdIDVvwkA0SY=
-20,6,yZv1j3ncumzPtKLqZsFY5rAlUj0=,HSv05zjEZQfHxzVZdIDVvwkA0SY=
-21,0,yZv1j3ncumzPtKLqZsFY5rAlUj0=,HSv05zjEZQfHxzVZdIDVvwkA0SY=
-22,1,yZv1j3ncumzPtKLqZsFY5rAlUj0=,HSv05zjEZQfHxzVZdIDVvwkA0SY=
-23,1,yZv1j3ncumzPtKLqZsFY5rAlUj0=,HSv05zjEZQfHxzVZdIDVvwkA0SY=
-24,1,yZv1j3ncumzPtKLqZsFY5rAlUj0=,HSv05zjEZQfHxzVZdIDVvwkA0SY=
-22,2,yZv1j3ncumzPtKLqZsFY5rAlUj0=,HSv05zjEZQfHxzVZdIDVvwkA0SY=
-18,2,yZv1j3ncumzPtKLqZsFY5rAlUj0=,HSv05zjEZQfHxzVZdIDVvwkA0SY=
-17,1,yZv1j3ncumzPtKLqZsFY5rAlUj0=,HSv05zjEZQfHxzVZdIDVvwkA0SY=
-21,6,yZv1j3ncumzPtKLqZsFY5rAlUj0=,HSv05zjEZQfHxzVZdIDVvwkA0SY=
-19,0,yZv1j3ncumzPtKLqZsFY5rAlUj0=,HSv05zjEZQfHxzVZdIDVvwkA0SY=
-22,0,yZv1j3ncumzPtKLqZsFY5rAlUj0=,HSv05zjEZQfHxzVZdIDVvwkA0SY=
-22,6,yZv1j3ncumzPtKLqZsFY5rAlUj0=,HSv05zjEZQfHxzVZdIDVvwkA0SY=
-23,0,yZv1j3ncumzPtKLqZsFY5rAlUj0=,HSv05zjEZQfHxzVZdIDVvwkA0SY=
-17,7,yZv1j3ncumzPtKLqZsFY5rAlUj0=,HSv05zjEZQfHxzVZdIDVvwkA0SY=
-23,2,yZv1j3ncumzPtKLqZsFY5rAlUj0=,HSv05zjEZQfHxzVZdIDVvwkA0SY=
-23,6,yZv1j3ncumzPtKLqZsFY5rAlUj0=,HSv05zjEZQfHxzVZdIDVvwkA0SY=
-23,3,yZv1j3ncumzPtKLqZsFY5rAlUj0=,HSv05zjEZQfHxzVZdIDVvwkA0SY=
-24,0,yZv1j3ncumzPtKLqZsFY5rAlUj0=,HSv05zjEZQfHxzVZdIDVvwkA0SY=
-19,4,yZv1j3ncumzPtKLqZsFY5rAlUj0=,HSv05zjEZQfHxzVZdIDVvwkA0SY=
-20,4,yZv1j3ncumzPtKLqZsFY5rAlUj0=,HSv05zjEZQfHxzVZdIDVvwkA0SY=
-21,4,yZv1j3ncumzPtKLqZsFY5rAlUj0=,HSv05zjEZQfHxzVZdIDVvwkA0SY=
-24,6,yZv1j3ncumzPtKLqZsFY5rAlUj0=,HSv05zjEZQfHxzVZdIDVvwkA0SY=
-17,0,yZv1j3ncumzPtKLqZsFY5rAlUj0=,HSv05zjEZQfHxzVZdIDVvwkA0SY=
-22,4,yZv1j3ncumzPtKLqZsFY5rAlUj0=,HSv05zjEZQfHxzVZdIDVvwkA0SY=
-23,4,yZv1j3ncumzPtKLqZsFY5rAlUj0=,HSv05zjEZQfHxzVZdIDVvwkA0SY=
-18,7,yZv1j3ncumzPtKLqZsFY5rAlUj0=,HSv05zjEZQfHxzVZdIDVvwkA0SY=
-24,4,yZv1j3ncumzPtKLqZsFY5rAlUj0=,HSv05zjEZQfHxzVZdIDVvwkA0SY=
-17,3,yZv1j3ncumzPtKLqZsFY5rAlUj0=,HSv05zjEZQfHxzVZdIDVvwkA0SY=
-18,0,yZv1j3ncumzPtKLqZsFY5rAlUj0=,HSv05zjEZQfHxzVZdIDVvwkA0SY=
-19,1,yZv1j3ncumzPtKLqZsFY5rAlUj0=,HSv05zjEZQfHxzVZdIDVvwkA0SY=
-20,1,yZv1j3ncumzPtKLqZsFY5rAlUj0=,HSv05zjEZQfHxzVZdIDVvwkA0SY=
-18,5,yZv1j3ncumzPtKLqZsFY5rAlUj0=,HSv05zjEZQfHxzVZdIDVvwkA0SY=
-19,5,yZv1j3ncumzPtKLqZsFY5rAlUj0=,HSv05zjEZQfHxzVZdIDVvwkA0SY=
-21,1,yZv1j3ncumzPtKLqZsFY5rAlUj0=,HSv05zjEZQfHxzVZdIDVvwkA0SY=
-19,7,yZv1j3ncumzPtKLqZsFY5rAlUj0=,HSv05zjEZQfHxzVZdIDVvwkA0SY=
-18,1,yZv1j3ncumzPtKLqZsFY5rAlUj0=,HSv05zjEZQfHxzVZdIDVvwkA0SY=
-17,5,yZv1j3ncumzPtKLqZsFY5rAlUj0=,HSv05zjEZQfHxzVZdIDVvwkA0SY=
-13,18,UlwzBl8MYMXKMg0R627iV9BJ5WY=,xOC922NFjVD14M8xyptcggCc++E=
-13,17,UlwzBl8MYMXKMg0R627iV9BJ5WY=,xOC922NFjVD14M8xyptcggCc++E=
-14,17,UlwzBl8MYMXKMg0R627iV9BJ5WY=,xOC922NFjVD14M8xyptcggCc++E=
-10,22,UlwzBl8MYMXKMg0R627iV9BJ5WY=,xOC922NFjVD14M8xyptcggCc++E=
-15,17,UlwzBl8MYMXKMg0R627iV9BJ5WY=,xOC922NFjVD14M8xyptcggCc++E=
-14,21,UlwzBl8MYMXKMg0R627iV9BJ5WY=,xOC922NFjVD14M8xyptcggCc++E=
-11,22,UlwzBl8MYMXKMg0R627iV9BJ5WY=,xOC922NFjVD14M8xyptcggCc++E=
-12,22,UlwzBl8MYMXKMg0R627iV9BJ5WY=,xOC922NFjVD14M8xyptcggCc++E=
-13,22,UlwzBl8MYMXKMg0R627iV9BJ5WY=,xOC922NFjVD14M8xyptcggCc++E=
-14,22,UlwzBl8MYMXKMg0R627iV9BJ5WY=,xOC922NFjVD14M8xyptcggCc++E=
-12,20,UlwzBl8MYMXKMg0R627iV9BJ5WY=,xOC922NFjVD14M8xyptcggCc++E=
-15,22,UlwzBl8MYMXKMg0R627iV9BJ5WY=,xOC922NFjVD14M8xyptcggCc++E=
-14,18,UlwzBl8MYMXKMg0R627iV9BJ5WY=,xOC922NFjVD14M8xyptcggCc++E=
-15,18,UlwzBl8MYMXKMg0R627iV9BJ5WY=,xOC922NFjVD14M8xyptcggCc++E=
-11,20,UlwzBl8MYMXKMg0R627iV9BJ5WY=,xOC922NFjVD14M8xyptcggCc++E=
-10,20,UlwzBl8MYMXKMg0R627iV9BJ5WY=,xOC922NFjVD14M8xyptcggCc++E=
-15,21,UlwzBl8MYMXKMg0R627iV9BJ5WY=,xOC922NFjVD14M8xyptcggCc++E=
-13,20,UlwzBl8MYMXKMg0R627iV9BJ5WY=,xOC922NFjVD14M8xyptcggCc++E=
-12,18,UlwzBl8MYMXKMg0R627iV9BJ5WY=,xOC922NFjVD14M8xyptcggCc++E=
-11,18,UlwzBl8MYMXKMg0R627iV9BJ5WY=,xOC922NFjVD14M8xyptcggCc++E=
-10,18,UlwzBl8MYMXKMg0R627iV9BJ5WY=,xOC922NFjVD14M8xyptcggCc++E=
-12,19,UlwzBl8MYMXKMg0R627iV9BJ5WY=,xOC922NFjVD14M8xyptcggCc++E=
-11,19,UlwzBl8MYMXKMg0R627iV9BJ5WY=,xOC922NFjVD14M8xyptcggCc++E=
-12,17,UlwzBl8MYMXKMg0R627iV9BJ5WY=,xOC922NFjVD14M8xyptcggCc++E=
-10,19,UlwzBl8MYMXKMg0R627iV9BJ5WY=,xOC922NFjVD14M8xyptcggCc++E=
-11,17,UlwzBl8MYMXKMg0R627iV9BJ5WY=,xOC922NFjVD14M8xyptcggCc++E=
-15,20,UlwzBl8MYMXKMg0R627iV9BJ5WY=,xOC922NFjVD14M8xyptcggCc++E=
-13,19,UlwzBl8MYMXKMg0R627iV9BJ5WY=,xOC922NFjVD14M8xyptcggCc++E=
-13,21,UlwzBl8MYMXKMg0R627iV9BJ5WY=,xOC922NFjVD14M8xyptcggCc++E=
-15,19,UlwzBl8MYMXKMg0R627iV9BJ5WY=,xOC922NFjVD14M8xyptcggCc++E=
-14,19,UlwzBl8MYMXKMg0R627iV9BJ5WY=,xOC922NFjVD14M8xyptcggCc++E=
-10,17,UlwzBl8MYMXKMg0R627iV9BJ5WY=,xOC922NFjVD14M8xyptcggCc++E=
-14,20,UlwzBl8MYMXKMg0R627iV9BJ5WY=,xOC922NFjVD14M8xyptcggCc++E=
-10,21,UlwzBl8MYMXKMg0R627iV9BJ5WY=,xOC922NFjVD14M8xyptcggCc++E=
-12,21,UlwzBl8MYMXKMg0R627iV9BJ5WY=,xOC922NFjVD14M8xyptcggCc++E=
-11,21,UlwzBl8MYMXKMg0R627iV9BJ5WY=,xOC922NFjVD14M8xyptcggCc++E=
-15,16,UlwzBl8MYMXKMg0R627iV9BJ5WY=,xOC922NFjVD14M8xyptcggCc++E=
-13,16,UlwzBl8MYMXKMg0R627iV9BJ5WY=,xOC922NFjVD14M8xyptcggCc++E=
-10,16,UlwzBl8MYMXKMg0R627iV9BJ5WY=,xOC922NFjVD14M8xyptcggCc++E=
-11,16,UlwzBl8MYMXKMg0R627iV9BJ5WY=,xOC922NFjVD14M8xyptcggCc++E=
-14,16,UlwzBl8MYMXKMg0R627iV9BJ5WY=,xOC922NFjVD14M8xyptcggCc++E=
-12,16,UlwzBl8MYMXKMg0R627iV9BJ5WY=,xOC922NFjVD14M8xyptcggCc++E=
-16,21,UlwzBl8MYMXKMg0R627iV9BJ5WY=,xOC922NFjVD14M8xyptcggCc++E=
-16,17,UlwzBl8MYMXKMg0R627iV9BJ5WY=,xOC922NFjVD14M8xyptcggCc++E=
-16,18,UlwzBl8MYMXKMg0R627iV9BJ5WY=,xOC922NFjVD14M8xyptcggCc++E=
-16,22,UlwzBl8MYMXKMg0R627iV9BJ5WY=,xOC922NFjVD14M8xyptcggCc++E=
-16,20,UlwzBl8MYMXKMg0R627iV9BJ5WY=,xOC922NFjVD14M8xyptcggCc++E=
-16,19,UlwzBl8MYMXKMg0R627iV9BJ5WY=,xOC922NFjVD14M8xyptcggCc++E=
-16,16,UlwzBl8MYMXKMg0R627iV9BJ5WY=,xOC922NFjVD14M8xyptcggCc++E=
-4,19,5JUlOSiQymRAVQpkOHacnYipqEk=,2oSl6B670/ji6mP/8eHY64wfbdo=
-5,19,5JUlOSiQymRAVQpkOHacnYipqEk=,2oSl6B670/ji6mP/8eHY64wfbdo=
-6,19,5JUlOSiQymRAVQpkOHacnYipqEk=,2oSl6B670/ji6mP/8eHY64wfbdo=
-7,19,5JUlOSiQymRAVQpkOHacnYipqEk=,2oSl6B670/ji6mP/8eHY64wfbdo=
-1,22,DsJUJOGZShBCLCapydLZoW0eUlY=,2oSl6B670/ji6mP/8eHY64wfbdo=
-2,22,DsJUJOGZShBCLCapydLZoW0eUlY=,2oSl6B670/ji6mP/8eHY64wfbdo=
-1,18,5JUlOSiQymRAVQpkOHacnYipqEk=,2oSl6B670/ji6mP/8eHY64wfbdo=
-8,19,5JUlOSiQymRAVQpkOHacnYipqEk=,2oSl6B670/ji6mP/8eHY64wfbdo=
-2,18,5JUlOSiQymRAVQpkOHacnYipqEk=,2oSl6B670/ji6mP/8eHY64wfbdo=
-3,18,5JUlOSiQymRAVQpkOHacnYipqEk=,2oSl6B670/ji6mP/8eHY64wfbdo=
-4,18,5JUlOSiQymRAVQpkOHacnYipqEk=,2oSl6B670/ji6mP/8eHY64wfbdo=
-9,16,BSwyJ3oBL3KKB8vvwSOeSeT7iSU=,xOC922NFjVD14M8xyptcggCc++E=
-3,22,DsJUJOGZShBCLCapydLZoW0eUlY=,2oSl6B670/ji6mP/8eHY64wfbdo=
-9,21,BSwyJ3oBL3KKB8vvwSOeSeT7iSU=,xOC922NFjVD14M8xyptcggCc++E=
-5,18,5JUlOSiQymRAVQpkOHacnYipqEk=,2oSl6B670/ji6mP/8eHY64wfbdo=
-4,22,5JUlOSiQymRAVQpkOHacnYipqEk=,2oSl6B670/ji6mP/8eHY64wfbdo=
-5,22,DsJUJOGZShBCLCapydLZoW0eUlY=,2oSl6B670/ji6mP/8eHY64wfbdo=
-7,18,5JUlOSiQymRAVQpkOHacnYipqEk=,2oSl6B670/ji6mP/8eHY64wfbdo=
-8,18,5JUlOSiQymRAVQpkOHacnYipqEk=,2oSl6B670/ji6mP/8eHY64wfbdo=
-6,22,5JUlOSiQymRAVQpkOHacnYipqEk=,2oSl6B670/ji6mP/8eHY64wfbdo=
-6,18,5JUlOSiQymRAVQpkOHacnYipqEk=,2oSl6B670/ji6mP/8eHY64wfbdo=
-1,17,5JUlOSiQymRAVQpkOHacnYipqEk=,2oSl6B670/ji6mP/8eHY64wfbdo=
-7,22,5JUlOSiQymRAVQpkOHacnYipqEk=,2oSl6B670/ji6mP/8eHY64wfbdo=
-2,17,5JUlOSiQymRAVQpkOHacnYipqEk=,2oSl6B670/ji6mP/8eHY64wfbdo=
-3,17,5JUlOSiQymRAVQpkOHacnYipqEk=,2oSl6B670/ji6mP/8eHY64wfbdo=
-4,17,5JUlOSiQymRAVQpkOHacnYipqEk=,2oSl6B670/ji6mP/8eHY64wfbdo=
-5,17,5JUlOSiQymRAVQpkOHacnYipqEk=,2oSl6B670/ji6mP/8eHY64wfbdo=
-6,17,5JUlOSiQymRAVQpkOHacnYipqEk=,2oSl6B670/ji6mP/8eHY64wfbdo=
-8,17,5JUlOSiQymRAVQpkOHacnYipqEk=,2oSl6B670/ji6mP/8eHY64wfbdo=
-1,16,5JUlOSiQymRAVQpkOHacnYipqEk=,2oSl6B670/ji6mP/8eHY64wfbdo=
-7,17,5JUlOSiQymRAVQpkOHacnYipqEk=,2oSl6B670/ji6mP/8eHY64wfbdo=
-2,16,5JUlOSiQymRAVQpkOHacnYipqEk=,2oSl6B670/ji6mP/8eHY64wfbdo=
-3,16,5JUlOSiQymRAVQpkOHacnYipqEk=,2oSl6B670/ji6mP/8eHY64wfbdo=
-8,22,5JUlOSiQymRAVQpkOHacnYipqEk=,2oSl6B670/ji6mP/8eHY64wfbdo=
-4,16,5JUlOSiQymRAVQpkOHacnYipqEk=,2oSl6B670/ji6mP/8eHY64wfbdo=
-5,16,5JUlOSiQymRAVQpkOHacnYipqEk=,2oSl6B670/ji6mP/8eHY64wfbdo=
-6,16,5JUlOSiQymRAVQpkOHacnYipqEk=,2oSl6B670/ji6mP/8eHY64wfbdo=
-7,16,DsJUJOGZShBCLCapydLZoW0eUlY=,2oSl6B670/ji6mP/8eHY64wfbdo=
-1,21,5JUlOSiQymRAVQpkOHacnYipqEk=,2oSl6B670/ji6mP/8eHY64wfbdo=
-9,17,BSwyJ3oBL3KKB8vvwSOeSeT7iSU=,xOC922NFjVD14M8xyptcggCc++E=
-8,16,DsJUJOGZShBCLCapydLZoW0eUlY=,2oSl6B670/ji6mP/8eHY64wfbdo=
-2,21,5JUlOSiQymRAVQpkOHacnYipqEk=,2oSl6B670/ji6mP/8eHY64wfbdo=
-3,21,5JUlOSiQymRAVQpkOHacnYipqEk=,2oSl6B670/ji6mP/8eHY64wfbdo=
-9,19,BSwyJ3oBL3KKB8vvwSOeSeT7iSU=,xOC922NFjVD14M8xyptcggCc++E=
-5,21,5JUlOSiQymRAVQpkOHacnYipqEk=,2oSl6B670/ji6mP/8eHY64wfbdo=
-9,18,BSwyJ3oBL3KKB8vvwSOeSeT7iSU=,xOC922NFjVD14M8xyptcggCc++E=
-4,21,5JUlOSiQymRAVQpkOHacnYipqEk=,2oSl6B670/ji6mP/8eHY64wfbdo=
-6,21,5JUlOSiQymRAVQpkOHacnYipqEk=,2oSl6B670/ji6mP/8eHY64wfbdo=
-7,21,5JUlOSiQymRAVQpkOHacnYipqEk=,2oSl6B670/ji6mP/8eHY64wfbdo=
-8,21,5JUlOSiQymRAVQpkOHacnYipqEk=,2oSl6B670/ji6mP/8eHY64wfbdo=
-1,20,5JUlOSiQymRAVQpkOHacnYipqEk=,2oSl6B670/ji6mP/8eHY64wfbdo=
-2,20,5JUlOSiQymRAVQpkOHacnYipqEk=,2oSl6B670/ji6mP/8eHY64wfbdo=
-3,20,5JUlOSiQymRAVQpkOHacnYipqEk=,2oSl6B670/ji6mP/8eHY64wfbdo=
-4,20,5JUlOSiQymRAVQpkOHacnYipqEk=,2oSl6B670/ji6mP/8eHY64wfbdo=
-9,20,BSwyJ3oBL3KKB8vvwSOeSeT7iSU=,xOC922NFjVD14M8xyptcggCc++E=
-5,20,5JUlOSiQymRAVQpkOHacnYipqEk=,2oSl6B670/ji6mP/8eHY64wfbdo=
-9,22,BSwyJ3oBL3KKB8vvwSOeSeT7iSU=,xOC922NFjVD14M8xyptcggCc++E=
-6,20,5JUlOSiQymRAVQpkOHacnYipqEk=,2oSl6B670/ji6mP/8eHY64wfbdo=
-7,20,5JUlOSiQymRAVQpkOHacnYipqEk=,2oSl6B670/ji6mP/8eHY64wfbdo=
-1,19,5JUlOSiQymRAVQpkOHacnYipqEk=,2oSl6B670/ji6mP/8eHY64wfbdo=
-8,20,5JUlOSiQymRAVQpkOHacnYipqEk=,2oSl6B670/ji6mP/8eHY64wfbdo=
-2,19,5JUlOSiQymRAVQpkOHacnYipqEk=,2oSl6B670/ji6mP/8eHY64wfbdo=
-3,19,5JUlOSiQymRAVQpkOHacnYipqEk=,2oSl6B670/ji6mP/8eHY64wfbdo=
-12,31,BSwyJ3oBL3KKB8vvwSOeSeT7iSU=,jcw9/69cVWrkgX0bYqLLB++2zX4=
-12,23,BSwyJ3oBL3KKB8vvwSOeSeT7iSU=,xOC922NFjVD14M8xyptcggCc++E=
-13,31,BSwyJ3oBL3KKB8vvwSOeSeT7iSU=,jcw9/69cVWrkgX0bYqLLB++2zX4=
-11,31,BSwyJ3oBL3KKB8vvwSOeSeT7iSU=,jcw9/69cVWrkgX0bYqLLB++2zX4=
-11,23,BSwyJ3oBL3KKB8vvwSOeSeT7iSU=,xOC922NFjVD14M8xyptcggCc++E=
-14,31,BSwyJ3oBL3KKB8vvwSOeSeT7iSU=,jcw9/69cVWrkgX0bYqLLB++2zX4=
-15,31,BSwyJ3oBL3KKB8vvwSOeSeT7iSU=,jcw9/69cVWrkgX0bYqLLB++2zX4=
-16,31,BSwyJ3oBL3KKB8vvwSOeSeT7iSU=,jcw9/69cVWrkgX0bYqLLB++2zX4=
-10,31,BSwyJ3oBL3KKB8vvwSOeSeT7iSU=,jcw9/69cVWrkgX0bYqLLB++2zX4=
-10,30,BSwyJ3oBL3KKB8vvwSOeSeT7iSU=,jcw9/69cVWrkgX0bYqLLB++2zX4=
-11,30,BSwyJ3oBL3KKB8vvwSOeSeT7iSU=,jcw9/69cVWrkgX0bYqLLB++2zX4=
-13,23,BSwyJ3oBL3KKB8vvwSOeSeT7iSU=,xOC922NFjVD14M8xyptcggCc++E=
-10,23,BSwyJ3oBL3KKB8vvwSOeSeT7iSU=,xOC922NFjVD14M8xyptcggCc++E=
-16,24,BSwyJ3oBL3KKB8vvwSOeSeT7iSU=,jcw9/69cVWrkgX0bYqLLB++2zX4=
-15,24,BSwyJ3oBL3KKB8vvwSOeSeT7iSU=,jcw9/69cVWrkgX0bYqLLB++2zX4=
-14,24,BSwyJ3oBL3KKB8vvwSOeSeT7iSU=,jcw9/69cVWrkgX0bYqLLB++2zX4=
-12,30,BSwyJ3oBL3KKB8vvwSOeSeT7iSU=,jcw9/69cVWrkgX0bYqLLB++2zX4=
-13,24,BSwyJ3oBL3KKB8vvwSOeSeT7iSU=,jcw9/69cVWrkgX0bYqLLB++2zX4=
-12,24,BSwyJ3oBL3KKB8vvwSOeSeT7iSU=,jcw9/69cVWrkgX0bYqLLB++2zX4=
-11,24,BSwyJ3oBL3KKB8vvwSOeSeT7iSU=,jcw9/69cVWrkgX0bYqLLB++2zX4=
-10,24,BSwyJ3oBL3KKB8vvwSOeSeT7iSU=,jcw9/69cVWrkgX0bYqLLB++2zX4=
-16,23,BSwyJ3oBL3KKB8vvwSOeSeT7iSU=,xOC922NFjVD14M8xyptcggCc++E=
-16,25,BSwyJ3oBL3KKB8vvwSOeSeT7iSU=,jcw9/69cVWrkgX0bYqLLB++2zX4=
-15,25,BSwyJ3oBL3KKB8vvwSOeSeT7iSU=,jcw9/69cVWrkgX0bYqLLB++2zX4=
-14,25,BSwyJ3oBL3KKB8vvwSOeSeT7iSU=,jcw9/69cVWrkgX0bYqLLB++2zX4=
-13,25,BSwyJ3oBL3KKB8vvwSOeSeT7iSU=,jcw9/69cVWrkgX0bYqLLB++2zX4=
-12,25,BSwyJ3oBL3KKB8vvwSOeSeT7iSU=,jcw9/69cVWrkgX0bYqLLB++2zX4=
-11,25,BSwyJ3oBL3KKB8vvwSOeSeT7iSU=,jcw9/69cVWrkgX0bYqLLB++2zX4=
-13,30,BSwyJ3oBL3KKB8vvwSOeSeT7iSU=,jcw9/69cVWrkgX0bYqLLB++2zX4=
-10,25,BSwyJ3oBL3KKB8vvwSOeSeT7iSU=,jcw9/69cVWrkgX0bYqLLB++2zX4=
-16,26,BSwyJ3oBL3KKB8vvwSOeSeT7iSU=,jcw9/69cVWrkgX0bYqLLB++2zX4=
-14,30,BSwyJ3oBL3KKB8vvwSOeSeT7iSU=,jcw9/69cVWrkgX0bYqLLB++2zX4=
-14,23,BSwyJ3oBL3KKB8vvwSOeSeT7iSU=,xOC922NFjVD14M8xyptcggCc++E=
-15,26,BSwyJ3oBL3KKB8vvwSOeSeT7iSU=,jcw9/69cVWrkgX0bYqLLB++2zX4=
-14,26,BSwyJ3oBL3KKB8vvwSOeSeT7iSU=,jcw9/69cVWrkgX0bYqLLB++2zX4=
-15,23,BSwyJ3oBL3KKB8vvwSOeSeT7iSU=,xOC922NFjVD14M8xyptcggCc++E=
-13,26,BSwyJ3oBL3KKB8vvwSOeSeT7iSU=,jcw9/69cVWrkgX0bYqLLB++2zX4=
-12,26,BSwyJ3oBL3KKB8vvwSOeSeT7iSU=,jcw9/69cVWrkgX0bYqLLB++2zX4=
-11,26,BSwyJ3oBL3KKB8vvwSOeSeT7iSU=,jcw9/69cVWrkgX0bYqLLB++2zX4=
-10,26,BSwyJ3oBL3KKB8vvwSOeSeT7iSU=,jcw9/69cVWrkgX0bYqLLB++2zX4=
-16,27,BSwyJ3oBL3KKB8vvwSOeSeT7iSU=,jcw9/69cVWrkgX0bYqLLB++2zX4=
-15,27,BSwyJ3oBL3KKB8vvwSOeSeT7iSU=,jcw9/69cVWrkgX0bYqLLB++2zX4=
-14,27,BSwyJ3oBL3KKB8vvwSOeSeT7iSU=,jcw9/69cVWrkgX0bYqLLB++2zX4=
-13,27,BSwyJ3oBL3KKB8vvwSOeSeT7iSU=,jcw9/69cVWrkgX0bYqLLB++2zX4=
-12,27,BSwyJ3oBL3KKB8vvwSOeSeT7iSU=,jcw9/69cVWrkgX0bYqLLB++2zX4=
-11,27,BSwyJ3oBL3KKB8vvwSOeSeT7iSU=,jcw9/69cVWrkgX0bYqLLB++2zX4=
-15,30,BSwyJ3oBL3KKB8vvwSOeSeT7iSU=,jcw9/69cVWrkgX0bYqLLB++2zX4=
-10,27,BSwyJ3oBL3KKB8vvwSOeSeT7iSU=,jcw9/69cVWrkgX0bYqLLB++2zX4=
-16,30,BSwyJ3oBL3KKB8vvwSOeSeT7iSU=,jcw9/69cVWrkgX0bYqLLB++2zX4=
-16,28,BSwyJ3oBL3KKB8vvwSOeSeT7iSU=,jcw9/69cVWrkgX0bYqLLB++2zX4=
-15,28,BSwyJ3oBL3KKB8vvwSOeSeT7iSU=,jcw9/69cVWrkgX0bYqLLB++2zX4=
-10,29,BSwyJ3oBL3KKB8vvwSOeSeT7iSU=,jcw9/69cVWrkgX0bYqLLB++2zX4=
-14,28,BSwyJ3oBL3KKB8vvwSOeSeT7iSU=,jcw9/69cVWrkgX0bYqLLB++2zX4=
-13,28,BSwyJ3oBL3KKB8vvwSOeSeT7iSU=,jcw9/69cVWrkgX0bYqLLB++2zX4=
-12,28,BSwyJ3oBL3KKB8vvwSOeSeT7iSU=,jcw9/69cVWrkgX0bYqLLB++2zX4=
-11,28,BSwyJ3oBL3KKB8vvwSOeSeT7iSU=,jcw9/69cVWrkgX0bYqLLB++2zX4=
-11,29,BSwyJ3oBL3KKB8vvwSOeSeT7iSU=,jcw9/69cVWrkgX0bYqLLB++2zX4=
-12,29,BSwyJ3oBL3KKB8vvwSOeSeT7iSU=,jcw9/69cVWrkgX0bYqLLB++2zX4=
-10,28,BSwyJ3oBL3KKB8vvwSOeSeT7iSU=,jcw9/69cVWrkgX0bYqLLB++2zX4=
-13,29,BSwyJ3oBL3KKB8vvwSOeSeT7iSU=,jcw9/69cVWrkgX0bYqLLB++2zX4=
-16,29,BSwyJ3oBL3KKB8vvwSOeSeT7iSU=,jcw9/69cVWrkgX0bYqLLB++2zX4=
-14,29,BSwyJ3oBL3KKB8vvwSOeSeT7iSU=,jcw9/69cVWrkgX0bYqLLB++2zX4=
-15,29,BSwyJ3oBL3KKB8vvwSOeSeT7iSU=,jcw9/69cVWrkgX0bYqLLB++2zX4=
-4,29,5JUlOSiQymRAVQpkOHacnYipqEk=,QqCEf6WZYiJXzKEHb+SrfqYA/Zc=
-9,31,+9qzjehpbyHC9WknEfz2XbGKaiU=,jcw9/69cVWrkgX0bYqLLB++2zX4=
-9,23,+9qzjehpbyHC9WknEfz2XbGKaiU=,xOC922NFjVD14M8xyptcggCc++E=
-8,24,5JUlOSiQymRAVQpkOHacnYipqEk=,QqCEf6WZYiJXzKEHb+SrfqYA/Zc=
-1,23,5JUlOSiQymRAVQpkOHacnYipqEk=,2oSl6B670/ji6mP/8eHY64wfbdo=
-2,23,5JUlOSiQymRAVQpkOHacnYipqEk=,2oSl6B670/ji6mP/8eHY64wfbdo=
-3,23,5JUlOSiQymRAVQpkOHacnYipqEk=,2oSl6B670/ji6mP/8eHY64wfbdo=
-4,23,5JUlOSiQymRAVQpkOHacnYipqEk=,2oSl6B670/ji6mP/8eHY64wfbdo=
-5,23,5JUlOSiQymRAVQpkOHacnYipqEk=,2oSl6B670/ji6mP/8eHY64wfbdo=
-5,29,5JUlOSiQymRAVQpkOHacnYipqEk=,QqCEf6WZYiJXzKEHb+SrfqYA/Zc=
-9,30,+9qzjehpbyHC9WknEfz2XbGKaiU=,jcw9/69cVWrkgX0bYqLLB++2zX4=
-7,24,5JUlOSiQymRAVQpkOHacnYipqEk=,QqCEf6WZYiJXzKEHb+SrfqYA/Zc=
-7,29,5JUlOSiQymRAVQpkOHacnYipqEk=,QqCEf6WZYiJXzKEHb+SrfqYA/Zc=
-6,23,5JUlOSiQymRAVQpkOHacnYipqEk=,2oSl6B670/ji6mP/8eHY64wfbdo=
-6,24,5JUlOSiQymRAVQpkOHacnYipqEk=,QqCEf6WZYiJXzKEHb+SrfqYA/Zc=
-7,23,5JUlOSiQymRAVQpkOHacnYipqEk=,2oSl6B670/ji6mP/8eHY64wfbdo=
-3,29,5JUlOSiQymRAVQpkOHacnYipqEk=,QqCEf6WZYiJXzKEHb+SrfqYA/Zc=
-8,29,5JUlOSiQymRAVQpkOHacnYipqEk=,QqCEf6WZYiJXzKEHb+SrfqYA/Zc=
-5,24,5JUlOSiQymRAVQpkOHacnYipqEk=,QqCEf6WZYiJXzKEHb+SrfqYA/Zc=
-8,23,5JUlOSiQymRAVQpkOHacnYipqEk=,2oSl6B670/ji6mP/8eHY64wfbdo=
-6,29,5JUlOSiQymRAVQpkOHacnYipqEk=,QqCEf6WZYiJXzKEHb+SrfqYA/Zc=
-4,24,5JUlOSiQymRAVQpkOHacnYipqEk=,QqCEf6WZYiJXzKEHb+SrfqYA/Zc=
-1,28,5JUlOSiQymRAVQpkOHacnYipqEk=,QqCEf6WZYiJXzKEHb+SrfqYA/Zc=
-2,28,5JUlOSiQymRAVQpkOHacnYipqEk=,QqCEf6WZYiJXzKEHb+SrfqYA/Zc=
-9,24,+9qzjehpbyHC9WknEfz2XbGKaiU=,jcw9/69cVWrkgX0bYqLLB++2zX4=
-3,28,5JUlOSiQymRAVQpkOHacnYipqEk=,QqCEf6WZYiJXzKEHb+SrfqYA/Zc=
-4,28,5JUlOSiQymRAVQpkOHacnYipqEk=,QqCEf6WZYiJXzKEHb+SrfqYA/Zc=
-9,29,+9qzjehpbyHC9WknEfz2XbGKaiU=,jcw9/69cVWrkgX0bYqLLB++2zX4=
-3,24,5JUlOSiQymRAVQpkOHacnYipqEk=,QqCEf6WZYiJXzKEHb+SrfqYA/Zc=
-5,28,5JUlOSiQymRAVQpkOHacnYipqEk=,QqCEf6WZYiJXzKEHb+SrfqYA/Zc=
-6,28,5JUlOSiQymRAVQpkOHacnYipqEk=,QqCEf6WZYiJXzKEHb+SrfqYA/Zc=
-2,29,5JUlOSiQymRAVQpkOHacnYipqEk=,QqCEf6WZYiJXzKEHb+SrfqYA/Zc=
-7,28,5JUlOSiQymRAVQpkOHacnYipqEk=,QqCEf6WZYiJXzKEHb+SrfqYA/Zc=
-8,28,5JUlOSiQymRAVQpkOHacnYipqEk=,QqCEf6WZYiJXzKEHb+SrfqYA/Zc=
-1,29,5JUlOSiQymRAVQpkOHacnYipqEk=,QqCEf6WZYiJXzKEHb+SrfqYA/Zc=
-9,28,+9qzjehpbyHC9WknEfz2XbGKaiU=,jcw9/69cVWrkgX0bYqLLB++2zX4=
-1,27,5JUlOSiQymRAVQpkOHacnYipqEk=,QqCEf6WZYiJXzKEHb+SrfqYA/Zc=
-8,30,5JUlOSiQymRAVQpkOHacnYipqEk=,QqCEf6WZYiJXzKEHb+SrfqYA/Zc=
-3,27,5JUlOSiQymRAVQpkOHacnYipqEk=,QqCEf6WZYiJXzKEHb+SrfqYA/Zc=
-2,27,5JUlOSiQymRAVQpkOHacnYipqEk=,QqCEf6WZYiJXzKEHb+SrfqYA/Zc=
-2,24,5JUlOSiQymRAVQpkOHacnYipqEk=,QqCEf6WZYiJXzKEHb+SrfqYA/Zc=
-9,27,+9qzjehpbyHC9WknEfz2XbGKaiU=,jcw9/69cVWrkgX0bYqLLB++2zX4=
-1,24,5JUlOSiQymRAVQpkOHacnYipqEk=,QqCEf6WZYiJXzKEHb+SrfqYA/Zc=
-9,26,+9qzjehpbyHC9WknEfz2XbGKaiU=,jcw9/69cVWrkgX0bYqLLB++2zX4=
-7,30,5JUlOSiQymRAVQpkOHacnYipqEk=,QqCEf6WZYiJXzKEHb+SrfqYA/Zc=
-8,25,5JUlOSiQymRAVQpkOHacnYipqEk=,QqCEf6WZYiJXzKEHb+SrfqYA/Zc=
-5,27,5JUlOSiQymRAVQpkOHacnYipqEk=,QqCEf6WZYiJXzKEHb+SrfqYA/Zc=
-4,27,5JUlOSiQymRAVQpkOHacnYipqEk=,QqCEf6WZYiJXzKEHb+SrfqYA/Zc=
-6,27,5JUlOSiQymRAVQpkOHacnYipqEk=,QqCEf6WZYiJXzKEHb+SrfqYA/Zc=
-1,31,5JUlOSiQymRAVQpkOHacnYipqEk=,QqCEf6WZYiJXzKEHb+SrfqYA/Zc=
-8,27,5JUlOSiQymRAVQpkOHacnYipqEk=,QqCEf6WZYiJXzKEHb+SrfqYA/Zc=
-7,27,5JUlOSiQymRAVQpkOHacnYipqEk=,QqCEf6WZYiJXzKEHb+SrfqYA/Zc=
-1,26,5JUlOSiQymRAVQpkOHacnYipqEk=,QqCEf6WZYiJXzKEHb+SrfqYA/Zc=
-2,31,5JUlOSiQymRAVQpkOHacnYipqEk=,QqCEf6WZYiJXzKEHb+SrfqYA/Zc=
-3,31,5JUlOSiQymRAVQpkOHacnYipqEk=,QqCEf6WZYiJXzKEHb+SrfqYA/Zc=
-4,31,5JUlOSiQymRAVQpkOHacnYipqEk=,QqCEf6WZYiJXzKEHb+SrfqYA/Zc=
-5,31,5JUlOSiQymRAVQpkOHacnYipqEk=,QqCEf6WZYiJXzKEHb+SrfqYA/Zc=
-6,31,5JUlOSiQymRAVQpkOHacnYipqEk=,QqCEf6WZYiJXzKEHb+SrfqYA/Zc=
-8,31,5JUlOSiQymRAVQpkOHacnYipqEk=,QqCEf6WZYiJXzKEHb+SrfqYA/Zc=
-7,31,5JUlOSiQymRAVQpkOHacnYipqEk=,QqCEf6WZYiJXzKEHb+SrfqYA/Zc=
-7,25,5JUlOSiQymRAVQpkOHacnYipqEk=,QqCEf6WZYiJXzKEHb+SrfqYA/Zc=
-6,30,5JUlOSiQymRAVQpkOHacnYipqEk=,QqCEf6WZYiJXzKEHb+SrfqYA/Zc=
-6,25,5JUlOSiQymRAVQpkOHacnYipqEk=,QqCEf6WZYiJXzKEHb+SrfqYA/Zc=
-1,30,5JUlOSiQymRAVQpkOHacnYipqEk=,QqCEf6WZYiJXzKEHb+SrfqYA/Zc=
-2,26,5JUlOSiQymRAVQpkOHacnYipqEk=,QqCEf6WZYiJXzKEHb+SrfqYA/Zc=
-5,25,5JUlOSiQymRAVQpkOHacnYipqEk=,QqCEf6WZYiJXzKEHb+SrfqYA/Zc=
-3,26,5JUlOSiQymRAVQpkOHacnYipqEk=,QqCEf6WZYiJXzKEHb+SrfqYA/Zc=
-4,25,5JUlOSiQymRAVQpkOHacnYipqEk=,QqCEf6WZYiJXzKEHb+SrfqYA/Zc=
-4,26,5JUlOSiQymRAVQpkOHacnYipqEk=,QqCEf6WZYiJXzKEHb+SrfqYA/Zc=
-2,30,5JUlOSiQymRAVQpkOHacnYipqEk=,QqCEf6WZYiJXzKEHb+SrfqYA/Zc=
-3,25,5JUlOSiQymRAVQpkOHacnYipqEk=,QqCEf6WZYiJXzKEHb+SrfqYA/Zc=
-5,26,5JUlOSiQymRAVQpkOHacnYipqEk=,QqCEf6WZYiJXzKEHb+SrfqYA/Zc=
-9,25,+9qzjehpbyHC9WknEfz2XbGKaiU=,jcw9/69cVWrkgX0bYqLLB++2zX4=
-2,25,5JUlOSiQymRAVQpkOHacnYipqEk=,QqCEf6WZYiJXzKEHb+SrfqYA/Zc=
-3,30,5JUlOSiQymRAVQpkOHacnYipqEk=,QqCEf6WZYiJXzKEHb+SrfqYA/Zc=
-1,25,5JUlOSiQymRAVQpkOHacnYipqEk=,QqCEf6WZYiJXzKEHb+SrfqYA/Zc=
-6,26,5JUlOSiQymRAVQpkOHacnYipqEk=,QqCEf6WZYiJXzKEHb+SrfqYA/Zc=
-7,26,5JUlOSiQymRAVQpkOHacnYipqEk=,QqCEf6WZYiJXzKEHb+SrfqYA/Zc=
-4,30,5JUlOSiQymRAVQpkOHacnYipqEk=,QqCEf6WZYiJXzKEHb+SrfqYA/Zc=
-5,30,5JUlOSiQymRAVQpkOHacnYipqEk=,QqCEf6WZYiJXzKEHb+SrfqYA/Zc=
-8,26,5JUlOSiQymRAVQpkOHacnYipqEk=,QqCEf6WZYiJXzKEHb+SrfqYA/Zc=
-15,9,KYo9naYMg8Cva/Tcc4uskmhgLfg=,RWN1J02H+tJzN9wei4Nq/U4Rpkc=
-10,14,KYo9naYMg8Cva/Tcc4uskmhgLfg=,RWN1J02H+tJzN9wei4Nq/U4Rpkc=
-11,14,KYo9naYMg8Cva/Tcc4uskmhgLfg=,RWN1J02H+tJzN9wei4Nq/U4Rpkc=
-12,14,KYo9naYMg8Cva/Tcc4uskmhgLfg=,RWN1J02H+tJzN9wei4Nq/U4Rpkc=
-13,14,KYo9naYMg8Cva/Tcc4uskmhgLfg=,RWN1J02H+tJzN9wei4Nq/U4Rpkc=
-14,14,KYo9naYMg8Cva/Tcc4uskmhgLfg=,RWN1J02H+tJzN9wei4Nq/U4Rpkc=
-15,14,KYo9naYMg8Cva/Tcc4uskmhgLfg=,RWN1J02H+tJzN9wei4Nq/U4Rpkc=
-10,13,KYo9naYMg8Cva/Tcc4uskmhgLfg=,RWN1J02H+tJzN9wei4Nq/U4Rpkc=
-11,13,KYo9naYMg8Cva/Tcc4uskmhgLfg=,RWN1J02H+tJzN9wei4Nq/U4Rpkc=
-12,13,KYo9naYMg8Cva/Tcc4uskmhgLfg=,RWN1J02H+tJzN9wei4Nq/U4Rpkc=
-13,13,KYo9naYMg8Cva/Tcc4uskmhgLfg=,RWN1J02H+tJzN9wei4Nq/U4Rpkc=
-14,13,KYo9naYMg8Cva/Tcc4uskmhgLfg=,RWN1J02H+tJzN9wei4Nq/U4Rpkc=
-15,13,KYo9naYMg8Cva/Tcc4uskmhgLfg=,RWN1J02H+tJzN9wei4Nq/U4Rpkc=
-10,12,KYo9naYMg8Cva/Tcc4uskmhgLfg=,RWN1J02H+tJzN9wei4Nq/U4Rpkc=
-11,12,KYo9naYMg8Cva/Tcc4uskmhgLfg=,RWN1J02H+tJzN9wei4Nq/U4Rpkc=
-12,12,KYo9naYMg8Cva/Tcc4uskmhgLfg=,RWN1J02H+tJzN9wei4Nq/U4Rpkc=
-13,12,KYo9naYMg8Cva/Tcc4uskmhgLfg=,RWN1J02H+tJzN9wei4Nq/U4Rpkc=
-14,12,KYo9naYMg8Cva/Tcc4uskmhgLfg=,RWN1J02H+tJzN9wei4Nq/U4Rpkc=
-15,12,KYo9naYMg8Cva/Tcc4uskmhgLfg=,RWN1J02H+tJzN9wei4Nq/U4Rpkc=
-10,11,KYo9naYMg8Cva/Tcc4uskmhgLfg=,RWN1J02H+tJzN9wei4Nq/U4Rpkc=
-11,11,KYo9naYMg8Cva/Tcc4uskmhgLfg=,RWN1J02H+tJzN9wei4Nq/U4Rpkc=
-12,11,KYo9naYMg8Cva/Tcc4uskmhgLfg=,RWN1J02H+tJzN9wei4Nq/U4Rpkc=
-13,11,KYo9naYMg8Cva/Tcc4uskmhgLfg=,RWN1J02H+tJzN9wei4Nq/U4Rpkc=
-14,11,KYo9naYMg8Cva/Tcc4uskmhgLfg=,RWN1J02H+tJzN9wei4Nq/U4Rpkc=
-15,11,KYo9naYMg8Cva/Tcc4uskmhgLfg=,RWN1J02H+tJzN9wei4Nq/U4Rpkc=
-10,10,KYo9naYMg8Cva/Tcc4uskmhgLfg=,RWN1J02H+tJzN9wei4Nq/U4Rpkc=
-11,10,KYo9naYMg8Cva/Tcc4uskmhgLfg=,RWN1J02H+tJzN9wei4Nq/U4Rpkc=
-12,10,KYo9naYMg8Cva/Tcc4uskmhgLfg=,RWN1J02H+tJzN9wei4Nq/U4Rpkc=
-13,10,KYo9naYMg8Cva/Tcc4uskmhgLfg=,RWN1J02H+tJzN9wei4Nq/U4Rpkc=
-14,10,KYo9naYMg8Cva/Tcc4uskmhgLfg=,RWN1J02H+tJzN9wei4Nq/U4Rpkc=
-15,10,KYo9naYMg8Cva/Tcc4uskmhgLfg=,RWN1J02H+tJzN9wei4Nq/U4Rpkc=
-11,9,KYo9naYMg8Cva/Tcc4uskmhgLfg=,RWN1J02H+tJzN9wei4Nq/U4Rpkc=
-12,9,KYo9naYMg8Cva/Tcc4uskmhgLfg=,RWN1J02H+tJzN9wei4Nq/U4Rpkc=
-10,9,KYo9naYMg8Cva/Tcc4uskmhgLfg=,RWN1J02H+tJzN9wei4Nq/U4Rpkc=
-13,9,KYo9naYMg8Cva/Tcc4uskmhgLfg=,RWN1J02H+tJzN9wei4Nq/U4Rpkc=
-14,9,KYo9naYMg8Cva/Tcc4uskmhgLfg=,RWN1J02H+tJzN9wei4Nq/U4Rpkc=
-12,15,KYo9naYMg8Cva/Tcc4uskmhgLfg=,RWN1J02H+tJzN9wei4Nq/U4Rpkc=
-11,15,vBiW7RGOrcZhn/s8OHy7a03zIKs=,RWN1J02H+tJzN9wei4Nq/U4Rpkc=
-13,15,vBiW7RGOrcZhn/s8OHy7a03zIKs=,RWN1J02H+tJzN9wei4Nq/U4Rpkc=
-14,15,vBiW7RGOrcZhn/s8OHy7a03zIKs=,RWN1J02H+tJzN9wei4Nq/U4Rpkc=
-15,15,vBiW7RGOrcZhn/s8OHy7a03zIKs=,RWN1J02H+tJzN9wei4Nq/U4Rpkc=
-10,15,vBiW7RGOrcZhn/s8OHy7a03zIKs=,RWN1J02H+tJzN9wei4Nq/U4Rpkc=
-16,9,vBiW7RGOrcZhn/s8OHy7a03zIKs=,RWN1J02H+tJzN9wei4Nq/U4Rpkc=
-16,14,vBiW7RGOrcZhn/s8OHy7a03zIKs=,RWN1J02H+tJzN9wei4Nq/U4Rpkc=
-16,13,vBiW7RGOrcZhn/s8OHy7a03zIKs=,RWN1J02H+tJzN9wei4Nq/U4Rpkc=
-16,12,vBiW7RGOrcZhn/s8OHy7a03zIKs=,RWN1J02H+tJzN9wei4Nq/U4Rpkc=
-16,11,vBiW7RGOrcZhn/s8OHy7a03zIKs=,RWN1J02H+tJzN9wei4Nq/U4Rpkc=
-16,10,vBiW7RGOrcZhn/s8OHy7a03zIKs=,RWN1J02H+tJzN9wei4Nq/U4Rpkc=
-16,15,vBiW7RGOrcZhn/s8OHy7a03zIKs=,RWN1J02H+tJzN9wei4Nq/U4Rpkc=
-11,6,vBiW7RGOrcZhn/s8OHy7a03zIKs=,0QVMNvKz55oTz6dtgen8C7Q/HoU=
-16,5,vBiW7RGOrcZhn/s8OHy7a03zIKs=,0QVMNvKz55oTz6dtgen8C7Q/HoU=
-12,7,vBiW7RGOrcZhn/s8OHy7a03zIKs=,0QVMNvKz55oTz6dtgen8C7Q/HoU=
-15,5,vBiW7RGOrcZhn/s8OHy7a03zIKs=,0QVMNvKz55oTz6dtgen8C7Q/HoU=
-11,7,vBiW7RGOrcZhn/s8OHy7a03zIKs=,0QVMNvKz55oTz6dtgen8C7Q/HoU=
-14,5,vBiW7RGOrcZhn/s8OHy7a03zIKs=,0QVMNvKz55oTz6dtgen8C7Q/HoU=
-16,0,vBiW7RGOrcZhn/s8OHy7a03zIKs=,0QVMNvKz55oTz6dtgen8C7Q/HoU=
-10,7,vBiW7RGOrcZhn/s8OHy7a03zIKs=,0QVMNvKz55oTz6dtgen8C7Q/HoU=
-12,2,vBiW7RGOrcZhn/s8OHy7a03zIKs=,0QVMNvKz55oTz6dtgen8C7Q/HoU=
-16,8,vBiW7RGOrcZhn/s8OHy7a03zIKs=,RWN1J02H+tJzN9wei4Nq/U4Rpkc=
-11,5,vBiW7RGOrcZhn/s8OHy7a03zIKs=,0QVMNvKz55oTz6dtgen8C7Q/HoU=
-12,5,vBiW7RGOrcZhn/s8OHy7a03zIKs=,0QVMNvKz55oTz6dtgen8C7Q/HoU=
-12,0,vBiW7RGOrcZhn/s8OHy7a03zIKs=,0QVMNvKz55oTz6dtgen8C7Q/HoU=
-15,8,vBiW7RGOrcZhn/s8OHy7a03zIKs=,RWN1J02H+tJzN9wei4Nq/U4Rpkc=
-14,8,vBiW7RGOrcZhn/s8OHy7a03zIKs=,RWN1J02H+tJzN9wei4Nq/U4Rpkc=
-13,8,vBiW7RGOrcZhn/s8OHy7a03zIKs=,RWN1J02H+tJzN9wei4Nq/U4Rpkc=
-12,8,vBiW7RGOrcZhn/s8OHy7a03zIKs=,RWN1J02H+tJzN9wei4Nq/U4Rpkc=
-11,8,vBiW7RGOrcZhn/s8OHy7a03zIKs=,RWN1J02H+tJzN9wei4Nq/U4Rpkc=
-10,8,vBiW7RGOrcZhn/s8OHy7a03zIKs=,RWN1J02H+tJzN9wei4Nq/U4Rpkc=
-10,6,vBiW7RGOrcZhn/s8OHy7a03zIKs=,0QVMNvKz55oTz6dtgen8C7Q/HoU=
-13,5,vBiW7RGOrcZhn/s8OHy7a03zIKs=,0QVMNvKz55oTz6dtgen8C7Q/HoU=
-12,1,vBiW7RGOrcZhn/s8OHy7a03zIKs=,0QVMNvKz55oTz6dtgen8C7Q/HoU=
-13,0,vBiW7RGOrcZhn/s8OHy7a03zIKs=,0QVMNvKz55oTz6dtgen8C7Q/HoU=
-11,1,vBiW7RGOrcZhn/s8OHy7a03zIKs=,0QVMNvKz55oTz6dtgen8C7Q/HoU=
-13,7,vBiW7RGOrcZhn/s8OHy7a03zIKs=,0QVMNvKz55oTz6dtgen8C7Q/HoU=
-11,0,vBiW7RGOrcZhn/s8OHy7a03zIKs=,0QVMNvKz55oTz6dtgen8C7Q/HoU=
-10,5,vBiW7RGOrcZhn/s8OHy7a03zIKs=,0QVMNvKz55oTz6dtgen8C7Q/HoU=
-13,1,vBiW7RGOrcZhn/s8OHy7a03zIKs=,0QVMNvKz55oTz6dtgen8C7Q/HoU=
-14,7,vBiW7RGOrcZhn/s8OHy7a03zIKs=,0QVMNvKz55oTz6dtgen8C7Q/HoU=
-12,6,vBiW7RGOrcZhn/s8OHy7a03zIKs=,0QVMNvKz55oTz6dtgen8C7Q/HoU=
-10,0,vBiW7RGOrcZhn/s8OHy7a03zIKs=,0QVMNvKz55oTz6dtgen8C7Q/HoU=
-13,2,vBiW7RGOrcZhn/s8OHy7a03zIKs=,0QVMNvKz55oTz6dtgen8C7Q/HoU=
-10,1,vBiW7RGOrcZhn/s8OHy7a03zIKs=,0QVMNvKz55oTz6dtgen8C7Q/HoU=
-14,2,vBiW7RGOrcZhn/s8OHy7a03zIKs=,0QVMNvKz55oTz6dtgen8C7Q/HoU=
-15,2,vBiW7RGOrcZhn/s8OHy7a03zIKs=,0QVMNvKz55oTz6dtgen8C7Q/HoU=
-16,6,vBiW7RGOrcZhn/s8OHy7a03zIKs=,0QVMNvKz55oTz6dtgen8C7Q/HoU=
-14,4,vBiW7RGOrcZhn/s8OHy7a03zIKs=,0QVMNvKz55oTz6dtgen8C7Q/HoU=
-16,1,vBiW7RGOrcZhn/s8OHy7a03zIKs=,0QVMNvKz55oTz6dtgen8C7Q/HoU=
-13,4,vBiW7RGOrcZhn/s8OHy7a03zIKs=,0QVMNvKz55oTz6dtgen8C7Q/HoU=
-15,6,vBiW7RGOrcZhn/s8OHy7a03zIKs=,0QVMNvKz55oTz6dtgen8C7Q/HoU=
-11,2,vBiW7RGOrcZhn/s8OHy7a03zIKs=,0QVMNvKz55oTz6dtgen8C7Q/HoU=
-16,2,vBiW7RGOrcZhn/s8OHy7a03zIKs=,0QVMNvKz55oTz6dtgen8C7Q/HoU=
-10,2,vBiW7RGOrcZhn/s8OHy7a03zIKs=,0QVMNvKz55oTz6dtgen8C7Q/HoU=
-16,3,vBiW7RGOrcZhn/s8OHy7a03zIKs=,0QVMNvKz55oTz6dtgen8C7Q/HoU=
-15,3,vBiW7RGOrcZhn/s8OHy7a03zIKs=,0QVMNvKz55oTz6dtgen8C7Q/HoU=
-14,3,vBiW7RGOrcZhn/s8OHy7a03zIKs=,0QVMNvKz55oTz6dtgen8C7Q/HoU=
-13,3,vBiW7RGOrcZhn/s8OHy7a03zIKs=,0QVMNvKz55oTz6dtgen8C7Q/HoU=
-14,6,vBiW7RGOrcZhn/s8OHy7a03zIKs=,0QVMNvKz55oTz6dtgen8C7Q/HoU=
-15,7,vBiW7RGOrcZhn/s8OHy7a03zIKs=,0QVMNvKz55oTz6dtgen8C7Q/HoU=
-15,0,vBiW7RGOrcZhn/s8OHy7a03zIKs=,0QVMNvKz55oTz6dtgen8C7Q/HoU=
-12,4,vBiW7RGOrcZhn/s8OHy7a03zIKs=,0QVMNvKz55oTz6dtgen8C7Q/HoU=
-16,7,vBiW7RGOrcZhn/s8OHy7a03zIKs=,0QVMNvKz55oTz6dtgen8C7Q/HoU=
-14,1,vBiW7RGOrcZhn/s8OHy7a03zIKs=,0QVMNvKz55oTz6dtgen8C7Q/HoU=
-12,3,vBiW7RGOrcZhn/s8OHy7a03zIKs=,0QVMNvKz55oTz6dtgen8C7Q/HoU=
-11,4,vBiW7RGOrcZhn/s8OHy7a03zIKs=,0QVMNvKz55oTz6dtgen8C7Q/HoU=
-11,3,vBiW7RGOrcZhn/s8OHy7a03zIKs=,0QVMNvKz55oTz6dtgen8C7Q/HoU=
-10,3,vBiW7RGOrcZhn/s8OHy7a03zIKs=,0QVMNvKz55oTz6dtgen8C7Q/HoU=
-13,6,vBiW7RGOrcZhn/s8OHy7a03zIKs=,0QVMNvKz55oTz6dtgen8C7Q/HoU=
-16,4,vBiW7RGOrcZhn/s8OHy7a03zIKs=,0QVMNvKz55oTz6dtgen8C7Q/HoU=
-15,4,vBiW7RGOrcZhn/s8OHy7a03zIKs=,0QVMNvKz55oTz6dtgen8C7Q/HoU=
-10,4,vBiW7RGOrcZhn/s8OHy7a03zIKs=,0QVMNvKz55oTz6dtgen8C7Q/HoU=
-14,0,vBiW7RGOrcZhn/s8OHy7a03zIKs=,0QVMNvKz55oTz6dtgen8C7Q/HoU=
-15,1,vBiW7RGOrcZhn/s8OHy7a03zIKs=,0QVMNvKz55oTz6dtgen8C7Q/HoU=
-4,13,vBiW7RGOrcZhn/s8OHy7a03zIKs=,1QtHLNAFt9zXbsCpeIjDBSr8FFQ=
-3,13,vBiW7RGOrcZhn/s8OHy7a03zIKs=,1QtHLNAFt9zXbsCpeIjDBSr8FFQ=
-5,13,vBiW7RGOrcZhn/s8OHy7a03zIKs=,1QtHLNAFt9zXbsCpeIjDBSr8FFQ=
-8,13,vBiW7RGOrcZhn/s8OHy7a03zIKs=,1QtHLNAFt9zXbsCpeIjDBSr8FFQ=
-7,13,vBiW7RGOrcZhn/s8OHy7a03zIKs=,1QtHLNAFt9zXbsCpeIjDBSr8FFQ=
-1,12,RKBg4bbvAdmvHtHfIGHeh7SomdE=,1QtHLNAFt9zXbsCpeIjDBSr8FFQ=
-2,12,RKBg4bbvAdmvHtHfIGHeh7SomdE=,1QtHLNAFt9zXbsCpeIjDBSr8FFQ=
-9,14,RKBg4bbvAdmvHtHfIGHeh7SomdE=,RWN1J02H+tJzN9wei4Nq/U4Rpkc=
-4,12,RKBg4bbvAdmvHtHfIGHeh7SomdE=,1QtHLNAFt9zXbsCpeIjDBSr8FFQ=
-5,12,RKBg4bbvAdmvHtHfIGHeh7SomdE=,1QtHLNAFt9zXbsCpeIjDBSr8FFQ=
-8,12,RKBg4bbvAdmvHtHfIGHeh7SomdE=,1QtHLNAFt9zXbsCpeIjDBSr8FFQ=
-9,13,RKBg4bbvAdmvHtHfIGHeh7SomdE=,RWN1J02H+tJzN9wei4Nq/U4Rpkc=
-6,12,RKBg4bbvAdmvHtHfIGHeh7SomdE=,1QtHLNAFt9zXbsCpeIjDBSr8FFQ=
-7,12,RKBg4bbvAdmvHtHfIGHeh7SomdE=,1QtHLNAFt9zXbsCpeIjDBSr8FFQ=
-1,11,RKBg4bbvAdmvHtHfIGHeh7SomdE=,1QtHLNAFt9zXbsCpeIjDBSr8FFQ=
-3,11,RKBg4bbvAdmvHtHfIGHeh7SomdE=,1QtHLNAFt9zXbsCpeIjDBSr8FFQ=
-2,11,RKBg4bbvAdmvHtHfIGHeh7SomdE=,1QtHLNAFt9zXbsCpeIjDBSr8FFQ=
-9,12,RKBg4bbvAdmvHtHfIGHeh7SomdE=,RWN1J02H+tJzN9wei4Nq/U4Rpkc=
-4,11,RKBg4bbvAdmvHtHfIGHeh7SomdE=,1QtHLNAFt9zXbsCpeIjDBSr8FFQ=
-9,11,RKBg4bbvAdmvHtHfIGHeh7SomdE=,RWN1J02H+tJzN9wei4Nq/U4Rpkc=
-6,13,RKBg4bbvAdmvHtHfIGHeh7SomdE=,1QtHLNAFt9zXbsCpeIjDBSr8FFQ=
-6,11,RKBg4bbvAdmvHtHfIGHeh7SomdE=,1QtHLNAFt9zXbsCpeIjDBSr8FFQ=
-7,11,RKBg4bbvAdmvHtHfIGHeh7SomdE=,1QtHLNAFt9zXbsCpeIjDBSr8FFQ=
-8,11,RKBg4bbvAdmvHtHfIGHeh7SomdE=,1QtHLNAFt9zXbsCpeIjDBSr8FFQ=
-9,10,RKBg4bbvAdmvHtHfIGHeh7SomdE=,RWN1J02H+tJzN9wei4Nq/U4Rpkc=
-1,10,RKBg4bbvAdmvHtHfIGHeh7SomdE=,1QtHLNAFt9zXbsCpeIjDBSr8FFQ=
-3,12,RKBg4bbvAdmvHtHfIGHeh7SomdE=,1QtHLNAFt9zXbsCpeIjDBSr8FFQ=
-2,10,RKBg4bbvAdmvHtHfIGHeh7SomdE=,1QtHLNAFt9zXbsCpeIjDBSr8FFQ=
-5,11,RKBg4bbvAdmvHtHfIGHeh7SomdE=,1QtHLNAFt9zXbsCpeIjDBSr8FFQ=
-4,10,RKBg4bbvAdmvHtHfIGHeh7SomdE=,1QtHLNAFt9zXbsCpeIjDBSr8FFQ=
-1,15,RKBg4bbvAdmvHtHfIGHeh7SomdE=,1QtHLNAFt9zXbsCpeIjDBSr8FFQ=
-5,10,RKBg4bbvAdmvHtHfIGHeh7SomdE=,1QtHLNAFt9zXbsCpeIjDBSr8FFQ=
-6,10,RKBg4bbvAdmvHtHfIGHeh7SomdE=,1QtHLNAFt9zXbsCpeIjDBSr8FFQ=
-9,9,RKBg4bbvAdmvHtHfIGHeh7SomdE=,RWN1J02H+tJzN9wei4Nq/U4Rpkc=
-8,10,RKBg4bbvAdmvHtHfIGHeh7SomdE=,1QtHLNAFt9zXbsCpeIjDBSr8FFQ=
-2,15,RKBg4bbvAdmvHtHfIGHeh7SomdE=,1QtHLNAFt9zXbsCpeIjDBSr8FFQ=
-7,10,RKBg4bbvAdmvHtHfIGHeh7SomdE=,1QtHLNAFt9zXbsCpeIjDBSr8FFQ=
-1,9,RKBg4bbvAdmvHtHfIGHeh7SomdE=,1QtHLNAFt9zXbsCpeIjDBSr8FFQ=
-3,15,RKBg4bbvAdmvHtHfIGHeh7SomdE=,1QtHLNAFt9zXbsCpeIjDBSr8FFQ=
-2,9,RKBg4bbvAdmvHtHfIGHeh7SomdE=,1QtHLNAFt9zXbsCpeIjDBSr8FFQ=
-3,9,RKBg4bbvAdmvHtHfIGHeh7SomdE=,1QtHLNAFt9zXbsCpeIjDBSr8FFQ=
-5,15,RKBg4bbvAdmvHtHfIGHeh7SomdE=,1QtHLNAFt9zXbsCpeIjDBSr8FFQ=
-4,15,RKBg4bbvAdmvHtHfIGHeh7SomdE=,1QtHLNAFt9zXbsCpeIjDBSr8FFQ=
-4,9,RKBg4bbvAdmvHtHfIGHeh7SomdE=,1QtHLNAFt9zXbsCpeIjDBSr8FFQ=
-5,9,RKBg4bbvAdmvHtHfIGHeh7SomdE=,1QtHLNAFt9zXbsCpeIjDBSr8FFQ=
-7,15,RKBg4bbvAdmvHtHfIGHeh7SomdE=,1QtHLNAFt9zXbsCpeIjDBSr8FFQ=
-6,9,RKBg4bbvAdmvHtHfIGHeh7SomdE=,1QtHLNAFt9zXbsCpeIjDBSr8FFQ=
-6,15,RKBg4bbvAdmvHtHfIGHeh7SomdE=,1QtHLNAFt9zXbsCpeIjDBSr8FFQ=
-3,10,RKBg4bbvAdmvHtHfIGHeh7SomdE=,1QtHLNAFt9zXbsCpeIjDBSr8FFQ=
-8,15,RKBg4bbvAdmvHtHfIGHeh7SomdE=,1QtHLNAFt9zXbsCpeIjDBSr8FFQ=
-1,14,RKBg4bbvAdmvHtHfIGHeh7SomdE=,1QtHLNAFt9zXbsCpeIjDBSr8FFQ=
-7,9,RKBg4bbvAdmvHtHfIGHeh7SomdE=,1QtHLNAFt9zXbsCpeIjDBSr8FFQ=
-2,14,RKBg4bbvAdmvHtHfIGHeh7SomdE=,1QtHLNAFt9zXbsCpeIjDBSr8FFQ=
-8,9,RKBg4bbvAdmvHtHfIGHeh7SomdE=,1QtHLNAFt9zXbsCpeIjDBSr8FFQ=
-3,14,RKBg4bbvAdmvHtHfIGHeh7SomdE=,1QtHLNAFt9zXbsCpeIjDBSr8FFQ=
-4,14,RKBg4bbvAdmvHtHfIGHeh7SomdE=,1QtHLNAFt9zXbsCpeIjDBSr8FFQ=
-7,14,RKBg4bbvAdmvHtHfIGHeh7SomdE=,1QtHLNAFt9zXbsCpeIjDBSr8FFQ=
-8,14,RKBg4bbvAdmvHtHfIGHeh7SomdE=,1QtHLNAFt9zXbsCpeIjDBSr8FFQ=
-5,14,RKBg4bbvAdmvHtHfIGHeh7SomdE=,1QtHLNAFt9zXbsCpeIjDBSr8FFQ=
-9,15,RKBg4bbvAdmvHtHfIGHeh7SomdE=,RWN1J02H+tJzN9wei4Nq/U4Rpkc=
-1,13,RKBg4bbvAdmvHtHfIGHeh7SomdE=,1QtHLNAFt9zXbsCpeIjDBSr8FFQ=
-2,13,RKBg4bbvAdmvHtHfIGHeh7SomdE=,1QtHLNAFt9zXbsCpeIjDBSr8FFQ=
-6,14,RKBg4bbvAdmvHtHfIGHeh7SomdE=,1QtHLNAFt9zXbsCpeIjDBSr8FFQ=
-1,7,vhjAHXSf3jO/SPIgqk9W7UDH954=,d1vjj9BaKWrCgyCOnaFIQOsZxFY=
-4,3,vhjAHXSf3jO/SPIgqk9W7UDH954=,d1vjj9BaKWrCgyCOnaFIQOsZxFY=
-9,7,RKBg4bbvAdmvHtHfIGHeh7SomdE=,0QVMNvKz55oTz6dtgen8C7Q/HoU=
-2,7,vhjAHXSf3jO/SPIgqk9W7UDH954=,d1vjj9BaKWrCgyCOnaFIQOsZxFY=
-3,3,vhjAHXSf3jO/SPIgqk9W7UDH954=,d1vjj9BaKWrCgyCOnaFIQOsZxFY=
-6,3,vhjAHXSf3jO/SPIgqk9W7UDH954=,d1vjj9BaKWrCgyCOnaFIQOsZxFY=
-5,3,vhjAHXSf3jO/SPIgqk9W7UDH954=,d1vjj9BaKWrCgyCOnaFIQOsZxFY=
-8,8,RKBg4bbvAdmvHtHfIGHeh7SomdE=,1QtHLNAFt9zXbsCpeIjDBSr8FFQ=
-7,3,vhjAHXSf3jO/SPIgqk9W7UDH954=,d1vjj9BaKWrCgyCOnaFIQOsZxFY=
-4,7,vhjAHXSf3jO/SPIgqk9W7UDH954=,d1vjj9BaKWrCgyCOnaFIQOsZxFY=
-2,3,vhjAHXSf3jO/SPIgqk9W7UDH954=,d1vjj9BaKWrCgyCOnaFIQOsZxFY=
-8,3,vhjAHXSf3jO/SPIgqk9W7UDH954=,d1vjj9BaKWrCgyCOnaFIQOsZxFY=
-1,2,vhjAHXSf3jO/SPIgqk9W7UDH954=,d1vjj9BaKWrCgyCOnaFIQOsZxFY=
-1,3,vhjAHXSf3jO/SPIgqk9W7UDH954=,d1vjj9BaKWrCgyCOnaFIQOsZxFY=
-2,2,vhjAHXSf3jO/SPIgqk9W7UDH954=,d1vjj9BaKWrCgyCOnaFIQOsZxFY=
-8,4,vhjAHXSf3jO/SPIgqk9W7UDH954=,d1vjj9BaKWrCgyCOnaFIQOsZxFY=
-3,2,vhjAHXSf3jO/SPIgqk9W7UDH954=,d1vjj9BaKWrCgyCOnaFIQOsZxFY=
-5,7,vhjAHXSf3jO/SPIgqk9W7UDH954=,d1vjj9BaKWrCgyCOnaFIQOsZxFY=
-6,7,vhjAHXSf3jO/SPIgqk9W7UDH954=,d1vjj9BaKWrCgyCOnaFIQOsZxFY=
-7,7,vhjAHXSf3jO/SPIgqk9W7UDH954=,d1vjj9BaKWrCgyCOnaFIQOsZxFY=
-8,7,vhjAHXSf3jO/SPIgqk9W7UDH954=,d1vjj9BaKWrCgyCOnaFIQOsZxFY=
-4,2,vhjAHXSf3jO/SPIgqk9W7UDH954=,d1vjj9BaKWrCgyCOnaFIQOsZxFY=
-5,2,vhjAHXSf3jO/SPIgqk9W7UDH954=,d1vjj9BaKWrCgyCOnaFIQOsZxFY=
-6,2,vhjAHXSf3jO/SPIgqk9W7UDH954=,d1vjj9BaKWrCgyCOnaFIQOsZxFY=
-1,6,vhjAHXSf3jO/SPIgqk9W7UDH954=,d1vjj9BaKWrCgyCOnaFIQOsZxFY=
-8,2,vhjAHXSf3jO/SPIgqk9W7UDH954=,d1vjj9BaKWrCgyCOnaFIQOsZxFY=
-7,2,vhjAHXSf3jO/SPIgqk9W7UDH954=,d1vjj9BaKWrCgyCOnaFIQOsZxFY=
-3,7,vhjAHXSf3jO/SPIgqk9W7UDH954=,d1vjj9BaKWrCgyCOnaFIQOsZxFY=
-9,4,RKBg4bbvAdmvHtHfIGHeh7SomdE=,0QVMNvKz55oTz6dtgen8C7Q/HoU=
-1,1,vhjAHXSf3jO/SPIgqk9W7UDH954=,d1vjj9BaKWrCgyCOnaFIQOsZxFY=
-2,1,vhjAHXSf3jO/SPIgqk9W7UDH954=,d1vjj9BaKWrCgyCOnaFIQOsZxFY=
-3,6,vhjAHXSf3jO/SPIgqk9W7UDH954=,d1vjj9BaKWrCgyCOnaFIQOsZxFY=
-6,1,vhjAHXSf3jO/SPIgqk9W7UDH954=,d1vjj9BaKWrCgyCOnaFIQOsZxFY=
-3,1,vhjAHXSf3jO/SPIgqk9W7UDH954=,d1vjj9BaKWrCgyCOnaFIQOsZxFY=
-4,1,vhjAHXSf3jO/SPIgqk9W7UDH954=,d1vjj9BaKWrCgyCOnaFIQOsZxFY=
-5,1,vhjAHXSf3jO/SPIgqk9W7UDH954=,d1vjj9BaKWrCgyCOnaFIQOsZxFY=
-7,8,RKBg4bbvAdmvHtHfIGHeh7SomdE=,1QtHLNAFt9zXbsCpeIjDBSr8FFQ=
-7,1,vhjAHXSf3jO/SPIgqk9W7UDH954=,d1vjj9BaKWrCgyCOnaFIQOsZxFY=
-8,1,vhjAHXSf3jO/SPIgqk9W7UDH954=,d1vjj9BaKWrCgyCOnaFIQOsZxFY=
-1,0,vhjAHXSf3jO/SPIgqk9W7UDH954=,d1vjj9BaKWrCgyCOnaFIQOsZxFY=
-7,4,vhjAHXSf3jO/SPIgqk9W7UDH954=,d1vjj9BaKWrCgyCOnaFIQOsZxFY=
-3,0,vhjAHXSf3jO/SPIgqk9W7UDH954=,d1vjj9BaKWrCgyCOnaFIQOsZxFY=
-4,6,vhjAHXSf3jO/SPIgqk9W7UDH954=,d1vjj9BaKWrCgyCOnaFIQOsZxFY=
-4,0,vhjAHXSf3jO/SPIgqk9W7UDH954=,d1vjj9BaKWrCgyCOnaFIQOsZxFY=
-9,8,RKBg4bbvAdmvHtHfIGHeh7SomdE=,RWN1J02H+tJzN9wei4Nq/U4Rpkc=
-5,0,vhjAHXSf3jO/SPIgqk9W7UDH954=,d1vjj9BaKWrCgyCOnaFIQOsZxFY=
-2,6,vhjAHXSf3jO/SPIgqk9W7UDH954=,d1vjj9BaKWrCgyCOnaFIQOsZxFY=
-5,6,vhjAHXSf3jO/SPIgqk9W7UDH954=,d1vjj9BaKWrCgyCOnaFIQOsZxFY=
-6,0,vhjAHXSf3jO/SPIgqk9W7UDH954=,d1vjj9BaKWrCgyCOnaFIQOsZxFY=
-6,8,RKBg4bbvAdmvHtHfIGHeh7SomdE=,1QtHLNAFt9zXbsCpeIjDBSr8FFQ=
-6,4,vhjAHXSf3jO/SPIgqk9W7UDH954=,d1vjj9BaKWrCgyCOnaFIQOsZxFY=
-2,0,vhjAHXSf3jO/SPIgqk9W7UDH954=,d1vjj9BaKWrCgyCOnaFIQOsZxFY=
-4,4,vhjAHXSf3jO/SPIgqk9W7UDH954=,d1vjj9BaKWrCgyCOnaFIQOsZxFY=
-5,4,vhjAHXSf3jO/SPIgqk9W7UDH954=,d1vjj9BaKWrCgyCOnaFIQOsZxFY=
-5,8,RKBg4bbvAdmvHtHfIGHeh7SomdE=,1QtHLNAFt9zXbsCpeIjDBSr8FFQ=
-9,6,RKBg4bbvAdmvHtHfIGHeh7SomdE=,0QVMNvKz55oTz6dtgen8C7Q/HoU=
-4,8,RKBg4bbvAdmvHtHfIGHeh7SomdE=,1QtHLNAFt9zXbsCpeIjDBSr8FFQ=
-9,5,RKBg4bbvAdmvHtHfIGHeh7SomdE=,0QVMNvKz55oTz6dtgen8C7Q/HoU=
-3,8,RKBg4bbvAdmvHtHfIGHeh7SomdE=,1QtHLNAFt9zXbsCpeIjDBSr8FFQ=
-1,8,RKBg4bbvAdmvHtHfIGHeh7SomdE=,1QtHLNAFt9zXbsCpeIjDBSr8FFQ=
-2,8,RKBg4bbvAdmvHtHfIGHeh7SomdE=,1QtHLNAFt9zXbsCpeIjDBSr8FFQ=
-3,4,vhjAHXSf3jO/SPIgqk9W7UDH954=,d1vjj9BaKWrCgyCOnaFIQOsZxFY=
-2,4,vhjAHXSf3jO/SPIgqk9W7UDH954=,d1vjj9BaKWrCgyCOnaFIQOsZxFY=
-9,0,RKBg4bbvAdmvHtHfIGHeh7SomdE=,0QVMNvKz55oTz6dtgen8C7Q/HoU=
-1,4,vhjAHXSf3jO/SPIgqk9W7UDH954=,d1vjj9BaKWrCgyCOnaFIQOsZxFY=
-8,5,vhjAHXSf3jO/SPIgqk9W7UDH954=,d1vjj9BaKWrCgyCOnaFIQOsZxFY=
-7,5,vhjAHXSf3jO/SPIgqk9W7UDH954=,d1vjj9BaKWrCgyCOnaFIQOsZxFY=
-6,5,vhjAHXSf3jO/SPIgqk9W7UDH954=,d1vjj9BaKWrCgyCOnaFIQOsZxFY=
-5,5,vhjAHXSf3jO/SPIgqk9W7UDH954=,d1vjj9BaKWrCgyCOnaFIQOsZxFY=
-8,0,vhjAHXSf3jO/SPIgqk9W7UDH954=,d1vjj9BaKWrCgyCOnaFIQOsZxFY=
-4,5,vhjAHXSf3jO/SPIgqk9W7UDH954=,d1vjj9BaKWrCgyCOnaFIQOsZxFY=
-9,2,RKBg4bbvAdmvHtHfIGHeh7SomdE=,0QVMNvKz55oTz6dtgen8C7Q/HoU=
-3,5,vhjAHXSf3jO/SPIgqk9W7UDH954=,d1vjj9BaKWrCgyCOnaFIQOsZxFY=
-9,1,RKBg4bbvAdmvHtHfIGHeh7SomdE=,0QVMNvKz55oTz6dtgen8C7Q/HoU=
-2,5,vhjAHXSf3jO/SPIgqk9W7UDH954=,d1vjj9BaKWrCgyCOnaFIQOsZxFY=
-7,0,vhjAHXSf3jO/SPIgqk9W7UDH954=,d1vjj9BaKWrCgyCOnaFIQOsZxFY=
-1,5,vhjAHXSf3jO/SPIgqk9W7UDH954=,d1vjj9BaKWrCgyCOnaFIQOsZxFY=
-9,3,RKBg4bbvAdmvHtHfIGHeh7SomdE=,0QVMNvKz55oTz6dtgen8C7Q/HoU=
-8,6,vhjAHXSf3jO/SPIgqk9W7UDH954=,d1vjj9BaKWrCgyCOnaFIQOsZxFY=
-6,6,vhjAHXSf3jO/SPIgqk9W7UDH954=,d1vjj9BaKWrCgyCOnaFIQOsZxFY=
-7,6,vhjAHXSf3jO/SPIgqk9W7UDH954=,d1vjj9BaKWrCgyCOnaFIQOsZxFY=
-32,16,kFdQLUo/eXrXUMMwot+L+oQIIHM=,9QuPgb/HmxezpKX6RMFDgUcQ3Vw=
-29,21,kFdQLUo/eXrXUMMwot+L+oQIIHM=,9QuPgb/HmxezpKX6RMFDgUcQ3Vw=
-27,20,kFdQLUo/eXrXUMMwot+L+oQIIHM=,9QuPgb/HmxezpKX6RMFDgUcQ3Vw=
-28,20,kFdQLUo/eXrXUMMwot+L+oQIIHM=,9QuPgb/HmxezpKX6RMFDgUcQ3Vw=
-30,21,kFdQLUo/eXrXUMMwot+L+oQIIHM=,9QuPgb/HmxezpKX6RMFDgUcQ3Vw=
-29,20,kFdQLUo/eXrXUMMwot+L+oQIIHM=,9QuPgb/HmxezpKX6RMFDgUcQ3Vw=
-31,21,kFdQLUo/eXrXUMMwot+L+oQIIHM=,9QuPgb/HmxezpKX6RMFDgUcQ3Vw=
-29,16,kFdQLUo/eXrXUMMwot+L+oQIIHM=,9QuPgb/HmxezpKX6RMFDgUcQ3Vw=
-30,20,kFdQLUo/eXrXUMMwot+L+oQIIHM=,9QuPgb/HmxezpKX6RMFDgUcQ3Vw=
-26,18,kFdQLUo/eXrXUMMwot+L+oQIIHM=,9QuPgb/HmxezpKX6RMFDgUcQ3Vw=
-26,19,kFdQLUo/eXrXUMMwot+L+oQIIHM=,9QuPgb/HmxezpKX6RMFDgUcQ3Vw=
-26,17,kFdQLUo/eXrXUMMwot+L+oQIIHM=,9QuPgb/HmxezpKX6RMFDgUcQ3Vw=
-32,21,kFdQLUo/eXrXUMMwot+L+oQIIHM=,9QuPgb/HmxezpKX6RMFDgUcQ3Vw=
-31,20,kFdQLUo/eXrXUMMwot+L+oQIIHM=,9QuPgb/HmxezpKX6RMFDgUcQ3Vw=
-27,19,kFdQLUo/eXrXUMMwot+L+oQIIHM=,9QuPgb/HmxezpKX6RMFDgUcQ3Vw=
-27,18,kFdQLUo/eXrXUMMwot+L+oQIIHM=,9QuPgb/HmxezpKX6RMFDgUcQ3Vw=
-28,18,kFdQLUo/eXrXUMMwot+L+oQIIHM=,9QuPgb/HmxezpKX6RMFDgUcQ3Vw=
-28,19,kFdQLUo/eXrXUMMwot+L+oQIIHM=,9QuPgb/HmxezpKX6RMFDgUcQ3Vw=
-29,18,kFdQLUo/eXrXUMMwot+L+oQIIHM=,9QuPgb/HmxezpKX6RMFDgUcQ3Vw=
-29,19,kFdQLUo/eXrXUMMwot+L+oQIIHM=,9QuPgb/HmxezpKX6RMFDgUcQ3Vw=
-30,18,kFdQLUo/eXrXUMMwot+L+oQIIHM=,9QuPgb/HmxezpKX6RMFDgUcQ3Vw=
-26,23,kFdQLUo/eXrXUMMwot+L+oQIIHM=,9QuPgb/HmxezpKX6RMFDgUcQ3Vw=
-27,23,kFdQLUo/eXrXUMMwot+L+oQIIHM=,9QuPgb/HmxezpKX6RMFDgUcQ3Vw=
-28,23,kFdQLUo/eXrXUMMwot+L+oQIIHM=,9QuPgb/HmxezpKX6RMFDgUcQ3Vw=
-29,23,kFdQLUo/eXrXUMMwot+L+oQIIHM=,9QuPgb/HmxezpKX6RMFDgUcQ3Vw=
-30,23,kFdQLUo/eXrXUMMwot+L+oQIIHM=,9QuPgb/HmxezpKX6RMFDgUcQ3Vw=
-31,23,kFdQLUo/eXrXUMMwot+L+oQIIHM=,9QuPgb/HmxezpKX6RMFDgUcQ3Vw=
-32,23,kFdQLUo/eXrXUMMwot+L+oQIIHM=,9QuPgb/HmxezpKX6RMFDgUcQ3Vw=
-30,19,kFdQLUo/eXrXUMMwot+L+oQIIHM=,9QuPgb/HmxezpKX6RMFDgUcQ3Vw=
-32,20,kFdQLUo/eXrXUMMwot+L+oQIIHM=,9QuPgb/HmxezpKX6RMFDgUcQ3Vw=
-27,17,kFdQLUo/eXrXUMMwot+L+oQIIHM=,9QuPgb/HmxezpKX6RMFDgUcQ3Vw=
-26,22,kFdQLUo/eXrXUMMwot+L+oQIIHM=,9QuPgb/HmxezpKX6RMFDgUcQ3Vw=
-27,22,kFdQLUo/eXrXUMMwot+L+oQIIHM=,9QuPgb/HmxezpKX6RMFDgUcQ3Vw=
-28,22,kFdQLUo/eXrXUMMwot+L+oQIIHM=,9QuPgb/HmxezpKX6RMFDgUcQ3Vw=
-28,17,kFdQLUo/eXrXUMMwot+L+oQIIHM=,9QuPgb/HmxezpKX6RMFDgUcQ3Vw=
-29,22,kFdQLUo/eXrXUMMwot+L+oQIIHM=,9QuPgb/HmxezpKX6RMFDgUcQ3Vw=
-30,22,kFdQLUo/eXrXUMMwot+L+oQIIHM=,9QuPgb/HmxezpKX6RMFDgUcQ3Vw=
-31,19,kFdQLUo/eXrXUMMwot+L+oQIIHM=,9QuPgb/HmxezpKX6RMFDgUcQ3Vw=
-31,18,kFdQLUo/eXrXUMMwot+L+oQIIHM=,9QuPgb/HmxezpKX6RMFDgUcQ3Vw=
-26,20,kFdQLUo/eXrXUMMwot+L+oQIIHM=,9QuPgb/HmxezpKX6RMFDgUcQ3Vw=
-31,22,kFdQLUo/eXrXUMMwot+L+oQIIHM=,9QuPgb/HmxezpKX6RMFDgUcQ3Vw=
-30,16,kFdQLUo/eXrXUMMwot+L+oQIIHM=,9QuPgb/HmxezpKX6RMFDgUcQ3Vw=
-32,22,kFdQLUo/eXrXUMMwot+L+oQIIHM=,9QuPgb/HmxezpKX6RMFDgUcQ3Vw=
-29,17,kFdQLUo/eXrXUMMwot+L+oQIIHM=,9QuPgb/HmxezpKX6RMFDgUcQ3Vw=
-27,21,kFdQLUo/eXrXUMMwot+L+oQIIHM=,9QuPgb/HmxezpKX6RMFDgUcQ3Vw=
-28,21,kFdQLUo/eXrXUMMwot+L+oQIIHM=,9QuPgb/HmxezpKX6RMFDgUcQ3Vw=
-30,17,kFdQLUo/eXrXUMMwot+L+oQIIHM=,9QuPgb/HmxezpKX6RMFDgUcQ3Vw=
-26,21,kFdQLUo/eXrXUMMwot+L+oQIIHM=,9QuPgb/HmxezpKX6RMFDgUcQ3Vw=
-32,19,kFdQLUo/eXrXUMMwot+L+oQIIHM=,9QuPgb/HmxezpKX6RMFDgUcQ3Vw=
-32,18,kFdQLUo/eXrXUMMwot+L+oQIIHM=,9QuPgb/HmxezpKX6RMFDgUcQ3Vw=
-31,16,kFdQLUo/eXrXUMMwot+L+oQIIHM=,9QuPgb/HmxezpKX6RMFDgUcQ3Vw=
-31,17,kFdQLUo/eXrXUMMwot+L+oQIIHM=,9QuPgb/HmxezpKX6RMFDgUcQ3Vw=
-32,17,kFdQLUo/eXrXUMMwot+L+oQIIHM=,9QuPgb/HmxezpKX6RMFDgUcQ3Vw=
-26,16,kFdQLUo/eXrXUMMwot+L+oQIIHM=,9QuPgb/HmxezpKX6RMFDgUcQ3Vw=
-27,16,kFdQLUo/eXrXUMMwot+L+oQIIHM=,9QuPgb/HmxezpKX6RMFDgUcQ3Vw=
-28,16,kFdQLUo/eXrXUMMwot+L+oQIIHM=,9QuPgb/HmxezpKX6RMFDgUcQ3Vw=
-17,22,kFdQLUo/eXrXUMMwot+L+oQIIHM=,h7hYGQqDoJme2h5eymwZhTduSTQ=
-25,18,kFdQLUo/eXrXUMMwot+L+oQIIHM=,9QuPgb/HmxezpKX6RMFDgUcQ3Vw=
-25,19,kFdQLUo/eXrXUMMwot+L+oQIIHM=,9QuPgb/HmxezpKX6RMFDgUcQ3Vw=
-25,17,kFdQLUo/eXrXUMMwot+L+oQIIHM=,9QuPgb/HmxezpKX6RMFDgUcQ3Vw=
-25,20,kFdQLUo/eXrXUMMwot+L+oQIIHM=,9QuPgb/HmxezpKX6RMFDgUcQ3Vw=
-25,22,kFdQLUo/eXrXUMMwot+L+oQIIHM=,9QuPgb/HmxezpKX6RMFDgUcQ3Vw=
-25,21,kFdQLUo/eXrXUMMwot+L+oQIIHM=,9QuPgb/HmxezpKX6RMFDgUcQ3Vw=
-25,16,kFdQLUo/eXrXUMMwot+L+oQIIHM=,9QuPgb/HmxezpKX6RMFDgUcQ3Vw=
-24,16,kFdQLUo/eXrXUMMwot+L+oQIIHM=,h7hYGQqDoJme2h5eymwZhTduSTQ=
-23,16,kFdQLUo/eXrXUMMwot+L+oQIIHM=,h7hYGQqDoJme2h5eymwZhTduSTQ=
-22,16,kFdQLUo/eXrXUMMwot+L+oQIIHM=,h7hYGQqDoJme2h5eymwZhTduSTQ=
-21,16,kFdQLUo/eXrXUMMwot+L+oQIIHM=,h7hYGQqDoJme2h5eymwZhTduSTQ=
-20,16,kFdQLUo/eXrXUMMwot+L+oQIIHM=,h7hYGQqDoJme2h5eymwZhTduSTQ=
-19,16,kFdQLUo/eXrXUMMwot+L+oQIIHM=,h7hYGQqDoJme2h5eymwZhTduSTQ=
-18,16,kFdQLUo/eXrXUMMwot+L+oQIIHM=,h7hYGQqDoJme2h5eymwZhTduSTQ=
-17,16,kFdQLUo/eXrXUMMwot+L+oQIIHM=,h7hYGQqDoJme2h5eymwZhTduSTQ=
-24,17,kLKeScs66lW8+FS7sulQ72TDm2g=,h7hYGQqDoJme2h5eymwZhTduSTQ=
-23,17,kLKeScs66lW8+FS7sulQ72TDm2g=,h7hYGQqDoJme2h5eymwZhTduSTQ=
-22,17,kLKeScs66lW8+FS7sulQ72TDm2g=,h7hYGQqDoJme2h5eymwZhTduSTQ=
-21,17,kLKeScs66lW8+FS7sulQ72TDm2g=,h7hYGQqDoJme2h5eymwZhTduSTQ=
-20,17,kLKeScs66lW8+FS7sulQ72TDm2g=,h7hYGQqDoJme2h5eymwZhTduSTQ=
-19,17,kLKeScs66lW8+FS7sulQ72TDm2g=,h7hYGQqDoJme2h5eymwZhTduSTQ=
-18,17,kLKeScs66lW8+FS7sulQ72TDm2g=,h7hYGQqDoJme2h5eymwZhTduSTQ=
-17,17,kLKeScs66lW8+FS7sulQ72TDm2g=,h7hYGQqDoJme2h5eymwZhTduSTQ=
-24,18,kLKeScs66lW8+FS7sulQ72TDm2g=,h7hYGQqDoJme2h5eymwZhTduSTQ=
-23,18,kLKeScs66lW8+FS7sulQ72TDm2g=,h7hYGQqDoJme2h5eymwZhTduSTQ=
-22,18,kLKeScs66lW8+FS7sulQ72TDm2g=,h7hYGQqDoJme2h5eymwZhTduSTQ=
-21,18,kLKeScs66lW8+FS7sulQ72TDm2g=,h7hYGQqDoJme2h5eymwZhTduSTQ=
-20,18,kLKeScs66lW8+FS7sulQ72TDm2g=,h7hYGQqDoJme2h5eymwZhTduSTQ=
-19,18,kLKeScs66lW8+FS7sulQ72TDm2g=,h7hYGQqDoJme2h5eymwZhTduSTQ=
-18,18,kLKeScs66lW8+FS7sulQ72TDm2g=,h7hYGQqDoJme2h5eymwZhTduSTQ=
-17,18,kLKeScs66lW8+FS7sulQ72TDm2g=,h7hYGQqDoJme2h5eymwZhTduSTQ=
-24,19,kLKeScs66lW8+FS7sulQ72TDm2g=,h7hYGQqDoJme2h5eymwZhTduSTQ=
-23,19,kLKeScs66lW8+FS7sulQ72TDm2g=,h7hYGQqDoJme2h5eymwZhTduSTQ=
-22,19,kLKeScs66lW8+FS7sulQ72TDm2g=,h7hYGQqDoJme2h5eymwZhTduSTQ=
-20,19,kLKeScs66lW8+FS7sulQ72TDm2g=,h7hYGQqDoJme2h5eymwZhTduSTQ=
-19,19,kLKeScs66lW8+FS7sulQ72TDm2g=,h7hYGQqDoJme2h5eymwZhTduSTQ=
-18,19,kLKeScs66lW8+FS7sulQ72TDm2g=,h7hYGQqDoJme2h5eymwZhTduSTQ=
-17,19,kLKeScs66lW8+FS7sulQ72TDm2g=,h7hYGQqDoJme2h5eymwZhTduSTQ=
-21,19,kLKeScs66lW8+FS7sulQ72TDm2g=,h7hYGQqDoJme2h5eymwZhTduSTQ=
-24,20,kLKeScs66lW8+FS7sulQ72TDm2g=,h7hYGQqDoJme2h5eymwZhTduSTQ=
-23,20,kLKeScs66lW8+FS7sulQ72TDm2g=,h7hYGQqDoJme2h5eymwZhTduSTQ=
-22,20,kLKeScs66lW8+FS7sulQ72TDm2g=,h7hYGQqDoJme2h5eymwZhTduSTQ=
-21,20,kLKeScs66lW8+FS7sulQ72TDm2g=,h7hYGQqDoJme2h5eymwZhTduSTQ=
-20,20,kLKeScs66lW8+FS7sulQ72TDm2g=,h7hYGQqDoJme2h5eymwZhTduSTQ=
-19,20,kLKeScs66lW8+FS7sulQ72TDm2g=,h7hYGQqDoJme2h5eymwZhTduSTQ=
-18,20,kLKeScs66lW8+FS7sulQ72TDm2g=,h7hYGQqDoJme2h5eymwZhTduSTQ=
-17,20,kLKeScs66lW8+FS7sulQ72TDm2g=,h7hYGQqDoJme2h5eymwZhTduSTQ=
-24,21,kLKeScs66lW8+FS7sulQ72TDm2g=,h7hYGQqDoJme2h5eymwZhTduSTQ=
-23,21,kLKeScs66lW8+FS7sulQ72TDm2g=,h7hYGQqDoJme2h5eymwZhTduSTQ=
-21,21,kLKeScs66lW8+FS7sulQ72TDm2g=,h7hYGQqDoJme2h5eymwZhTduSTQ=
-22,21,kLKeScs66lW8+FS7sulQ72TDm2g=,h7hYGQqDoJme2h5eymwZhTduSTQ=
-20,21,kLKeScs66lW8+FS7sulQ72TDm2g=,h7hYGQqDoJme2h5eymwZhTduSTQ=
-19,21,kLKeScs66lW8+FS7sulQ72TDm2g=,h7hYGQqDoJme2h5eymwZhTduSTQ=
-18,21,kLKeScs66lW8+FS7sulQ72TDm2g=,h7hYGQqDoJme2h5eymwZhTduSTQ=
-17,21,kLKeScs66lW8+FS7sulQ72TDm2g=,h7hYGQqDoJme2h5eymwZhTduSTQ=
-24,22,kLKeScs66lW8+FS7sulQ72TDm2g=,h7hYGQqDoJme2h5eymwZhTduSTQ=
-23,22,kLKeScs66lW8+FS7sulQ72TDm2g=,h7hYGQqDoJme2h5eymwZhTduSTQ=
-22,22,kLKeScs66lW8+FS7sulQ72TDm2g=,h7hYGQqDoJme2h5eymwZhTduSTQ=
-21,22,kLKeScs66lW8+FS7sulQ72TDm2g=,h7hYGQqDoJme2h5eymwZhTduSTQ=
-19,22,kLKeScs66lW8+FS7sulQ72TDm2g=,h7hYGQqDoJme2h5eymwZhTduSTQ=
-20,22,kLKeScs66lW8+FS7sulQ72TDm2g=,h7hYGQqDoJme2h5eymwZhTduSTQ=
-18,22,kLKeScs66lW8+FS7sulQ72TDm2g=,h7hYGQqDoJme2h5eymwZhTduSTQ=
-17,23,kLKeScs66lW8+FS7sulQ72TDm2g=,h7hYGQqDoJme2h5eymwZhTduSTQ=
-18,23,kLKeScs66lW8+FS7sulQ72TDm2g=,h7hYGQqDoJme2h5eymwZhTduSTQ=
-19,23,kLKeScs66lW8+FS7sulQ72TDm2g=,h7hYGQqDoJme2h5eymwZhTduSTQ=
-20,23,kLKeScs66lW8+FS7sulQ72TDm2g=,h7hYGQqDoJme2h5eymwZhTduSTQ=
-21,23,kLKeScs66lW8+FS7sulQ72TDm2g=,h7hYGQqDoJme2h5eymwZhTduSTQ=
-22,23,kLKeScs66lW8+FS7sulQ72TDm2g=,h7hYGQqDoJme2h5eymwZhTduSTQ=
-23,23,kLKeScs66lW8+FS7sulQ72TDm2g=,h7hYGQqDoJme2h5eymwZhTduSTQ=
-24,23,kLKeScs66lW8+FS7sulQ72TDm2g=,h7hYGQqDoJme2h5eymwZhTduSTQ=
-25,23,kLKeScs66lW8+FS7sulQ72TDm2g=,9QuPgb/HmxezpKX6RMFDgUcQ3Vw=
