4,-13,QrMGzmymTLgOlAwllme27DT5R24=,L7RGLWjMGdRtMYYuqE4GOcp0dYM=
3,-13,QrMGzmymTLgOlAwllme27DT5R24=,L7RGLWjMGdRtMYYuqE4GOcp0dYM=
2,-13,QrMGzmymTLgOlAwllme27DT5R24=,L7RGLWjMGdRtMYYuqE4GOcp0dYM=
5,-14,9fC0tQMghHRNAphi8bGDExqVEfU=,L7RGLWjMGdRtMYYuqE4GOcp0dYM=
6,-10,9fC0tQMghHRNAphi8bGDExqVEfU=,L7RGLWjMGdRtMYYuqE4GOcp0dYM=
5,-10,9fC0tQMghHRNAphi8bGDExqVEfU=,L7RGLWjMGdRtMYYuqE4GOcp0dYM=
1,-13,9fC0tQMghHRNAphi8bGDExqVEfU=,L7RGLWjMGdRtMYYuqE4GOcp0dYM=
4,-10,9fC0tQMghHRNAphi8bGDExqVEfU=,L7RGLWjMGdRtMYYuqE4GOcp0dYM=
3,-10,9fC0tQMghHRNAphi8bGDExqVEfU=,L7RGLWjMGdRtMYYuqE4GOcp0dYM=
2,-10,9fC0tQMghHRNAphi8bGDExqVEfU=,L7RGLWjMGdRtMYYuqE4GOcp0dYM=
6,-11,9fC0tQMghHRNAphi8bGDExqVEfU=,L7RGLWjMGdRtMYYuqE4GOcp0dYM=
1,-10,9fC0tQMghHRNAphi8bGDExqVEfU=,L7RGLWjMGdRtMYYuqE4GOcp0dYM=
5,-11,9fC0tQMghHRNAphi8bGDExqVEfU=,L7RGLWjMGdRtMYYuqE4GOcp0dYM=
6,-15,9fC0tQMghHRNAphi8bGDExqVEfU=,L7RGLWjMGdRtMYYuqE4GOcp0dYM=
4,-11,9fC0tQMghHRNAphi8bGDExqVEfU=,L7RGLWjMGdRtMYYuqE4GOcp0dYM=
4,-14,9fC0tQMghHRNAphi8bGDExqVEfU=,L7RGLWjMGdRtMYYuqE4GOcp0dYM=
5,-15,9fC0tQMghHRNAphi8bGDExqVEfU=,L7RGLWjMGdRtMYYuqE4GOcp0dYM=
4,-15,9fC0tQMghHRNAphi8bGDExqVEfU=,L7RGLWjMGdRtMYYuqE4GOcp0dYM=
3,-11,9fC0tQMghHRNAphi8bGDExqVEfU=,L7RGLWjMGdRtMYYuqE4GOcp0dYM=
2,-11,9fC0tQMghHRNAphi8bGDExqVEfU=,L7RGLWjMGdRtMYYuqE4GOcp0dYM=
1,-15,9fC0tQMghHRNAphi8bGDExqVEfU=,L7RGLWjMGdRtMYYuqE4GOcp0dYM=
3,-15,9fC0tQMghHRNAphi8bGDExqVEfU=,L7RGLWjMGdRtMYYuqE4GOcp0dYM=
3,-14,9fC0tQMghHRNAphi8bGDExqVEfU=,L7RGLWjMGdRtMYYuqE4GOcp0dYM=
2,-15,9fC0tQMghHRNAphi8bGDExqVEfU=,L7RGLWjMGdRtMYYuqE4GOcp0dYM=
6,-12,9fC0tQMghHRNAphi8bGDExqVEfU=,L7RGLWjMGdRtMYYuqE4GOcp0dYM=
5,-12,9fC0tQMghHRNAphi8bGDExqVEfU=,L7RGLWjMGdRtMYYuqE4GOcp0dYM=
4,-12,9fC0tQMghHRNAphi8bGDExqVEfU=,L7RGLWjMGdRtMYYuqE4GOcp0dYM=
3,-12,9fC0tQMghHRNAphi8bGDExqVEfU=,L7RGLWjMGdRtMYYuqE4GOcp0dYM=
1,-11,9fC0tQMghHRNAphi8bGDExqVEfU=,L7RGLWjMGdRtMYYuqE4GOcp0dYM=
2,-12,9fC0tQMghHRNAphi8bGDExqVEfU=,L7RGLWjMGdRtMYYuqE4GOcp0dYM=
2,-14,9fC0tQMghHRNAphi8bGDExqVEfU=,L7RGLWjMGdRtMYYuqE4GOcp0dYM=
1,-12,9fC0tQMghHRNAphi8bGDExqVEfU=,L7RGLWjMGdRtMYYuqE4GOcp0dYM=
1,-14,9fC0tQMghHRNAphi8bGDExqVEfU=,L7RGLWjMGdRtMYYuqE4GOcp0dYM=
6,-14,9fC0tQMghHRNAphi8bGDExqVEfU=,L7RGLWjMGdRtMYYuqE4GOcp0dYM=
6,-13,9fC0tQMghHRNAphi8bGDExqVEfU=,L7RGLWjMGdRtMYYuqE4GOcp0dYM=
5,-13,9fC0tQMghHRNAphi8bGDExqVEfU=,L7RGLWjMGdRtMYYuqE4GOcp0dYM=
14,-10,9fC0tQMghHRNAphi8bGDExqVEfU=,5iNU02OdAyQNOoMo4KU1CMPdFRM=
13,-10,9fC0tQMghHRNAphi8bGDExqVEfU=,5iNU02OdAyQNOoMo4KU1CMPdFRM=
12,-10,9fC0tQMghHRNAphi8bGDExqVEfU=,5iNU02OdAyQNOoMo4KU1CMPdFRM=
11,-10,9fC0tQMghHRNAphi8bGDExqVEfU=,5iNU02OdAyQNOoMo4KU1CMPdFRM=
10,-10,9fC0tQMghHRNAphi8bGDExqVEfU=,5iNU02OdAyQNOoMo4KU1CMPdFRM=
9,-10,9fC0tQMghHRNAphi8bGDExqVEfU=,5iNU02OdAyQNOoMo4KU1CMPdFRM=
8,-10,9fC0tQMghHRNAphi8bGDExqVEfU=,5iNU02OdAyQNOoMo4KU1CMPdFRM=
14,-11,9fC0tQMghHRNAphi8bGDExqVEfU=,5iNU02OdAyQNOoMo4KU1CMPdFRM=
13,-11,9fC0tQMghHRNAphi8bGDExqVEfU=,5iNU02OdAyQNOoMo4KU1CMPdFRM=
12,-11,9fC0tQMghHRNAphi8bGDExqVEfU=,5iNU02OdAyQNOoMo4KU1CMPdFRM=
11,-11,9fC0tQMghHRNAphi8bGDExqVEfU=,5iNU02OdAyQNOoMo4KU1CMPdFRM=
10,-11,9fC0tQMghHRNAphi8bGDExqVEfU=,5iNU02OdAyQNOoMo4KU1CMPdFRM=
9,-11,9fC0tQMghHRNAphi8bGDExqVEfU=,5iNU02OdAyQNOoMo4KU1CMPdFRM=
7,-10,9fC0tQMghHRNAphi8bGDExqVEfU=,L7RGLWjMGdRtMYYuqE4GOcp0dYM=
7,-15,9fC0tQMghHRNAphi8bGDExqVEfU=,L7RGLWjMGdRtMYYuqE4GOcp0dYM=
8,-11,9fC0tQMghHRNAphi8bGDExqVEfU=,5iNU02OdAyQNOoMo4KU1CMPdFRM=
14,-12,9fC0tQMghHRNAphi8bGDExqVEfU=,5iNU02OdAyQNOoMo4KU1CMPdFRM=
13,-12,9fC0tQMghHRNAphi8bGDExqVEfU=,5iNU02OdAyQNOoMo4KU1CMPdFRM=
12,-12,9fC0tQMghHRNAphi8bGDExqVEfU=,5iNU02OdAyQNOoMo4KU1CMPdFRM=
11,-12,9fC0tQMghHRNAphi8bGDExqVEfU=,5iNU02OdAyQNOoMo4KU1CMPdFRM=
10,-12,9fC0tQMghHRNAphi8bGDExqVEfU=,5iNU02OdAyQNOoMo4KU1CMPdFRM=
9,-12,9fC0tQMghHRNAphi8bGDExqVEfU=,5iNU02OdAyQNOoMo4KU1CMPdFRM=
7,-11,9fC0tQMghHRNAphi8bGDExqVEfU=,L7RGLWjMGdRtMYYuqE4GOcp0dYM=
7,-12,9fC0tQMghHRNAphi8bGDExqVEfU=,L7RGLWjMGdRtMYYuqE4GOcp0dYM=
7,-14,9fC0tQMghHRNAphi8bGDExqVEfU=,L7RGLWjMGdRtMYYuqE4GOcp0dYM=
7,-13,9fC0tQMghHRNAphi8bGDExqVEfU=,L7RGLWjMGdRtMYYuqE4GOcp0dYM=
8,-15,9fC0tQMghHRNAphi8bGDExqVEfU=,5iNU02OdAyQNOoMo4KU1CMPdFRM=
9,-15,9fC0tQMghHRNAphi8bGDExqVEfU=,5iNU02OdAyQNOoMo4KU1CMPdFRM=
8,-12,9fC0tQMghHRNAphi8bGDExqVEfU=,5iNU02OdAyQNOoMo4KU1CMPdFRM=
14,-13,9fC0tQMghHRNAphi8bGDExqVEfU=,5iNU02OdAyQNOoMo4KU1CMPdFRM=
13,-13,9fC0tQMghHRNAphi8bGDExqVEfU=,5iNU02OdAyQNOoMo4KU1CMPdFRM=
12,-13,9fC0tQMghHRNAphi8bGDExqVEfU=,5iNU02OdAyQNOoMo4KU1CMPdFRM=
11,-13,9fC0tQMghHRNAphi8bGDExqVEfU=,5iNU02OdAyQNOoMo4KU1CMPdFRM=
10,-15,9fC0tQMghHRNAphi8bGDExqVEfU=,5iNU02OdAyQNOoMo4KU1CMPdFRM=
11,-15,9fC0tQMghHRNAphi8bGDExqVEfU=,5iNU02OdAyQNOoMo4KU1CMPdFRM=
12,-15,9fC0tQMghHRNAphi8bGDExqVEfU=,5iNU02OdAyQNOoMo4KU1CMPdFRM=
13,-15,9fC0tQMghHRNAphi8bGDExqVEfU=,5iNU02OdAyQNOoMo4KU1CMPdFRM=
14,-15,9fC0tQMghHRNAphi8bGDExqVEfU=,5iNU02OdAyQNOoMo4KU1CMPdFRM=
8,-14,9fC0tQMghHRNAphi8bGDExqVEfU=,5iNU02OdAyQNOoMo4KU1CMPdFRM=
10,-13,9fC0tQMghHRNAphi8bGDExqVEfU=,5iNU02OdAyQNOoMo4KU1CMPdFRM=
9,-14,9fC0tQMghHRNAphi8bGDExqVEfU=,5iNU02OdAyQNOoMo4KU1CMPdFRM=
10,-14,9fC0tQMghHRNAphi8bGDExqVEfU=,5iNU02OdAyQNOoMo4KU1CMPdFRM=
9,-13,9fC0tQMghHRNAphi8bGDExqVEfU=,5iNU02OdAyQNOoMo4KU1CMPdFRM=
8,-13,9fC0tQMghHRNAphi8bGDExqVEfU=,5iNU02OdAyQNOoMo4KU1CMPdFRM=
14,-14,9fC0tQMghHRNAphi8bGDExqVEfU=,5iNU02OdAyQNOoMo4KU1CMPdFRM=
13,-14,9fC0tQMghHRNAphi8bGDExqVEfU=,5iNU02OdAyQNOoMo4KU1CMPdFRM=
12,-14,9fC0tQMghHRNAphi8bGDExqVEfU=,5iNU02OdAyQNOoMo4KU1CMPdFRM=
11,-14,9fC0tQMghHRNAphi8bGDExqVEfU=,5iNU02OdAyQNOoMo4KU1CMPdFRM=
3,-5,9fC0tQMghHRNAphi8bGDExqVEfU=,f66RQbjBvTFOO4SD0uA3Mvudotc=
2,-5,9fC0tQMghHRNAphi8bGDExqVEfU=,f66RQbjBvTFOO4SD0uA3Mvudotc=
1,-5,9fC0tQMghHRNAphi8bGDExqVEfU=,f66RQbjBvTFOO4SD0uA3Mvudotc=
6,-9,9fC0tQMghHRNAphi8bGDExqVEfU=,L7RGLWjMGdRtMYYuqE4GOcp0dYM=
4,-5,9fC0tQMghHRNAphi8bGDExqVEfU=,f66RQbjBvTFOO4SD0uA3Mvudotc=
5,-5,9fC0tQMghHRNAphi8bGDExqVEfU=,f66RQbjBvTFOO4SD0uA3Mvudotc=
6,-5,9fC0tQMghHRNAphi8bGDExqVEfU=,f66RQbjBvTFOO4SD0uA3Mvudotc=
1,-4,9fC0tQMghHRNAphi8bGDExqVEfU=,f66RQbjBvTFOO4SD0uA3Mvudotc=
2,-4,9fC0tQMghHRNAphi8bGDExqVEfU=,f66RQbjBvTFOO4SD0uA3Mvudotc=
3,-4,9fC0tQMghHRNAphi8bGDExqVEfU=,f66RQbjBvTFOO4SD0uA3Mvudotc=
4,-4,9fC0tQMghHRNAphi8bGDExqVEfU=,f66RQbjBvTFOO4SD0uA3Mvudotc=
5,-4,9fC0tQMghHRNAphi8bGDExqVEfU=,f66RQbjBvTFOO4SD0uA3Mvudotc=
6,-4,9fC0tQMghHRNAphi8bGDExqVEfU=,f66RQbjBvTFOO4SD0uA3Mvudotc=
1,-3,zdUyeDBOmQECxeEtaXYp3dU9hUg=,f66RQbjBvTFOO4SD0uA3Mvudotc=
2,-3,zdUyeDBOmQECxeEtaXYp3dU9hUg=,f66RQbjBvTFOO4SD0uA3Mvudotc=
3,-3,zdUyeDBOmQECxeEtaXYp3dU9hUg=,f66RQbjBvTFOO4SD0uA3Mvudotc=
4,-3,zdUyeDBOmQECxeEtaXYp3dU9hUg=,f66RQbjBvTFOO4SD0uA3Mvudotc=
5,-3,zdUyeDBOmQECxeEtaXYp3dU9hUg=,f66RQbjBvTFOO4SD0uA3Mvudotc=
6,-3,zdUyeDBOmQECxeEtaXYp3dU9hUg=,f66RQbjBvTFOO4SD0uA3Mvudotc=
1,-8,zdUyeDBOmQECxeEtaXYp3dU9hUg=,f66RQbjBvTFOO4SD0uA3Mvudotc=
1,-2,zdUyeDBOmQECxeEtaXYp3dU9hUg=,f66RQbjBvTFOO4SD0uA3Mvudotc=
5,-9,zdUyeDBOmQECxeEtaXYp3dU9hUg=,L7RGLWjMGdRtMYYuqE4GOcp0dYM=
6,-6,zdUyeDBOmQECxeEtaXYp3dU9hUg=,f66RQbjBvTFOO4SD0uA3Mvudotc=
4,-9,zdUyeDBOmQECxeEtaXYp3dU9hUg=,L7RGLWjMGdRtMYYuqE4GOcp0dYM=
3,-9,zdUyeDBOmQECxeEtaXYp3dU9hUg=,L7RGLWjMGdRtMYYuqE4GOcp0dYM=
5,-6,zdUyeDBOmQECxeEtaXYp3dU9hUg=,f66RQbjBvTFOO4SD0uA3Mvudotc=
4,-6,zdUyeDBOmQECxeEtaXYp3dU9hUg=,f66RQbjBvTFOO4SD0uA3Mvudotc=
2,-2,zdUyeDBOmQECxeEtaXYp3dU9hUg=,f66RQbjBvTFOO4SD0uA3Mvudotc=
3,-2,zdUyeDBOmQECxeEtaXYp3dU9hUg=,f66RQbjBvTFOO4SD0uA3Mvudotc=
1,-1,zdUyeDBOmQECxeEtaXYp3dU9hUg=,f66RQbjBvTFOO4SD0uA3Mvudotc=
2,-1,zdUyeDBOmQECxeEtaXYp3dU9hUg=,f66RQbjBvTFOO4SD0uA3Mvudotc=
3,-1,zdUyeDBOmQECxeEtaXYp3dU9hUg=,f66RQbjBvTFOO4SD0uA3Mvudotc=
2,-8,zdUyeDBOmQECxeEtaXYp3dU9hUg=,f66RQbjBvTFOO4SD0uA3Mvudotc=
3,-8,zdUyeDBOmQECxeEtaXYp3dU9hUg=,f66RQbjBvTFOO4SD0uA3Mvudotc=
4,-1,zdUyeDBOmQECxeEtaXYp3dU9hUg=,f66RQbjBvTFOO4SD0uA3Mvudotc=
4,-2,zdUyeDBOmQECxeEtaXYp3dU9hUg=,f66RQbjBvTFOO4SD0uA3Mvudotc=
5,-1,zdUyeDBOmQECxeEtaXYp3dU9hUg=,f66RQbjBvTFOO4SD0uA3Mvudotc=
6,-1,zdUyeDBOmQECxeEtaXYp3dU9hUg=,f66RQbjBvTFOO4SD0uA3Mvudotc=
5,-2,zdUyeDBOmQECxeEtaXYp3dU9hUg=,f66RQbjBvTFOO4SD0uA3Mvudotc=
4,-8,zdUyeDBOmQECxeEtaXYp3dU9hUg=,f66RQbjBvTFOO4SD0uA3Mvudotc=
5,-8,zdUyeDBOmQECxeEtaXYp3dU9hUg=,f66RQbjBvTFOO4SD0uA3Mvudotc=
6,-2,zdUyeDBOmQECxeEtaXYp3dU9hUg=,f66RQbjBvTFOO4SD0uA3Mvudotc=
6,-8,zdUyeDBOmQECxeEtaXYp3dU9hUg=,f66RQbjBvTFOO4SD0uA3Mvudotc=
1,-7,zdUyeDBOmQECxeEtaXYp3dU9hUg=,f66RQbjBvTFOO4SD0uA3Mvudotc=
2,-7,zdUyeDBOmQECxeEtaXYp3dU9hUg=,f66RQbjBvTFOO4SD0uA3Mvudotc=
3,-7,zdUyeDBOmQECxeEtaXYp3dU9hUg=,f66RQbjBvTFOO4SD0uA3Mvudotc=
4,-7,zdUyeDBOmQECxeEtaXYp3dU9hUg=,f66RQbjBvTFOO4SD0uA3Mvudotc=
2,-9,zdUyeDBOmQECxeEtaXYp3dU9hUg=,L7RGLWjMGdRtMYYuqE4GOcp0dYM=
5,-7,zdUyeDBOmQECxeEtaXYp3dU9hUg=,f66RQbjBvTFOO4SD0uA3Mvudotc=
3,-6,zdUyeDBOmQECxeEtaXYp3dU9hUg=,f66RQbjBvTFOO4SD0uA3Mvudotc=
2,-6,zdUyeDBOmQECxeEtaXYp3dU9hUg=,f66RQbjBvTFOO4SD0uA3Mvudotc=
1,-6,zdUyeDBOmQECxeEtaXYp3dU9hUg=,f66RQbjBvTFOO4SD0uA3Mvudotc=
14,-9,zdUyeDBOmQECxeEtaXYp3dU9hUg=,5iNU02OdAyQNOoMo4KU1CMPdFRM=
6,-7,zdUyeDBOmQECxeEtaXYp3dU9hUg=,f66RQbjBvTFOO4SD0uA3Mvudotc=
1,-9,zdUyeDBOmQECxeEtaXYp3dU9hUg=,L7RGLWjMGdRtMYYuqE4GOcp0dYM=
13,-9,zdUyeDBOmQECxeEtaXYp3dU9hUg=,5iNU02OdAyQNOoMo4KU1CMPdFRM=
12,-9,zdUyeDBOmQECxeEtaXYp3dU9hUg=,5iNU02OdAyQNOoMo4KU1CMPdFRM=
11,-9,zdUyeDBOmQECxeEtaXYp3dU9hUg=,5iNU02OdAyQNOoMo4KU1CMPdFRM=
10,-9,zdUyeDBOmQECxeEtaXYp3dU9hUg=,5iNU02OdAyQNOoMo4KU1CMPdFRM=
9,-9,zdUyeDBOmQECxeEtaXYp3dU9hUg=,5iNU02OdAyQNOoMo4KU1CMPdFRM=
8,-9,zdUyeDBOmQECxeEtaXYp3dU9hUg=,5iNU02OdAyQNOoMo4KU1CMPdFRM=
7,-9,zdUyeDBOmQECxeEtaXYp3dU9hUg=,L7RGLWjMGdRtMYYuqE4GOcp0dYM=
7,-5,zdUyeDBOmQECxeEtaXYp3dU9hUg=,f66RQbjBvTFOO4SD0uA3Mvudotc=
11,-5,zdUyeDBOmQECxeEtaXYp3dU9hUg=,GKaAjrS5lNPQPdQuy/FLlPHYsUo=
12,-5,zdUyeDBOmQECxeEtaXYp3dU9hUg=,GKaAjrS5lNPQPdQuy/FLlPHYsUo=
13,-5,zdUyeDBOmQECxeEtaXYp3dU9hUg=,GKaAjrS5lNPQPdQuy/FLlPHYsUo=
14,-5,zdUyeDBOmQECxeEtaXYp3dU9hUg=,GKaAjrS5lNPQPdQuy/FLlPHYsUo=
8,-4,zdUyeDBOmQECxeEtaXYp3dU9hUg=,GKaAjrS5lNPQPdQuy/FLlPHYsUo=
9,-5,zdUyeDBOmQECxeEtaXYp3dU9hUg=,GKaAjrS5lNPQPdQuy/FLlPHYsUo=
9,-4,zdUyeDBOmQECxeEtaXYp3dU9hUg=,GKaAjrS5lNPQPdQuy/FLlPHYsUo=
8,-5,zdUyeDBOmQECxeEtaXYp3dU9hUg=,GKaAjrS5lNPQPdQuy/FLlPHYsUo=
14,-6,zdUyeDBOmQECxeEtaXYp3dU9hUg=,GKaAjrS5lNPQPdQuy/FLlPHYsUo=
10,-4,zdUyeDBOmQECxeEtaXYp3dU9hUg=,GKaAjrS5lNPQPdQuy/FLlPHYsUo=
7,-4,zdUyeDBOmQECxeEtaXYp3dU9hUg=,f66RQbjBvTFOO4SD0uA3Mvudotc=
13,-6,zdUyeDBOmQECxeEtaXYp3dU9hUg=,GKaAjrS5lNPQPdQuy/FLlPHYsUo=
11,-4,zdUyeDBOmQECxeEtaXYp3dU9hUg=,GKaAjrS5lNPQPdQuy/FLlPHYsUo=
10,-5,zdUyeDBOmQECxeEtaXYp3dU9hUg=,GKaAjrS5lNPQPdQuy/FLlPHYsUo=
7,-3,zdUyeDBOmQECxeEtaXYp3dU9hUg=,f66RQbjBvTFOO4SD0uA3Mvudotc=
8,-8,zdUyeDBOmQECxeEtaXYp3dU9hUg=,GKaAjrS5lNPQPdQuy/FLlPHYsUo=
12,-6,zdUyeDBOmQECxeEtaXYp3dU9hUg=,GKaAjrS5lNPQPdQuy/FLlPHYsUo=
12,-4,zdUyeDBOmQECxeEtaXYp3dU9hUg=,GKaAjrS5lNPQPdQuy/FLlPHYsUo=
13,-4,zdUyeDBOmQECxeEtaXYp3dU9hUg=,GKaAjrS5lNPQPdQuy/FLlPHYsUo=
9,-8,zdUyeDBOmQECxeEtaXYp3dU9hUg=,GKaAjrS5lNPQPdQuy/FLlPHYsUo=
14,-4,zdUyeDBOmQECxeEtaXYp3dU9hUg=,GKaAjrS5lNPQPdQuy/FLlPHYsUo=
10,-8,zdUyeDBOmQECxeEtaXYp3dU9hUg=,GKaAjrS5lNPQPdQuy/FLlPHYsUo=
11,-6,zdUyeDBOmQECxeEtaXYp3dU9hUg=,GKaAjrS5lNPQPdQuy/FLlPHYsUo=
7,-6,zdUyeDBOmQECxeEtaXYp3dU9hUg=,f66RQbjBvTFOO4SD0uA3Mvudotc=
10,-6,zdUyeDBOmQECxeEtaXYp3dU9hUg=,GKaAjrS5lNPQPdQuy/FLlPHYsUo=
9,-6,zdUyeDBOmQECxeEtaXYp3dU9hUg=,GKaAjrS5lNPQPdQuy/FLlPHYsUo=
7,-7,zdUyeDBOmQECxeEtaXYp3dU9hUg=,f66RQbjBvTFOO4SD0uA3Mvudotc=
14,-2,zdUyeDBOmQECxeEtaXYp3dU9hUg=,GKaAjrS5lNPQPdQuy/FLlPHYsUo=
14,-7,zdUyeDBOmQECxeEtaXYp3dU9hUg=,GKaAjrS5lNPQPdQuy/FLlPHYsUo=
8,-6,zdUyeDBOmQECxeEtaXYp3dU9hUg=,GKaAjrS5lNPQPdQuy/FLlPHYsUo=
13,-7,zdUyeDBOmQECxeEtaXYp3dU9hUg=,GKaAjrS5lNPQPdQuy/FLlPHYsUo=
13,-2,zdUyeDBOmQECxeEtaXYp3dU9hUg=,GKaAjrS5lNPQPdQuy/FLlPHYsUo=
12,-7,zdUyeDBOmQECxeEtaXYp3dU9hUg=,GKaAjrS5lNPQPdQuy/FLlPHYsUo=
12,-2,zdUyeDBOmQECxeEtaXYp3dU9hUg=,GKaAjrS5lNPQPdQuy/FLlPHYsUo=
11,-2,zdUyeDBOmQECxeEtaXYp3dU9hUg=,GKaAjrS5lNPQPdQuy/FLlPHYsUo=
10,-7,zdUyeDBOmQECxeEtaXYp3dU9hUg=,GKaAjrS5lNPQPdQuy/FLlPHYsUo=
7,-8,zdUyeDBOmQECxeEtaXYp3dU9hUg=,f66RQbjBvTFOO4SD0uA3Mvudotc=
11,-7,zdUyeDBOmQECxeEtaXYp3dU9hUg=,GKaAjrS5lNPQPdQuy/FLlPHYsUo=
8,-3,zdUyeDBOmQECxeEtaXYp3dU9hUg=,GKaAjrS5lNPQPdQuy/FLlPHYsUo=
10,-2,zdUyeDBOmQECxeEtaXYp3dU9hUg=,GKaAjrS5lNPQPdQuy/FLlPHYsUo=
8,-2,zdUyeDBOmQECxeEtaXYp3dU9hUg=,GKaAjrS5lNPQPdQuy/FLlPHYsUo=
9,-3,zdUyeDBOmQECxeEtaXYp3dU9hUg=,GKaAjrS5lNPQPdQuy/FLlPHYsUo=
9,-2,zdUyeDBOmQECxeEtaXYp3dU9hUg=,GKaAjrS5lNPQPdQuy/FLlPHYsUo=
9,-7,zdUyeDBOmQECxeEtaXYp3dU9hUg=,GKaAjrS5lNPQPdQuy/FLlPHYsUo=
8,-7,zdUyeDBOmQECxeEtaXYp3dU9hUg=,GKaAjrS5lNPQPdQuy/FLlPHYsUo=
7,-2,zdUyeDBOmQECxeEtaXYp3dU9hUg=,f66RQbjBvTFOO4SD0uA3Mvudotc=
13,-3,zdUyeDBOmQECxeEtaXYp3dU9hUg=,GKaAjrS5lNPQPdQuy/FLlPHYsUo=
12,-3,zdUyeDBOmQECxeEtaXYp3dU9hUg=,GKaAjrS5lNPQPdQuy/FLlPHYsUo=
11,-3,zdUyeDBOmQECxeEtaXYp3dU9hUg=,GKaAjrS5lNPQPdQuy/FLlPHYsUo=
14,-3,zdUyeDBOmQECxeEtaXYp3dU9hUg=,GKaAjrS5lNPQPdQuy/FLlPHYsUo=
10,-3,zdUyeDBOmQECxeEtaXYp3dU9hUg=,GKaAjrS5lNPQPdQuy/FLlPHYsUo=
14,-8,zdUyeDBOmQECxeEtaXYp3dU9hUg=,GKaAjrS5lNPQPdQuy/FLlPHYsUo=
11,-8,zdUyeDBOmQECxeEtaXYp3dU9hUg=,GKaAjrS5lNPQPdQuy/FLlPHYsUo=
12,-8,zdUyeDBOmQECxeEtaXYp3dU9hUg=,GKaAjrS5lNPQPdQuy/FLlPHYsUo=
13,-8,zdUyeDBOmQECxeEtaXYp3dU9hUg=,GKaAjrS5lNPQPdQuy/FLlPHYsUo=
8,-1,zdUyeDBOmQECxeEtaXYp3dU9hUg=,GKaAjrS5lNPQPdQuy/FLlPHYsUo=
9,-1,zdUyeDBOmQECxeEtaXYp3dU9hUg=,GKaAjrS5lNPQPdQuy/FLlPHYsUo=
10,-1,zdUyeDBOmQECxeEtaXYp3dU9hUg=,GKaAjrS5lNPQPdQuy/FLlPHYsUo=
14,-1,zdUyeDBOmQECxeEtaXYp3dU9hUg=,GKaAjrS5lNPQPdQuy/FLlPHYsUo=
13,-1,zdUyeDBOmQECxeEtaXYp3dU9hUg=,GKaAjrS5lNPQPdQuy/FLlPHYsUo=
11,-1,zdUyeDBOmQECxeEtaXYp3dU9hUg=,GKaAjrS5lNPQPdQuy/FLlPHYsUo=
12,-1,zdUyeDBOmQECxeEtaXYp3dU9hUg=,GKaAjrS5lNPQPdQuy/FLlPHYsUo=
7,-1,zdUyeDBOmQECxeEtaXYp3dU9hUg=,f66RQbjBvTFOO4SD0uA3Mvudotc=
14,-16,zdUyeDBOmQECxeEtaXYp3dU9hUg=,5iNU02OdAyQNOoMo4KU1CMPdFRM=
13,-16,zdUyeDBOmQECxeEtaXYp3dU9hUg=,5iNU02OdAyQNOoMo4KU1CMPdFRM=
12,-16,zdUyeDBOmQECxeEtaXYp3dU9hUg=,5iNU02OdAyQNOoMo4KU1CMPdFRM=
11,-16,zdUyeDBOmQECxeEtaXYp3dU9hUg=,5iNU02OdAyQNOoMo4KU1CMPdFRM=
10,-16,zdUyeDBOmQECxeEtaXYp3dU9hUg=,5iNU02OdAyQNOoMo4KU1CMPdFRM=
9,-16,zdUyeDBOmQECxeEtaXYp3dU9hUg=,5iNU02OdAyQNOoMo4KU1CMPdFRM=
15,-10,zdUyeDBOmQECxeEtaXYp3dU9hUg=,5iNU02OdAyQNOoMo4KU1CMPdFRM=
15,-11,zdUyeDBOmQECxeEtaXYp3dU9hUg=,5iNU02OdAyQNOoMo4KU1CMPdFRM=
15,-12,zdUyeDBOmQECxeEtaXYp3dU9hUg=,5iNU02OdAyQNOoMo4KU1CMPdFRM=
15,-13,zdUyeDBOmQECxeEtaXYp3dU9hUg=,5iNU02OdAyQNOoMo4KU1CMPdFRM=
15,-14,zdUyeDBOmQECxeEtaXYp3dU9hUg=,5iNU02OdAyQNOoMo4KU1CMPdFRM=
15,-15,zdUyeDBOmQECxeEtaXYp3dU9hUg=,5iNU02OdAyQNOoMo4KU1CMPdFRM=
15,-1,zdUyeDBOmQECxeEtaXYp3dU9hUg=,GKaAjrS5lNPQPdQuy/FLlPHYsUo=
15,-6,zdUyeDBOmQECxeEtaXYp3dU9hUg=,GKaAjrS5lNPQPdQuy/FLlPHYsUo=
15,-9,zdUyeDBOmQECxeEtaXYp3dU9hUg=,5iNU02OdAyQNOoMo4KU1CMPdFRM=
15,-5,zdUyeDBOmQECxeEtaXYp3dU9hUg=,GKaAjrS5lNPQPdQuy/FLlPHYsUo=
15,-4,zdUyeDBOmQECxeEtaXYp3dU9hUg=,GKaAjrS5lNPQPdQuy/FLlPHYsUo=
15,-8,zdUyeDBOmQECxeEtaXYp3dU9hUg=,GKaAjrS5lNPQPdQuy/FLlPHYsUo=
15,-3,zdUyeDBOmQECxeEtaXYp3dU9hUg=,GKaAjrS5lNPQPdQuy/FLlPHYsUo=
15,-7,zdUyeDBOmQECxeEtaXYp3dU9hUg=,GKaAjrS5lNPQPdQuy/FLlPHYsUo=
15,-2,zdUyeDBOmQECxeEtaXYp3dU9hUg=,GKaAjrS5lNPQPdQuy/FLlPHYsUo=
0,-4,zdUyeDBOmQECxeEtaXYp3dU9hUg=,f66RQbjBvTFOO4SD0uA3Mvudotc=
0,-3,zdUyeDBOmQECxeEtaXYp3dU9hUg=,f66RQbjBvTFOO4SD0uA3Mvudotc=
0,-2,zdUyeDBOmQECxeEtaXYp3dU9hUg=,f66RQbjBvTFOO4SD0uA3Mvudotc=
0,-7,zdUyeDBOmQECxeEtaXYp3dU9hUg=,f66RQbjBvTFOO4SD0uA3Mvudotc=
0,-6,zdUyeDBOmQECxeEtaXYp3dU9hUg=,f66RQbjBvTFOO4SD0uA3Mvudotc=
0,-5,zdUyeDBOmQECxeEtaXYp3dU9hUg=,f66RQbjBvTFOO4SD0uA3Mvudotc=
0,-14,zdUyeDBOmQECxeEtaXYp3dU9hUg=,L7RGLWjMGdRtMYYuqE4GOcp0dYM=
0,-16,zdUyeDBOmQECxeEtaXYp3dU9hUg=,L7RGLWjMGdRtMYYuqE4GOcp0dYM=
8,-16,zdUyeDBOmQECxeEtaXYp3dU9hUg=,5iNU02OdAyQNOoMo4KU1CMPdFRM=
1,-16,zdUyeDBOmQECxeEtaXYp3dU9hUg=,L7RGLWjMGdRtMYYuqE4GOcp0dYM=
4,-16,zdUyeDBOmQECxeEtaXYp3dU9hUg=,L7RGLWjMGdRtMYYuqE4GOcp0dYM=
5,-16,zdUyeDBOmQECxeEtaXYp3dU9hUg=,L7RGLWjMGdRtMYYuqE4GOcp0dYM=
6,-16,zdUyeDBOmQECxeEtaXYp3dU9hUg=,L7RGLWjMGdRtMYYuqE4GOcp0dYM=
7,-16,zdUyeDBOmQECxeEtaXYp3dU9hUg=,L7RGLWjMGdRtMYYuqE4GOcp0dYM=
2,-16,zdUyeDBOmQECxeEtaXYp3dU9hUg=,L7RGLWjMGdRtMYYuqE4GOcp0dYM=
3,-16,zdUyeDBOmQECxeEtaXYp3dU9hUg=,L7RGLWjMGdRtMYYuqE4GOcp0dYM=
0,-1,zdUyeDBOmQECxeEtaXYp3dU9hUg=,f66RQbjBvTFOO4SD0uA3Mvudotc=
0,-9,zdUyeDBOmQECxeEtaXYp3dU9hUg=,L7RGLWjMGdRtMYYuqE4GOcp0dYM=
0,-10,zdUyeDBOmQECxeEtaXYp3dU9hUg=,L7RGLWjMGdRtMYYuqE4GOcp0dYM=
0,-8,zdUyeDBOmQECxeEtaXYp3dU9hUg=,f66RQbjBvTFOO4SD0uA3Mvudotc=
0,-15,zdUyeDBOmQECxeEtaXYp3dU9hUg=,L7RGLWjMGdRtMYYuqE4GOcp0dYM=
0,-11,zdUyeDBOmQECxeEtaXYp3dU9hUg=,L7RGLWjMGdRtMYYuqE4GOcp0dYM=
0,-13,zdUyeDBOmQECxeEtaXYp3dU9hUg=,L7RGLWjMGdRtMYYuqE4GOcp0dYM=
0,-12,zdUyeDBOmQECxeEtaXYp3dU9hUg=,L7RGLWjMGdRtMYYuqE4GOcp0dYM=
15,-16,zdUyeDBOmQECxeEtaXYp3dU9hUg=,5iNU02OdAyQNOoMo4KU1CMPdFRM=
28,-1,o2rcrHS2A1aSVU3jZaDy6NEcaDE=,f6Lc5ugnJklbzTEcGK73jm2EVZ8=
26,-7,o2rcrHS2A1aSVU3jZaDy6NEcaDE=,f6Lc5ugnJklbzTEcGK73jm2EVZ8=
31,-7,o2rcrHS2A1aSVU3jZaDy6NEcaDE=,f6Lc5ugnJklbzTEcGK73jm2EVZ8=
30,-7,o2rcrHS2A1aSVU3jZaDy6NEcaDE=,f6Lc5ugnJklbzTEcGK73jm2EVZ8=
30,-4,o2rcrHS2A1aSVU3jZaDy6NEcaDE=,f6Lc5ugnJklbzTEcGK73jm2EVZ8=
28,-8,o2rcrHS2A1aSVU3jZaDy6NEcaDE=,f6Lc5ugnJklbzTEcGK73jm2EVZ8=
25,-7,o2rcrHS2A1aSVU3jZaDy6NEcaDE=,f6Lc5ugnJklbzTEcGK73jm2EVZ8=
27,-1,clx1Wy6gZuxZwsXIwW+d2za+bVU=,f6Lc5ugnJklbzTEcGK73jm2EVZ8=
28,-3,clx1Wy6gZuxZwsXIwW+d2za+bVU=,f6Lc5ugnJklbzTEcGK73jm2EVZ8=
27,-3,clx1Wy6gZuxZwsXIwW+d2za+bVU=,f6Lc5ugnJklbzTEcGK73jm2EVZ8=
30,-5,clx1Wy6gZuxZwsXIwW+d2za+bVU=,f6Lc5ugnJklbzTEcGK73jm2EVZ8=
29,-4,clx1Wy6gZuxZwsXIwW+d2za+bVU=,f6Lc5ugnJklbzTEcGK73jm2EVZ8=
26,-3,clx1Wy6gZuxZwsXIwW+d2za+bVU=,f6Lc5ugnJklbzTEcGK73jm2EVZ8=
25,-3,clx1Wy6gZuxZwsXIwW+d2za+bVU=,f6Lc5ugnJklbzTEcGK73jm2EVZ8=
26,-1,clx1Wy6gZuxZwsXIwW+d2za+bVU=,f6Lc5ugnJklbzTEcGK73jm2EVZ8=
31,-8,clx1Wy6gZuxZwsXIwW+d2za+bVU=,f6Lc5ugnJklbzTEcGK73jm2EVZ8=
27,-8,clx1Wy6gZuxZwsXIwW+d2za+bVU=,f6Lc5ugnJklbzTEcGK73jm2EVZ8=
28,-4,clx1Wy6gZuxZwsXIwW+d2za+bVU=,f6Lc5ugnJklbzTEcGK73jm2EVZ8=
25,-1,clx1Wy6gZuxZwsXIwW+d2za+bVU=,f6Lc5ugnJklbzTEcGK73jm2EVZ8=
31,-2,clx1Wy6gZuxZwsXIwW+d2za+bVU=,f6Lc5ugnJklbzTEcGK73jm2EVZ8=
30,-2,clx1Wy6gZuxZwsXIwW+d2za+bVU=,f6Lc5ugnJklbzTEcGK73jm2EVZ8=
29,-2,clx1Wy6gZuxZwsXIwW+d2za+bVU=,f6Lc5ugnJklbzTEcGK73jm2EVZ8=
20,-11,clx1Wy6gZuxZwsXIwW+d2za+bVU=,V3UH/5V5KvRKazEyFobb7Q6wEz8=
21,-11,clx1Wy6gZuxZwsXIwW+d2za+bVU=,V3UH/5V5KvRKazEyFobb7Q6wEz8=
22,-11,clx1Wy6gZuxZwsXIwW+d2za+bVU=,V3UH/5V5KvRKazEyFobb7Q6wEz8=
16,-16,clx1Wy6gZuxZwsXIwW+d2za+bVU=,V3UH/5V5KvRKazEyFobb7Q6wEz8=
17,-16,clx1Wy6gZuxZwsXIwW+d2za+bVU=,V3UH/5V5KvRKazEyFobb7Q6wEz8=
18,-16,clx1Wy6gZuxZwsXIwW+d2za+bVU=,V3UH/5V5KvRKazEyFobb7Q6wEz8=
19,-16,clx1Wy6gZuxZwsXIwW+d2za+bVU=,V3UH/5V5KvRKazEyFobb7Q6wEz8=
20,-16,clx1Wy6gZuxZwsXIwW+d2za+bVU=,V3UH/5V5KvRKazEyFobb7Q6wEz8=
23,-11,clx1Wy6gZuxZwsXIwW+d2za+bVU=,V3UH/5V5KvRKazEyFobb7Q6wEz8=
21,-16,clx1Wy6gZuxZwsXIwW+d2za+bVU=,V3UH/5V5KvRKazEyFobb7Q6wEz8=
22,-16,clx1Wy6gZuxZwsXIwW+d2za+bVU=,V3UH/5V5KvRKazEyFobb7Q6wEz8=
23,-16,clx1Wy6gZuxZwsXIwW+d2za+bVU=,V3UH/5V5KvRKazEyFobb7Q6wEz8=
16,-15,clx1Wy6gZuxZwsXIwW+d2za+bVU=,V3UH/5V5KvRKazEyFobb7Q6wEz8=
17,-15,clx1Wy6gZuxZwsXIwW+d2za+bVU=,V3UH/5V5KvRKazEyFobb7Q6wEz8=
18,-15,clx1Wy6gZuxZwsXIwW+d2za+bVU=,V3UH/5V5KvRKazEyFobb7Q6wEz8=
16,-10,clx1Wy6gZuxZwsXIwW+d2za+bVU=,V3UH/5V5KvRKazEyFobb7Q6wEz8=
17,-10,clx1Wy6gZuxZwsXIwW+d2za+bVU=,V3UH/5V5KvRKazEyFobb7Q6wEz8=
18,-10,clx1Wy6gZuxZwsXIwW+d2za+bVU=,V3UH/5V5KvRKazEyFobb7Q6wEz8=
19,-10,clx1Wy6gZuxZwsXIwW+d2za+bVU=,V3UH/5V5KvRKazEyFobb7Q6wEz8=
20,-10,clx1Wy6gZuxZwsXIwW+d2za+bVU=,V3UH/5V5KvRKazEyFobb7Q6wEz8=
19,-15,clx1Wy6gZuxZwsXIwW+d2za+bVU=,V3UH/5V5KvRKazEyFobb7Q6wEz8=
20,-15,clx1Wy6gZuxZwsXIwW+d2za+bVU=,V3UH/5V5KvRKazEyFobb7Q6wEz8=
21,-15,clx1Wy6gZuxZwsXIwW+d2za+bVU=,V3UH/5V5KvRKazEyFobb7Q6wEz8=
22,-15,clx1Wy6gZuxZwsXIwW+d2za+bVU=,V3UH/5V5KvRKazEyFobb7Q6wEz8=
23,-15,clx1Wy6gZuxZwsXIwW+d2za+bVU=,V3UH/5V5KvRKazEyFobb7Q6wEz8=
16,-14,clx1Wy6gZuxZwsXIwW+d2za+bVU=,V3UH/5V5KvRKazEyFobb7Q6wEz8=
21,-10,clx1Wy6gZuxZwsXIwW+d2za+bVU=,V3UH/5V5KvRKazEyFobb7Q6wEz8=
17,-14,clx1Wy6gZuxZwsXIwW+d2za+bVU=,V3UH/5V5KvRKazEyFobb7Q6wEz8=
18,-14,clx1Wy6gZuxZwsXIwW+d2za+bVU=,V3UH/5V5KvRKazEyFobb7Q6wEz8=
19,-14,clx1Wy6gZuxZwsXIwW+d2za+bVU=,V3UH/5V5KvRKazEyFobb7Q6wEz8=
20,-14,clx1Wy6gZuxZwsXIwW+d2za+bVU=,V3UH/5V5KvRKazEyFobb7Q6wEz8=
21,-14,clx1Wy6gZuxZwsXIwW+d2za+bVU=,V3UH/5V5KvRKazEyFobb7Q6wEz8=
22,-10,clx1Wy6gZuxZwsXIwW+d2za+bVU=,V3UH/5V5KvRKazEyFobb7Q6wEz8=
23,-10,clx1Wy6gZuxZwsXIwW+d2za+bVU=,V3UH/5V5KvRKazEyFobb7Q6wEz8=
22,-14,clx1Wy6gZuxZwsXIwW+d2za+bVU=,V3UH/5V5KvRKazEyFobb7Q6wEz8=
23,-14,clx1Wy6gZuxZwsXIwW+d2za+bVU=,V3UH/5V5KvRKazEyFobb7Q6wEz8=
16,-13,clx1Wy6gZuxZwsXIwW+d2za+bVU=,V3UH/5V5KvRKazEyFobb7Q6wEz8=
17,-13,clx1Wy6gZuxZwsXIwW+d2za+bVU=,V3UH/5V5KvRKazEyFobb7Q6wEz8=
18,-13,clx1Wy6gZuxZwsXIwW+d2za+bVU=,V3UH/5V5KvRKazEyFobb7Q6wEz8=
19,-13,clx1Wy6gZuxZwsXIwW+d2za+bVU=,V3UH/5V5KvRKazEyFobb7Q6wEz8=
20,-13,clx1Wy6gZuxZwsXIwW+d2za+bVU=,V3UH/5V5KvRKazEyFobb7Q6wEz8=
21,-13,clx1Wy6gZuxZwsXIwW+d2za+bVU=,V3UH/5V5KvRKazEyFobb7Q6wEz8=
22,-13,clx1Wy6gZuxZwsXIwW+d2za+bVU=,V3UH/5V5KvRKazEyFobb7Q6wEz8=
23,-13,clx1Wy6gZuxZwsXIwW+d2za+bVU=,V3UH/5V5KvRKazEyFobb7Q6wEz8=
16,-12,clx1Wy6gZuxZwsXIwW+d2za+bVU=,V3UH/5V5KvRKazEyFobb7Q6wEz8=
17,-12,clx1Wy6gZuxZwsXIwW+d2za+bVU=,V3UH/5V5KvRKazEyFobb7Q6wEz8=
18,-12,clx1Wy6gZuxZwsXIwW+d2za+bVU=,V3UH/5V5KvRKazEyFobb7Q6wEz8=
19,-12,clx1Wy6gZuxZwsXIwW+d2za+bVU=,V3UH/5V5KvRKazEyFobb7Q6wEz8=
20,-12,clx1Wy6gZuxZwsXIwW+d2za+bVU=,V3UH/5V5KvRKazEyFobb7Q6wEz8=
21,-12,clx1Wy6gZuxZwsXIwW+d2za+bVU=,V3UH/5V5KvRKazEyFobb7Q6wEz8=
22,-12,clx1Wy6gZuxZwsXIwW+d2za+bVU=,V3UH/5V5KvRKazEyFobb7Q6wEz8=
23,-12,clx1Wy6gZuxZwsXIwW+d2za+bVU=,V3UH/5V5KvRKazEyFobb7Q6wEz8=
16,-11,clx1Wy6gZuxZwsXIwW+d2za+bVU=,V3UH/5V5KvRKazEyFobb7Q6wEz8=
17,-11,clx1Wy6gZuxZwsXIwW+d2za+bVU=,V3UH/5V5KvRKazEyFobb7Q6wEz8=
18,-11,clx1Wy6gZuxZwsXIwW+d2za+bVU=,V3UH/5V5KvRKazEyFobb7Q6wEz8=
19,-11,clx1Wy6gZuxZwsXIwW+d2za+bVU=,V3UH/5V5KvRKazEyFobb7Q6wEz8=
28,-2,clx1Wy6gZuxZwsXIwW+d2za+bVU=,f6Lc5ugnJklbzTEcGK73jm2EVZ8=
27,-2,clx1Wy6gZuxZwsXIwW+d2za+bVU=,f6Lc5ugnJklbzTEcGK73jm2EVZ8=
26,-2,clx1Wy6gZuxZwsXIwW+d2za+bVU=,f6Lc5ugnJklbzTEcGK73jm2EVZ8=
27,-4,clx1Wy6gZuxZwsXIwW+d2za+bVU=,f6Lc5ugnJklbzTEcGK73jm2EVZ8=
30,-8,clx1Wy6gZuxZwsXIwW+d2za+bVU=,f6Lc5ugnJklbzTEcGK73jm2EVZ8=
25,-2,clx1Wy6gZuxZwsXIwW+d2za+bVU=,f6Lc5ugnJklbzTEcGK73jm2EVZ8=
29,-5,clx1Wy6gZuxZwsXIwW+d2za+bVU=,f6Lc5ugnJklbzTEcGK73jm2EVZ8=
26,-8,clx1Wy6gZuxZwsXIwW+d2za+bVU=,f6Lc5ugnJklbzTEcGK73jm2EVZ8=
31,-6,clx1Wy6gZuxZwsXIwW+d2za+bVU=,f6Lc5ugnJklbzTEcGK73jm2EVZ8=
30,-6,clx1Wy6gZuxZwsXIwW+d2za+bVU=,f6Lc5ugnJklbzTEcGK73jm2EVZ8=
26,-4,clx1Wy6gZuxZwsXIwW+d2za+bVU=,f6Lc5ugnJklbzTEcGK73jm2EVZ8=
28,-5,clx1Wy6gZuxZwsXIwW+d2za+bVU=,f6Lc5ugnJklbzTEcGK73jm2EVZ8=
25,-4,clx1Wy6gZuxZwsXIwW+d2za+bVU=,f6Lc5ugnJklbzTEcGK73jm2EVZ8=
29,-6,clx1Wy6gZuxZwsXIwW+d2za+bVU=,f6Lc5ugnJklbzTEcGK73jm2EVZ8=
28,-6,clx1Wy6gZuxZwsXIwW+d2za+bVU=,f6Lc5ugnJklbzTEcGK73jm2EVZ8=
27,-5,clx1Wy6gZuxZwsXIwW+d2za+bVU=,f6Lc5ugnJklbzTEcGK73jm2EVZ8=
31,-3,clx1Wy6gZuxZwsXIwW+d2za+bVU=,f6Lc5ugnJklbzTEcGK73jm2EVZ8=
27,-6,clx1Wy6gZuxZwsXIwW+d2za+bVU=,f6Lc5ugnJklbzTEcGK73jm2EVZ8=
26,-6,clx1Wy6gZuxZwsXIwW+d2za+bVU=,f6Lc5ugnJklbzTEcGK73jm2EVZ8=
30,-3,clx1Wy6gZuxZwsXIwW+d2za+bVU=,f6Lc5ugnJklbzTEcGK73jm2EVZ8=
25,-8,clx1Wy6gZuxZwsXIwW+d2za+bVU=,f6Lc5ugnJklbzTEcGK73jm2EVZ8=
25,-6,clx1Wy6gZuxZwsXIwW+d2za+bVU=,f6Lc5ugnJklbzTEcGK73jm2EVZ8=
31,-1,clx1Wy6gZuxZwsXIwW+d2za+bVU=,f6Lc5ugnJklbzTEcGK73jm2EVZ8=
31,-4,clx1Wy6gZuxZwsXIwW+d2za+bVU=,f6Lc5ugnJklbzTEcGK73jm2EVZ8=
31,-5,clx1Wy6gZuxZwsXIwW+d2za+bVU=,f6Lc5ugnJklbzTEcGK73jm2EVZ8=
29,-7,clx1Wy6gZuxZwsXIwW+d2za+bVU=,f6Lc5ugnJklbzTEcGK73jm2EVZ8=
28,-7,clx1Wy6gZuxZwsXIwW+d2za+bVU=,f6Lc5ugnJklbzTEcGK73jm2EVZ8=
29,-8,clx1Wy6gZuxZwsXIwW+d2za+bVU=,f6Lc5ugnJklbzTEcGK73jm2EVZ8=
26,-5,clx1Wy6gZuxZwsXIwW+d2za+bVU=,f6Lc5ugnJklbzTEcGK73jm2EVZ8=
29,-3,clx1Wy6gZuxZwsXIwW+d2za+bVU=,f6Lc5ugnJklbzTEcGK73jm2EVZ8=
30,-1,clx1Wy6gZuxZwsXIwW+d2za+bVU=,f6Lc5ugnJklbzTEcGK73jm2EVZ8=
25,-5,clx1Wy6gZuxZwsXIwW+d2za+bVU=,f6Lc5ugnJklbzTEcGK73jm2EVZ8=
27,-7,clx1Wy6gZuxZwsXIwW+d2za+bVU=,f6Lc5ugnJklbzTEcGK73jm2EVZ8=
29,-1,clx1Wy6gZuxZwsXIwW+d2za+bVU=,f6Lc5ugnJklbzTEcGK73jm2EVZ8=
20,-5,clx1Wy6gZuxZwsXIwW+d2za+bVU=,TG5p9HdVHiOkel7vi7i6CPp4Xlg=
21,-5,clx1Wy6gZuxZwsXIwW+d2za+bVU=,TG5p9HdVHiOkel7vi7i6CPp4Xlg=
24,-8,clx1Wy6gZuxZwsXIwW+d2za+bVU=,f6Lc5ugnJklbzTEcGK73jm2EVZ8=
24,-4,clx1Wy6gZuxZwsXIwW+d2za+bVU=,f6Lc5ugnJklbzTEcGK73jm2EVZ8=
24,-3,clx1Wy6gZuxZwsXIwW+d2za+bVU=,f6Lc5ugnJklbzTEcGK73jm2EVZ8=
22,-5,clx1Wy6gZuxZwsXIwW+d2za+bVU=,TG5p9HdVHiOkel7vi7i6CPp4Xlg=
23,-5,clx1Wy6gZuxZwsXIwW+d2za+bVU=,TG5p9HdVHiOkel7vi7i6CPp4Xlg=
16,-4,clx1Wy6gZuxZwsXIwW+d2za+bVU=,TG5p9HdVHiOkel7vi7i6CPp4Xlg=
24,-2,clx1Wy6gZuxZwsXIwW+d2za+bVU=,f6Lc5ugnJklbzTEcGK73jm2EVZ8=
16,-9,clx1Wy6gZuxZwsXIwW+d2za+bVU=,V3UH/5V5KvRKazEyFobb7Q6wEz8=
17,-4,clx1Wy6gZuxZwsXIwW+d2za+bVU=,TG5p9HdVHiOkel7vi7i6CPp4Xlg=
17,-9,clx1Wy6gZuxZwsXIwW+d2za+bVU=,V3UH/5V5KvRKazEyFobb7Q6wEz8=
18,-9,clx1Wy6gZuxZwsXIwW+d2za+bVU=,V3UH/5V5KvRKazEyFobb7Q6wEz8=
24,-5,clx1Wy6gZuxZwsXIwW+d2za+bVU=,f6Lc5ugnJklbzTEcGK73jm2EVZ8=
24,-1,clx1Wy6gZuxZwsXIwW+d2za+bVU=,f6Lc5ugnJklbzTEcGK73jm2EVZ8=
19,-9,clx1Wy6gZuxZwsXIwW+d2za+bVU=,V3UH/5V5KvRKazEyFobb7Q6wEz8=
18,-4,clx1Wy6gZuxZwsXIwW+d2za+bVU=,TG5p9HdVHiOkel7vi7i6CPp4Xlg=
20,-9,clx1Wy6gZuxZwsXIwW+d2za+bVU=,V3UH/5V5KvRKazEyFobb7Q6wEz8=
21,-9,clx1Wy6gZuxZwsXIwW+d2za+bVU=,V3UH/5V5KvRKazEyFobb7Q6wEz8=
22,-9,clx1Wy6gZuxZwsXIwW+d2za+bVU=,V3UH/5V5KvRKazEyFobb7Q6wEz8=
23,-9,clx1Wy6gZuxZwsXIwW+d2za+bVU=,V3UH/5V5KvRKazEyFobb7Q6wEz8=
20,-4,clx1Wy6gZuxZwsXIwW+d2za+bVU=,TG5p9HdVHiOkel7vi7i6CPp4Xlg=
19,-4,clx1Wy6gZuxZwsXIwW+d2za+bVU=,TG5p9HdVHiOkel7vi7i6CPp4Xlg=
21,-4,clx1Wy6gZuxZwsXIwW+d2za+bVU=,TG5p9HdVHiOkel7vi7i6CPp4Xlg=
22,-4,clx1Wy6gZuxZwsXIwW+d2za+bVU=,TG5p9HdVHiOkel7vi7i6CPp4Xlg=
23,-4,clx1Wy6gZuxZwsXIwW+d2za+bVU=,TG5p9HdVHiOkel7vi7i6CPp4Xlg=
16,-8,clx1Wy6gZuxZwsXIwW+d2za+bVU=,TG5p9HdVHiOkel7vi7i6CPp4Xlg=
16,-3,clx1Wy6gZuxZwsXIwW+d2za+bVU=,TG5p9HdVHiOkel7vi7i6CPp4Xlg=
18,-3,clx1Wy6gZuxZwsXIwW+d2za+bVU=,TG5p9HdVHiOkel7vi7i6CPp4Xlg=
17,-3,clx1Wy6gZuxZwsXIwW+d2za+bVU=,TG5p9HdVHiOkel7vi7i6CPp4Xlg=
19,-3,clx1Wy6gZuxZwsXIwW+d2za+bVU=,TG5p9HdVHiOkel7vi7i6CPp4Xlg=
20,-3,clx1Wy6gZuxZwsXIwW+d2za+bVU=,TG5p9HdVHiOkel7vi7i6CPp4Xlg=
19,-5,clx1Wy6gZuxZwsXIwW+d2za+bVU=,TG5p9HdVHiOkel7vi7i6CPp4Xlg=
18,-5,clx1Wy6gZuxZwsXIwW+d2za+bVU=,TG5p9HdVHiOkel7vi7i6CPp4Xlg=
17,-5,clx1Wy6gZuxZwsXIwW+d2za+bVU=,TG5p9HdVHiOkel7vi7i6CPp4Xlg=
24,-6,clx1Wy6gZuxZwsXIwW+d2za+bVU=,f6Lc5ugnJklbzTEcGK73jm2EVZ8=
16,-5,clx1Wy6gZuxZwsXIwW+d2za+bVU=,TG5p9HdVHiOkel7vi7i6CPp4Xlg=
23,-6,clx1Wy6gZuxZwsXIwW+d2za+bVU=,TG5p9HdVHiOkel7vi7i6CPp4Xlg=
22,-6,clx1Wy6gZuxZwsXIwW+d2za+bVU=,TG5p9HdVHiOkel7vi7i6CPp4Xlg=
21,-6,clx1Wy6gZuxZwsXIwW+d2za+bVU=,TG5p9HdVHiOkel7vi7i6CPp4Xlg=
20,-6,clx1Wy6gZuxZwsXIwW+d2za+bVU=,TG5p9HdVHiOkel7vi7i6CPp4Xlg=
21,-3,clx1Wy6gZuxZwsXIwW+d2za+bVU=,TG5p9HdVHiOkel7vi7i6CPp4Xlg=
23,-1,clx1Wy6gZuxZwsXIwW+d2za+bVU=,TG5p9HdVHiOkel7vi7i6CPp4Xlg=
19,-6,clx1Wy6gZuxZwsXIwW+d2za+bVU=,TG5p9HdVHiOkel7vi7i6CPp4Xlg=
18,-6,clx1Wy6gZuxZwsXIwW+d2za+bVU=,TG5p9HdVHiOkel7vi7i6CPp4Xlg=
21,-1,clx1Wy6gZuxZwsXIwW+d2za+bVU=,TG5p9HdVHiOkel7vi7i6CPp4Xlg=
17,-6,clx1Wy6gZuxZwsXIwW+d2za+bVU=,TG5p9HdVHiOkel7vi7i6CPp4Xlg=
16,-6,clx1Wy6gZuxZwsXIwW+d2za+bVU=,TG5p9HdVHiOkel7vi7i6CPp4Xlg=
23,-7,clx1Wy6gZuxZwsXIwW+d2za+bVU=,TG5p9HdVHiOkel7vi7i6CPp4Xlg=
22,-7,clx1Wy6gZuxZwsXIwW+d2za+bVU=,TG5p9HdVHiOkel7vi7i6CPp4Xlg=
22,-1,clx1Wy6gZuxZwsXIwW+d2za+bVU=,TG5p9HdVHiOkel7vi7i6CPp4Xlg=
21,-7,clx1Wy6gZuxZwsXIwW+d2za+bVU=,TG5p9HdVHiOkel7vi7i6CPp4Xlg=
20,-7,clx1Wy6gZuxZwsXIwW+d2za+bVU=,TG5p9HdVHiOkel7vi7i6CPp4Xlg=
20,-1,clx1Wy6gZuxZwsXIwW+d2za+bVU=,TG5p9HdVHiOkel7vi7i6CPp4Xlg=
19,-7,clx1Wy6gZuxZwsXIwW+d2za+bVU=,TG5p9HdVHiOkel7vi7i6CPp4Xlg=
18,-7,clx1Wy6gZuxZwsXIwW+d2za+bVU=,TG5p9HdVHiOkel7vi7i6CPp4Xlg=
22,-3,clx1Wy6gZuxZwsXIwW+d2za+bVU=,TG5p9HdVHiOkel7vi7i6CPp4Xlg=
23,-3,clx1Wy6gZuxZwsXIwW+d2za+bVU=,TG5p9HdVHiOkel7vi7i6CPp4Xlg=
17,-8,clx1Wy6gZuxZwsXIwW+d2za+bVU=,TG5p9HdVHiOkel7vi7i6CPp4Xlg=
19,-1,clx1Wy6gZuxZwsXIwW+d2za+bVU=,TG5p9HdVHiOkel7vi7i6CPp4Xlg=
17,-7,clx1Wy6gZuxZwsXIwW+d2za+bVU=,TG5p9HdVHiOkel7vi7i6CPp4Xlg=
16,-2,clx1Wy6gZuxZwsXIwW+d2za+bVU=,TG5p9HdVHiOkel7vi7i6CPp4Xlg=
18,-1,clx1Wy6gZuxZwsXIwW+d2za+bVU=,TG5p9HdVHiOkel7vi7i6CPp4Xlg=
17,-1,clx1Wy6gZuxZwsXIwW+d2za+bVU=,TG5p9HdVHiOkel7vi7i6CPp4Xlg=
16,-1,clx1Wy6gZuxZwsXIwW+d2za+bVU=,TG5p9HdVHiOkel7vi7i6CPp4Xlg=
16,-7,clx1Wy6gZuxZwsXIwW+d2za+bVU=,TG5p9HdVHiOkel7vi7i6CPp4Xlg=
23,-8,clx1Wy6gZuxZwsXIwW+d2za+bVU=,TG5p9HdVHiOkel7vi7i6CPp4Xlg=
22,-8,clx1Wy6gZuxZwsXIwW+d2za+bVU=,TG5p9HdVHiOkel7vi7i6CPp4Xlg=
23,-2,clx1Wy6gZuxZwsXIwW+d2za+bVU=,TG5p9HdVHiOkel7vi7i6CPp4Xlg=
22,-2,clx1Wy6gZuxZwsXIwW+d2za+bVU=,TG5p9HdVHiOkel7vi7i6CPp4Xlg=
24,-7,clx1Wy6gZuxZwsXIwW+d2za+bVU=,f6Lc5ugnJklbzTEcGK73jm2EVZ8=
21,-2,clx1Wy6gZuxZwsXIwW+d2za+bVU=,TG5p9HdVHiOkel7vi7i6CPp4Xlg=
21,-8,clx1Wy6gZuxZwsXIwW+d2za+bVU=,TG5p9HdVHiOkel7vi7i6CPp4Xlg=
20,-8,clx1Wy6gZuxZwsXIwW+d2za+bVU=,TG5p9HdVHiOkel7vi7i6CPp4Xlg=
17,-2,clx1Wy6gZuxZwsXIwW+d2za+bVU=,TG5p9HdVHiOkel7vi7i6CPp4Xlg=
18,-2,clx1Wy6gZuxZwsXIwW+d2za+bVU=,TG5p9HdVHiOkel7vi7i6CPp4Xlg=
20,-2,clx1Wy6gZuxZwsXIwW+d2za+bVU=,TG5p9HdVHiOkel7vi7i6CPp4Xlg=
19,-8,clx1Wy6gZuxZwsXIwW+d2za+bVU=,TG5p9HdVHiOkel7vi7i6CPp4Xlg=
18,-8,clx1Wy6gZuxZwsXIwW+d2za+bVU=,TG5p9HdVHiOkel7vi7i6CPp4Xlg=
19,-2,clx1Wy6gZuxZwsXIwW+d2za+bVU=,TG5p9HdVHiOkel7vi7i6CPp4Xlg=
