-13,-16,dIjQQLoW0gYDa+x1pQVI6nNNyn8=,7JaoGF/qKHcI3my9SbI3yqM8M0Y=
-4,-13,dIjQQLoW0gYDa+x1pQVI6nNNyn8=,7JaoGF/qKHcI3my9SbI3yqM8M0Y=
-3,-14,dIjQQLoW0gYDa+x1pQVI6nNNyn8=,7JaoGF/qKHcI3my9SbI3yqM8M0Y=
-4,-14,dIjQQLoW0gYDa+x1pQVI6nNNyn8=,7JaoGF/qKHcI3my9SbI3yqM8M0Y=
-1,-15,dIjQQLoW0gYDa+x1pQVI6nNNyn8=,7JaoGF/qKHcI3my9SbI3yqM8M0Y=
-6,-14,dIjQQLoW0gYDa+x1pQVI6nNNyn8=,7JaoGF/qKHcI3my9SbI3yqM8M0Y=
-5,-14,dIjQQLoW0gYDa+x1pQVI6nNNyn8=,7JaoGF/qKHcI3my9SbI3yqM8M0Y=
-7,-14,dIjQQLoW0gYDa+x1pQVI6nNNyn8=,7JaoGF/qKHcI3my9SbI3yqM8M0Y=
-5,-13,dIjQQLoW0gYDa+x1pQVI6nNNyn8=,7JaoGF/qKHcI3my9SbI3yqM8M0Y=
-8,-14,dIjQQLoW0gYDa+x1pQVI6nNNyn8=,7JaoGF/qKHcI3my9SbI3yqM8M0Y=
-9,-14,dIjQQLoW0gYDa+x1pQVI6nNNyn8=,7JaoGF/qKHcI3my9SbI3yqM8M0Y=
-5,-1,dIjQQLoW0gYDa+x1pQVI6nNNyn8=,7JaoGF/qKHcI3my9SbI3yqM8M0Y=
-6,-1,dIjQQLoW0gYDa+x1pQVI6nNNyn8=,7JaoGF/qKHcI3my9SbI3yqM8M0Y=
-7,-1,dIjQQLoW0gYDa+x1pQVI6nNNyn8=,7JaoGF/qKHcI3my9SbI3yqM8M0Y=
-9,-1,dIjQQLoW0gYDa+x1pQVI6nNNyn8=,7JaoGF/qKHcI3my9SbI3yqM8M0Y=
-10,-1,dIjQQLoW0gYDa+x1pQVI6nNNyn8=,7JaoGF/qKHcI3my9SbI3yqM8M0Y=
-11,-1,dIjQQLoW0gYDa+x1pQVI6nNNyn8=,7JaoGF/qKHcI3my9SbI3yqM8M0Y=
-10,-14,dIjQQLoW0gYDa+x1pQVI6nNNyn8=,7JaoGF/qKHcI3my9SbI3yqM8M0Y=
-12,-1,dIjQQLoW0gYDa+x1pQVI6nNNyn8=,7JaoGF/qKHcI3my9SbI3yqM8M0Y=
-8,-1,dIjQQLoW0gYDa+x1pQVI6nNNyn8=,7JaoGF/qKHcI3my9SbI3yqM8M0Y=
-12,-14,dIjQQLoW0gYDa+x1pQVI6nNNyn8=,7JaoGF/qKHcI3my9SbI3yqM8M0Y=
-13,-14,dIjQQLoW0gYDa+x1pQVI6nNNyn8=,7JaoGF/qKHcI3my9SbI3yqM8M0Y=
-14,-14,dIjQQLoW0gYDa+x1pQVI6nNNyn8=,7JaoGF/qKHcI3my9SbI3yqM8M0Y=
-11,-14,dIjQQLoW0gYDa+x1pQVI6nNNyn8=,7JaoGF/qKHcI3my9SbI3yqM8M0Y=
-15,-14,dIjQQLoW0gYDa+x1pQVI6nNNyn8=,7JaoGF/qKHcI3my9SbI3yqM8M0Y=
-16,-14,dIjQQLoW0gYDa+x1pQVI6nNNyn8=,7JaoGF/qKHcI3my9SbI3yqM8M0Y=
-13,-1,dIjQQLoW0gYDa+x1pQVI6nNNyn8=,7JaoGF/qKHcI3my9SbI3yqM8M0Y=
-14,-1,dIjQQLoW0gYDa+x1pQVI6nNNyn8=,7JaoGF/qKHcI3my9SbI3yqM8M0Y=
-14,-16,dIjQQLoW0gYDa+x1pQVI6nNNyn8=,7JaoGF/qKHcI3my9SbI3yqM8M0Y=
-15,-1,dIjQQLoW0gYDa+x1pQVI6nNNyn8=,7JaoGF/qKHcI3my9SbI3yqM8M0Y=
-6,-13,dIjQQLoW0gYDa+x1pQVI6nNNyn8=,7JaoGF/qKHcI3my9SbI3yqM8M0Y=
-16,-1,dIjQQLoW0gYDa+x1pQVI6nNNyn8=,7JaoGF/qKHcI3my9SbI3yqM8M0Y=
-2,-15,dIjQQLoW0gYDa+x1pQVI6nNNyn8=,7JaoGF/qKHcI3my9SbI3yqM8M0Y=
-4,-1,dIjQQLoW0gYDa+x1pQVI6nNNyn8=,7JaoGF/qKHcI3my9SbI3yqM8M0Y=
-1,-1,dIjQQLoW0gYDa+x1pQVI6nNNyn8=,7JaoGF/qKHcI3my9SbI3yqM8M0Y=
-2,-1,dIjQQLoW0gYDa+x1pQVI6nNNyn8=,7JaoGF/qKHcI3my9SbI3yqM8M0Y=
-3,-1,dIjQQLoW0gYDa+x1pQVI6nNNyn8=,7JaoGF/qKHcI3my9SbI3yqM8M0Y=
-5,-2,dIjQQLoW0gYDa+x1pQVI6nNNyn8=,7JaoGF/qKHcI3my9SbI3yqM8M0Y=
-4,-2,dIjQQLoW0gYDa+x1pQVI6nNNyn8=,7JaoGF/qKHcI3my9SbI3yqM8M0Y=
-7,-2,dIjQQLoW0gYDa+x1pQVI6nNNyn8=,7JaoGF/qKHcI3my9SbI3yqM8M0Y=
-6,-2,dIjQQLoW0gYDa+x1pQVI6nNNyn8=,7JaoGF/qKHcI3my9SbI3yqM8M0Y=
-8,-2,dIjQQLoW0gYDa+x1pQVI6nNNyn8=,7JaoGF/qKHcI3my9SbI3yqM8M0Y=
-10,-2,dIjQQLoW0gYDa+x1pQVI6nNNyn8=,7JaoGF/qKHcI3my9SbI3yqM8M0Y=
-1,-2,dIjQQLoW0gYDa+x1pQVI6nNNyn8=,7JaoGF/qKHcI3my9SbI3yqM8M0Y=
-11,-2,dIjQQLoW0gYDa+x1pQVI6nNNyn8=,7JaoGF/qKHcI3my9SbI3yqM8M0Y=
-9,-2,dIjQQLoW0gYDa+x1pQVI6nNNyn8=,7JaoGF/qKHcI3my9SbI3yqM8M0Y=
-13,-2,dIjQQLoW0gYDa+x1pQVI6nNNyn8=,7JaoGF/qKHcI3my9SbI3yqM8M0Y=
-12,-2,dIjQQLoW0gYDa+x1pQVI6nNNyn8=,7JaoGF/qKHcI3my9SbI3yqM8M0Y=
-14,-2,dIjQQLoW0gYDa+x1pQVI6nNNyn8=,7JaoGF/qKHcI3my9SbI3yqM8M0Y=
-7,-13,dIjQQLoW0gYDa+x1pQVI6nNNyn8=,7JaoGF/qKHcI3my9SbI3yqM8M0Y=
-15,-15,dIjQQLoW0gYDa+x1pQVI6nNNyn8=,7JaoGF/qKHcI3my9SbI3yqM8M0Y=
-15,-2,dIjQQLoW0gYDa+x1pQVI6nNNyn8=,7JaoGF/qKHcI3my9SbI3yqM8M0Y=
-15,-16,dIjQQLoW0gYDa+x1pQVI6nNNyn8=,7JaoGF/qKHcI3my9SbI3yqM8M0Y=
-16,-15,dIjQQLoW0gYDa+x1pQVI6nNNyn8=,7JaoGF/qKHcI3my9SbI3yqM8M0Y=
-2,-2,dIjQQLoW0gYDa+x1pQVI6nNNyn8=,7JaoGF/qKHcI3my9SbI3yqM8M0Y=
-3,-2,dIjQQLoW0gYDa+x1pQVI6nNNyn8=,7JaoGF/qKHcI3my9SbI3yqM8M0Y=
-16,-2,dIjQQLoW0gYDa+x1pQVI6nNNyn8=,7JaoGF/qKHcI3my9SbI3yqM8M0Y=
-5,-3,dIjQQLoW0gYDa+x1pQVI6nNNyn8=,7JaoGF/qKHcI3my9SbI3yqM8M0Y=
-4,-3,dIjQQLoW0gYDa+x1pQVI6nNNyn8=,7JaoGF/qKHcI3my9SbI3yqM8M0Y=
-7,-3,dIjQQLoW0gYDa+x1pQVI6nNNyn8=,7JaoGF/qKHcI3my9SbI3yqM8M0Y=
-6,-3,dIjQQLoW0gYDa+x1pQVI6nNNyn8=,7JaoGF/qKHcI3my9SbI3yqM8M0Y=
-8,-3,dIjQQLoW0gYDa+x1pQVI6nNNyn8=,7JaoGF/qKHcI3my9SbI3yqM8M0Y=
-10,-3,dIjQQLoW0gYDa+x1pQVI6nNNyn8=,7JaoGF/qKHcI3my9SbI3yqM8M0Y=
-9,-3,dIjQQLoW0gYDa+x1pQVI6nNNyn8=,7JaoGF/qKHcI3my9SbI3yqM8M0Y=
-11,-3,dIjQQLoW0gYDa+x1pQVI6nNNyn8=,7JaoGF/qKHcI3my9SbI3yqM8M0Y=
-12,-3,dIjQQLoW0gYDa+x1pQVI6nNNyn8=,7JaoGF/qKHcI3my9SbI3yqM8M0Y=
-13,-3,dIjQQLoW0gYDa+x1pQVI6nNNyn8=,7JaoGF/qKHcI3my9SbI3yqM8M0Y=
-3,-3,dIjQQLoW0gYDa+x1pQVI6nNNyn8=,7JaoGF/qKHcI3my9SbI3yqM8M0Y=
-1,-16,dIjQQLoW0gYDa+x1pQVI6nNNyn8=,7JaoGF/qKHcI3my9SbI3yqM8M0Y=
-3,-15,dIjQQLoW0gYDa+x1pQVI6nNNyn8=,7JaoGF/qKHcI3my9SbI3yqM8M0Y=
-8,-13,dIjQQLoW0gYDa+x1pQVI6nNNyn8=,7JaoGF/qKHcI3my9SbI3yqM8M0Y=
-14,-3,dIjQQLoW0gYDa+x1pQVI6nNNyn8=,7JaoGF/qKHcI3my9SbI3yqM8M0Y=
-15,-3,dIjQQLoW0gYDa+x1pQVI6nNNyn8=,7JaoGF/qKHcI3my9SbI3yqM8M0Y=
-4,-15,dIjQQLoW0gYDa+x1pQVI6nNNyn8=,7JaoGF/qKHcI3my9SbI3yqM8M0Y=
-16,-3,dIjQQLoW0gYDa+x1pQVI6nNNyn8=,7JaoGF/qKHcI3my9SbI3yqM8M0Y=
-2,-4,dIjQQLoW0gYDa+x1pQVI6nNNyn8=,7JaoGF/qKHcI3my9SbI3yqM8M0Y=
-3,-4,dIjQQLoW0gYDa+x1pQVI6nNNyn8=,7JaoGF/qKHcI3my9SbI3yqM8M0Y=
-4,-4,dIjQQLoW0gYDa+x1pQVI6nNNyn8=,7JaoGF/qKHcI3my9SbI3yqM8M0Y=
-5,-4,dIjQQLoW0gYDa+x1pQVI6nNNyn8=,7JaoGF/qKHcI3my9SbI3yqM8M0Y=
-7,-4,dIjQQLoW0gYDa+x1pQVI6nNNyn8=,7JaoGF/qKHcI3my9SbI3yqM8M0Y=
-8,-4,dIjQQLoW0gYDa+x1pQVI6nNNyn8=,7JaoGF/qKHcI3my9SbI3yqM8M0Y=
-6,-4,dIjQQLoW0gYDa+x1pQVI6nNNyn8=,7JaoGF/qKHcI3my9SbI3yqM8M0Y=
-10,-4,dIjQQLoW0gYDa+x1pQVI6nNNyn8=,7JaoGF/qKHcI3my9SbI3yqM8M0Y=
-1,-4,dIjQQLoW0gYDa+x1pQVI6nNNyn8=,7JaoGF/qKHcI3my9SbI3yqM8M0Y=
-12,-4,dIjQQLoW0gYDa+x1pQVI6nNNyn8=,7JaoGF/qKHcI3my9SbI3yqM8M0Y=
-9,-4,dIjQQLoW0gYDa+x1pQVI6nNNyn8=,7JaoGF/qKHcI3my9SbI3yqM8M0Y=
-11,-4,dIjQQLoW0gYDa+x1pQVI6nNNyn8=,7JaoGF/qKHcI3my9SbI3yqM8M0Y=
-2,-16,dIjQQLoW0gYDa+x1pQVI6nNNyn8=,7JaoGF/qKHcI3my9SbI3yqM8M0Y=
-9,-13,dIjQQLoW0gYDa+x1pQVI6nNNyn8=,7JaoGF/qKHcI3my9SbI3yqM8M0Y=
-13,-4,dIjQQLoW0gYDa+x1pQVI6nNNyn8=,7JaoGF/qKHcI3my9SbI3yqM8M0Y=
-14,-4,dIjQQLoW0gYDa+x1pQVI6nNNyn8=,7JaoGF/qKHcI3my9SbI3yqM8M0Y=
-15,-4,dIjQQLoW0gYDa+x1pQVI6nNNyn8=,7JaoGF/qKHcI3my9SbI3yqM8M0Y=
-16,-4,dIjQQLoW0gYDa+x1pQVI6nNNyn8=,7JaoGF/qKHcI3my9SbI3yqM8M0Y=
-5,-15,dIjQQLoW0gYDa+x1pQVI6nNNyn8=,7JaoGF/qKHcI3my9SbI3yqM8M0Y=
-1,-5,dIjQQLoW0gYDa+x1pQVI6nNNyn8=,7JaoGF/qKHcI3my9SbI3yqM8M0Y=
-2,-5,dIjQQLoW0gYDa+x1pQVI6nNNyn8=,7JaoGF/qKHcI3my9SbI3yqM8M0Y=
-3,-5,dIjQQLoW0gYDa+x1pQVI6nNNyn8=,7JaoGF/qKHcI3my9SbI3yqM8M0Y=
-5,-5,dIjQQLoW0gYDa+x1pQVI6nNNyn8=,7JaoGF/qKHcI3my9SbI3yqM8M0Y=
-6,-5,dIjQQLoW0gYDa+x1pQVI6nNNyn8=,7JaoGF/qKHcI3my9SbI3yqM8M0Y=
-4,-5,dIjQQLoW0gYDa+x1pQVI6nNNyn8=,7JaoGF/qKHcI3my9SbI3yqM8M0Y=
-7,-5,dIjQQLoW0gYDa+x1pQVI6nNNyn8=,7JaoGF/qKHcI3my9SbI3yqM8M0Y=
-9,-5,dIjQQLoW0gYDa+x1pQVI6nNNyn8=,7JaoGF/qKHcI3my9SbI3yqM8M0Y=
-8,-5,dIjQQLoW0gYDa+x1pQVI6nNNyn8=,7JaoGF/qKHcI3my9SbI3yqM8M0Y=
-10,-5,dIjQQLoW0gYDa+x1pQVI6nNNyn8=,7JaoGF/qKHcI3my9SbI3yqM8M0Y=
-11,-5,dIjQQLoW0gYDa+x1pQVI6nNNyn8=,7JaoGF/qKHcI3my9SbI3yqM8M0Y=
-3,-16,dIjQQLoW0gYDa+x1pQVI6nNNyn8=,7JaoGF/qKHcI3my9SbI3yqM8M0Y=
-10,-13,dIjQQLoW0gYDa+x1pQVI6nNNyn8=,7JaoGF/qKHcI3my9SbI3yqM8M0Y=
-13,-5,dIjQQLoW0gYDa+x1pQVI6nNNyn8=,7JaoGF/qKHcI3my9SbI3yqM8M0Y=
-12,-5,dIjQQLoW0gYDa+x1pQVI6nNNyn8=,7JaoGF/qKHcI3my9SbI3yqM8M0Y=
-15,-5,dIjQQLoW0gYDa+x1pQVI6nNNyn8=,7JaoGF/qKHcI3my9SbI3yqM8M0Y=
-16,-5,dIjQQLoW0gYDa+x1pQVI6nNNyn8=,7JaoGF/qKHcI3my9SbI3yqM8M0Y=
-6,-15,dIjQQLoW0gYDa+x1pQVI6nNNyn8=,7JaoGF/qKHcI3my9SbI3yqM8M0Y=
-14,-5,dIjQQLoW0gYDa+x1pQVI6nNNyn8=,7JaoGF/qKHcI3my9SbI3yqM8M0Y=
-2,-6,dIjQQLoW0gYDa+x1pQVI6nNNyn8=,7JaoGF/qKHcI3my9SbI3yqM8M0Y=
-3,-6,dIjQQLoW0gYDa+x1pQVI6nNNyn8=,7JaoGF/qKHcI3my9SbI3yqM8M0Y=
-1,-6,dIjQQLoW0gYDa+x1pQVI6nNNyn8=,7JaoGF/qKHcI3my9SbI3yqM8M0Y=
-4,-6,dIjQQLoW0gYDa+x1pQVI6nNNyn8=,7JaoGF/qKHcI3my9SbI3yqM8M0Y=
-5,-6,dIjQQLoW0gYDa+x1pQVI6nNNyn8=,7JaoGF/qKHcI3my9SbI3yqM8M0Y=
-7,-6,dIjQQLoW0gYDa+x1pQVI6nNNyn8=,7JaoGF/qKHcI3my9SbI3yqM8M0Y=
-6,-6,dIjQQLoW0gYDa+x1pQVI6nNNyn8=,7JaoGF/qKHcI3my9SbI3yqM8M0Y=
-8,-6,dIjQQLoW0gYDa+x1pQVI6nNNyn8=,7JaoGF/qKHcI3my9SbI3yqM8M0Y=
-9,-6,dIjQQLoW0gYDa+x1pQVI6nNNyn8=,7JaoGF/qKHcI3my9SbI3yqM8M0Y=
-4,-16,dIjQQLoW0gYDa+x1pQVI6nNNyn8=,7JaoGF/qKHcI3my9SbI3yqM8M0Y=
-10,-6,dIjQQLoW0gYDa+x1pQVI6nNNyn8=,7JaoGF/qKHcI3my9SbI3yqM8M0Y=
-11,-13,dIjQQLoW0gYDa+x1pQVI6nNNyn8=,7JaoGF/qKHcI3my9SbI3yqM8M0Y=
-12,-6,dIjQQLoW0gYDa+x1pQVI6nNNyn8=,7JaoGF/qKHcI3my9SbI3yqM8M0Y=
-11,-6,dIjQQLoW0gYDa+x1pQVI6nNNyn8=,7JaoGF/qKHcI3my9SbI3yqM8M0Y=
-1,-3,dIjQQLoW0gYDa+x1pQVI6nNNyn8=,7JaoGF/qKHcI3my9SbI3yqM8M0Y=
-13,-6,dIjQQLoW0gYDa+x1pQVI6nNNyn8=,7JaoGF/qKHcI3my9SbI3yqM8M0Y=
-14,-6,dIjQQLoW0gYDa+x1pQVI6nNNyn8=,7JaoGF/qKHcI3my9SbI3yqM8M0Y=
-15,-6,dIjQQLoW0gYDa+x1pQVI6nNNyn8=,7JaoGF/qKHcI3my9SbI3yqM8M0Y=
-7,-15,dIjQQLoW0gYDa+x1pQVI6nNNyn8=,7JaoGF/qKHcI3my9SbI3yqM8M0Y=
-16,-6,dIjQQLoW0gYDa+x1pQVI6nNNyn8=,7JaoGF/qKHcI3my9SbI3yqM8M0Y=
-1,-7,dIjQQLoW0gYDa+x1pQVI6nNNyn8=,7JaoGF/qKHcI3my9SbI3yqM8M0Y=
-3,-7,dIjQQLoW0gYDa+x1pQVI6nNNyn8=,7JaoGF/qKHcI3my9SbI3yqM8M0Y=
-4,-7,dIjQQLoW0gYDa+x1pQVI6nNNyn8=,7JaoGF/qKHcI3my9SbI3yqM8M0Y=
-5,-7,dIjQQLoW0gYDa+x1pQVI6nNNyn8=,7JaoGF/qKHcI3my9SbI3yqM8M0Y=
-2,-7,dIjQQLoW0gYDa+x1pQVI6nNNyn8=,7JaoGF/qKHcI3my9SbI3yqM8M0Y=
-6,-7,dIjQQLoW0gYDa+x1pQVI6nNNyn8=,7JaoGF/qKHcI3my9SbI3yqM8M0Y=
-7,-7,dIjQQLoW0gYDa+x1pQVI6nNNyn8=,7JaoGF/qKHcI3my9SbI3yqM8M0Y=
-8,-7,dIjQQLoW0gYDa+x1pQVI6nNNyn8=,7JaoGF/qKHcI3my9SbI3yqM8M0Y=
-9,-7,dIjQQLoW0gYDa+x1pQVI6nNNyn8=,7JaoGF/qKHcI3my9SbI3yqM8M0Y=
-5,-16,dIjQQLoW0gYDa+x1pQVI6nNNyn8=,7JaoGF/qKHcI3my9SbI3yqM8M0Y=
-10,-7,dIjQQLoW0gYDa+x1pQVI6nNNyn8=,7JaoGF/qKHcI3my9SbI3yqM8M0Y=
-11,-7,dIjQQLoW0gYDa+x1pQVI6nNNyn8=,7JaoGF/qKHcI3my9SbI3yqM8M0Y=
-12,-13,dIjQQLoW0gYDa+x1pQVI6nNNyn8=,7JaoGF/qKHcI3my9SbI3yqM8M0Y=
-12,-7,dIjQQLoW0gYDa+x1pQVI6nNNyn8=,7JaoGF/qKHcI3my9SbI3yqM8M0Y=
-14,-7,dIjQQLoW0gYDa+x1pQVI6nNNyn8=,7JaoGF/qKHcI3my9SbI3yqM8M0Y=
-13,-7,dIjQQLoW0gYDa+x1pQVI6nNNyn8=,7JaoGF/qKHcI3my9SbI3yqM8M0Y=
-15,-7,dIjQQLoW0gYDa+x1pQVI6nNNyn8=,7JaoGF/qKHcI3my9SbI3yqM8M0Y=
-16,-7,dIjQQLoW0gYDa+x1pQVI6nNNyn8=,7JaoGF/qKHcI3my9SbI3yqM8M0Y=
-8,-15,dIjQQLoW0gYDa+x1pQVI6nNNyn8=,7JaoGF/qKHcI3my9SbI3yqM8M0Y=
-1,-8,dIjQQLoW0gYDa+x1pQVI6nNNyn8=,7JaoGF/qKHcI3my9SbI3yqM8M0Y=
-3,-8,dIjQQLoW0gYDa+x1pQVI6nNNyn8=,7JaoGF/qKHcI3my9SbI3yqM8M0Y=
-2,-8,dIjQQLoW0gYDa+x1pQVI6nNNyn8=,7JaoGF/qKHcI3my9SbI3yqM8M0Y=
-4,-8,dIjQQLoW0gYDa+x1pQVI6nNNyn8=,7JaoGF/qKHcI3my9SbI3yqM8M0Y=
-6,-8,dIjQQLoW0gYDa+x1pQVI6nNNyn8=,7JaoGF/qKHcI3my9SbI3yqM8M0Y=
-7,-8,dIjQQLoW0gYDa+x1pQVI6nNNyn8=,7JaoGF/qKHcI3my9SbI3yqM8M0Y=
-13,-13,dIjQQLoW0gYDa+x1pQVI6nNNyn8=,7JaoGF/qKHcI3my9SbI3yqM8M0Y=
-6,-16,dIjQQLoW0gYDa+x1pQVI6nNNyn8=,7JaoGF/qKHcI3my9SbI3yqM8M0Y=
-5,-8,dIjQQLoW0gYDa+x1pQVI6nNNyn8=,7JaoGF/qKHcI3my9SbI3yqM8M0Y=
-8,-8,dIjQQLoW0gYDa+x1pQVI6nNNyn8=,7JaoGF/qKHcI3my9SbI3yqM8M0Y=
-10,-8,dIjQQLoW0gYDa+x1pQVI6nNNyn8=,7JaoGF/qKHcI3my9SbI3yqM8M0Y=
-12,-8,dIjQQLoW0gYDa+x1pQVI6nNNyn8=,7JaoGF/qKHcI3my9SbI3yqM8M0Y=
-9,-8,dIjQQLoW0gYDa+x1pQVI6nNNyn8=,7JaoGF/qKHcI3my9SbI3yqM8M0Y=
-14,-8,dIjQQLoW0gYDa+x1pQVI6nNNyn8=,7JaoGF/qKHcI3my9SbI3yqM8M0Y=
-16,-8,dIjQQLoW0gYDa+x1pQVI6nNNyn8=,7JaoGF/qKHcI3my9SbI3yqM8M0Y=
-9,-15,dIjQQLoW0gYDa+x1pQVI6nNNyn8=,7JaoGF/qKHcI3my9SbI3yqM8M0Y=
-1,-9,dIjQQLoW0gYDa+x1pQVI6nNNyn8=,7JaoGF/qKHcI3my9SbI3yqM8M0Y=
-2,-9,dIjQQLoW0gYDa+x1pQVI6nNNyn8=,7JaoGF/qKHcI3my9SbI3yqM8M0Y=
-4,-9,dIjQQLoW0gYDa+x1pQVI6nNNyn8=,7JaoGF/qKHcI3my9SbI3yqM8M0Y=
-3,-9,dIjQQLoW0gYDa+x1pQVI6nNNyn8=,7JaoGF/qKHcI3my9SbI3yqM8M0Y=
-13,-8,dIjQQLoW0gYDa+x1pQVI6nNNyn8=,7JaoGF/qKHcI3my9SbI3yqM8M0Y=
-11,-8,dIjQQLoW0gYDa+x1pQVI6nNNyn8=,7JaoGF/qKHcI3my9SbI3yqM8M0Y=
-15,-8,dIjQQLoW0gYDa+x1pQVI6nNNyn8=,7JaoGF/qKHcI3my9SbI3yqM8M0Y=
-5,-9,dIjQQLoW0gYDa+x1pQVI6nNNyn8=,7JaoGF/qKHcI3my9SbI3yqM8M0Y=
-6,-9,dIjQQLoW0gYDa+x1pQVI6nNNyn8=,7JaoGF/qKHcI3my9SbI3yqM8M0Y=
-7,-16,dIjQQLoW0gYDa+x1pQVI6nNNyn8=,7JaoGF/qKHcI3my9SbI3yqM8M0Y=
-8,-9,dIjQQLoW0gYDa+x1pQVI6nNNyn8=,7JaoGF/qKHcI3my9SbI3yqM8M0Y=
-9,-9,dIjQQLoW0gYDa+x1pQVI6nNNyn8=,7JaoGF/qKHcI3my9SbI3yqM8M0Y=
-10,-9,dIjQQLoW0gYDa+x1pQVI6nNNyn8=,7JaoGF/qKHcI3my9SbI3yqM8M0Y=
-14,-13,dIjQQLoW0gYDa+x1pQVI6nNNyn8=,7JaoGF/qKHcI3my9SbI3yqM8M0Y=
-12,-9,dIjQQLoW0gYDa+x1pQVI6nNNyn8=,7JaoGF/qKHcI3my9SbI3yqM8M0Y=
-13,-9,dIjQQLoW0gYDa+x1pQVI6nNNyn8=,7JaoGF/qKHcI3my9SbI3yqM8M0Y=
-11,-9,dIjQQLoW0gYDa+x1pQVI6nNNyn8=,7JaoGF/qKHcI3my9SbI3yqM8M0Y=
-14,-9,dIjQQLoW0gYDa+x1pQVI6nNNyn8=,7JaoGF/qKHcI3my9SbI3yqM8M0Y=
-7,-9,dIjQQLoW0gYDa+x1pQVI6nNNyn8=,7JaoGF/qKHcI3my9SbI3yqM8M0Y=
-15,-9,dIjQQLoW0gYDa+x1pQVI6nNNyn8=,7JaoGF/qKHcI3my9SbI3yqM8M0Y=
-16,-9,dIjQQLoW0gYDa+x1pQVI6nNNyn8=,7JaoGF/qKHcI3my9SbI3yqM8M0Y=
-10,-15,dIjQQLoW0gYDa+x1pQVI6nNNyn8=,7JaoGF/qKHcI3my9SbI3yqM8M0Y=
-2,-10,dIjQQLoW0gYDa+x1pQVI6nNNyn8=,7JaoGF/qKHcI3my9SbI3yqM8M0Y=
-3,-10,dIjQQLoW0gYDa+x1pQVI6nNNyn8=,7JaoGF/qKHcI3my9SbI3yqM8M0Y=
-4,-10,dIjQQLoW0gYDa+x1pQVI6nNNyn8=,7JaoGF/qKHcI3my9SbI3yqM8M0Y=
-1,-10,dIjQQLoW0gYDa+x1pQVI6nNNyn8=,7JaoGF/qKHcI3my9SbI3yqM8M0Y=
-6,-10,dIjQQLoW0gYDa+x1pQVI6nNNyn8=,7JaoGF/qKHcI3my9SbI3yqM8M0Y=
-8,-16,dIjQQLoW0gYDa+x1pQVI6nNNyn8=,7JaoGF/qKHcI3my9SbI3yqM8M0Y=
-15,-13,dIjQQLoW0gYDa+x1pQVI6nNNyn8=,7JaoGF/qKHcI3my9SbI3yqM8M0Y=
-5,-10,dIjQQLoW0gYDa+x1pQVI6nNNyn8=,7JaoGF/qKHcI3my9SbI3yqM8M0Y=
-7,-10,dIjQQLoW0gYDa+x1pQVI6nNNyn8=,7JaoGF/qKHcI3my9SbI3yqM8M0Y=
-9,-10,dIjQQLoW0gYDa+x1pQVI6nNNyn8=,7JaoGF/qKHcI3my9SbI3yqM8M0Y=
-10,-10,dIjQQLoW0gYDa+x1pQVI6nNNyn8=,7JaoGF/qKHcI3my9SbI3yqM8M0Y=
-8,-10,dIjQQLoW0gYDa+x1pQVI6nNNyn8=,7JaoGF/qKHcI3my9SbI3yqM8M0Y=
-13,-10,dIjQQLoW0gYDa+x1pQVI6nNNyn8=,7JaoGF/qKHcI3my9SbI3yqM8M0Y=
-14,-10,dIjQQLoW0gYDa+x1pQVI6nNNyn8=,7JaoGF/qKHcI3my9SbI3yqM8M0Y=
-12,-10,dIjQQLoW0gYDa+x1pQVI6nNNyn8=,7JaoGF/qKHcI3my9SbI3yqM8M0Y=
-15,-10,dIjQQLoW0gYDa+x1pQVI6nNNyn8=,7JaoGF/qKHcI3my9SbI3yqM8M0Y=
-11,-15,dIjQQLoW0gYDa+x1pQVI6nNNyn8=,7JaoGF/qKHcI3my9SbI3yqM8M0Y=
-1,-11,dIjQQLoW0gYDa+x1pQVI6nNNyn8=,7JaoGF/qKHcI3my9SbI3yqM8M0Y=
-16,-10,dIjQQLoW0gYDa+x1pQVI6nNNyn8=,7JaoGF/qKHcI3my9SbI3yqM8M0Y=
-3,-11,dIjQQLoW0gYDa+x1pQVI6nNNyn8=,7JaoGF/qKHcI3my9SbI3yqM8M0Y=
-2,-11,dIjQQLoW0gYDa+x1pQVI6nNNyn8=,7JaoGF/qKHcI3my9SbI3yqM8M0Y=
-5,-11,dIjQQLoW0gYDa+x1pQVI6nNNyn8=,7JaoGF/qKHcI3my9SbI3yqM8M0Y=
-9,-16,dIjQQLoW0gYDa+x1pQVI6nNNyn8=,7JaoGF/qKHcI3my9SbI3yqM8M0Y=
-12,-15,dIjQQLoW0gYDa+x1pQVI6nNNyn8=,7JaoGF/qKHcI3my9SbI3yqM8M0Y=
-4,-11,dIjQQLoW0gYDa+x1pQVI6nNNyn8=,7JaoGF/qKHcI3my9SbI3yqM8M0Y=
-11,-10,dIjQQLoW0gYDa+x1pQVI6nNNyn8=,7JaoGF/qKHcI3my9SbI3yqM8M0Y=
-16,-13,dIjQQLoW0gYDa+x1pQVI6nNNyn8=,7JaoGF/qKHcI3my9SbI3yqM8M0Y=
-8,-11,dIjQQLoW0gYDa+x1pQVI6nNNyn8=,7JaoGF/qKHcI3my9SbI3yqM8M0Y=
-10,-11,dIjQQLoW0gYDa+x1pQVI6nNNyn8=,7JaoGF/qKHcI3my9SbI3yqM8M0Y=
-7,-11,dIjQQLoW0gYDa+x1pQVI6nNNyn8=,7JaoGF/qKHcI3my9SbI3yqM8M0Y=
-6,-11,dIjQQLoW0gYDa+x1pQVI6nNNyn8=,7JaoGF/qKHcI3my9SbI3yqM8M0Y=
-11,-11,dIjQQLoW0gYDa+x1pQVI6nNNyn8=,7JaoGF/qKHcI3my9SbI3yqM8M0Y=
-2,-3,dIjQQLoW0gYDa+x1pQVI6nNNyn8=,7JaoGF/qKHcI3my9SbI3yqM8M0Y=
-12,-11,dIjQQLoW0gYDa+x1pQVI6nNNyn8=,7JaoGF/qKHcI3my9SbI3yqM8M0Y=
-15,-11,dIjQQLoW0gYDa+x1pQVI6nNNyn8=,7JaoGF/qKHcI3my9SbI3yqM8M0Y=
-13,-11,dIjQQLoW0gYDa+x1pQVI6nNNyn8=,7JaoGF/qKHcI3my9SbI3yqM8M0Y=
-14,-11,dIjQQLoW0gYDa+x1pQVI6nNNyn8=,7JaoGF/qKHcI3my9SbI3yqM8M0Y=
-13,-15,dIjQQLoW0gYDa+x1pQVI6nNNyn8=,7JaoGF/qKHcI3my9SbI3yqM8M0Y=
-16,-11,dIjQQLoW0gYDa+x1pQVI6nNNyn8=,7JaoGF/qKHcI3my9SbI3yqM8M0Y=
-2,-12,dIjQQLoW0gYDa+x1pQVI6nNNyn8=,7JaoGF/qKHcI3my9SbI3yqM8M0Y=
-3,-12,dIjQQLoW0gYDa+x1pQVI6nNNyn8=,7JaoGF/qKHcI3my9SbI3yqM8M0Y=
-9,-11,dIjQQLoW0gYDa+x1pQVI6nNNyn8=,7JaoGF/qKHcI3my9SbI3yqM8M0Y=
-1,-12,dIjQQLoW0gYDa+x1pQVI6nNNyn8=,7JaoGF/qKHcI3my9SbI3yqM8M0Y=
-10,-16,dIjQQLoW0gYDa+x1pQVI6nNNyn8=,7JaoGF/qKHcI3my9SbI3yqM8M0Y=
-4,-12,dIjQQLoW0gYDa+x1pQVI6nNNyn8=,7JaoGF/qKHcI3my9SbI3yqM8M0Y=
-16,-16,dIjQQLoW0gYDa+x1pQVI6nNNyn8=,7JaoGF/qKHcI3my9SbI3yqM8M0Y=
-7,-12,dIjQQLoW0gYDa+x1pQVI6nNNyn8=,7JaoGF/qKHcI3my9SbI3yqM8M0Y=
-8,-12,dIjQQLoW0gYDa+x1pQVI6nNNyn8=,7JaoGF/qKHcI3my9SbI3yqM8M0Y=
-9,-12,dIjQQLoW0gYDa+x1pQVI6nNNyn8=,7JaoGF/qKHcI3my9SbI3yqM8M0Y=
-10,-12,dIjQQLoW0gYDa+x1pQVI6nNNyn8=,7JaoGF/qKHcI3my9SbI3yqM8M0Y=
-11,-12,dIjQQLoW0gYDa+x1pQVI6nNNyn8=,7JaoGF/qKHcI3my9SbI3yqM8M0Y=
-13,-12,dIjQQLoW0gYDa+x1pQVI6nNNyn8=,7JaoGF/qKHcI3my9SbI3yqM8M0Y=
-5,-12,dIjQQLoW0gYDa+x1pQVI6nNNyn8=,7JaoGF/qKHcI3my9SbI3yqM8M0Y=
-14,-12,dIjQQLoW0gYDa+x1pQVI6nNNyn8=,7JaoGF/qKHcI3my9SbI3yqM8M0Y=
-1,-14,dIjQQLoW0gYDa+x1pQVI6nNNyn8=,7JaoGF/qKHcI3my9SbI3yqM8M0Y=
-12,-12,dIjQQLoW0gYDa+x1pQVI6nNNyn8=,7JaoGF/qKHcI3my9SbI3yqM8M0Y=
-15,-12,dIjQQLoW0gYDa+x1pQVI6nNNyn8=,7JaoGF/qKHcI3my9SbI3yqM8M0Y=
-14,-15,dIjQQLoW0gYDa+x1pQVI6nNNyn8=,7JaoGF/qKHcI3my9SbI3yqM8M0Y=
-2,-13,dIjQQLoW0gYDa+x1pQVI6nNNyn8=,7JaoGF/qKHcI3my9SbI3yqM8M0Y=
-3,-13,dIjQQLoW0gYDa+x1pQVI6nNNyn8=,7JaoGF/qKHcI3my9SbI3yqM8M0Y=
-11,-16,dIjQQLoW0gYDa+x1pQVI6nNNyn8=,7JaoGF/qKHcI3my9SbI3yqM8M0Y=
-2,-14,dIjQQLoW0gYDa+x1pQVI6nNNyn8=,7JaoGF/qKHcI3my9SbI3yqM8M0Y=
-1,-13,dIjQQLoW0gYDa+x1pQVI6nNNyn8=,7JaoGF/qKHcI3my9SbI3yqM8M0Y=
-12,-16,dIjQQLoW0gYDa+x1pQVI6nNNyn8=,7JaoGF/qKHcI3my9SbI3yqM8M0Y=
-6,-12,dIjQQLoW0gYDa+x1pQVI6nNNyn8=,7JaoGF/qKHcI3my9SbI3yqM8M0Y=
-16,-12,dIjQQLoW0gYDa+x1pQVI6nNNyn8=,7JaoGF/qKHcI3my9SbI3yqM8M0Y=
-17,-17,kNJyjGa/e9afp38esqHIIYUTKCw=,4/rvsgQZO5YpNf4BEK6Px5r0VTg=
-19,-30,kNJyjGa/e9afp38esqHIIYUTKCw=,4/rvsgQZO5YpNf4BEK6Px5r0VTg=
-19,-17,kNJyjGa/e9afp38esqHIIYUTKCw=,4/rvsgQZO5YpNf4BEK6Px5r0VTg=
-18,-17,kNJyjGa/e9afp38esqHIIYUTKCw=,4/rvsgQZO5YpNf4BEK6Px5r0VTg=
-29,-32,kNJyjGa/e9afp38esqHIIYUTKCw=,4/rvsgQZO5YpNf4BEK6Px5r0VTg=
-22,-17,kNJyjGa/e9afp38esqHIIYUTKCw=,4/rvsgQZO5YpNf4BEK6Px5r0VTg=
-20,-17,kNJyjGa/e9afp38esqHIIYUTKCw=,4/rvsgQZO5YpNf4BEK6Px5r0VTg=
-23,-17,kNJyjGa/e9afp38esqHIIYUTKCw=,4/rvsgQZO5YpNf4BEK6Px5r0VTg=
-21,-17,kNJyjGa/e9afp38esqHIIYUTKCw=,4/rvsgQZO5YpNf4BEK6Px5r0VTg=
-24,-17,kNJyjGa/e9afp38esqHIIYUTKCw=,4/rvsgQZO5YpNf4BEK6Px5r0VTg=
-18,-30,kNJyjGa/e9afp38esqHIIYUTKCw=,4/rvsgQZO5YpNf4BEK6Px5r0VTg=
-25,-17,kNJyjGa/e9afp38esqHIIYUTKCw=,4/rvsgQZO5YpNf4BEK6Px5r0VTg=
-26,-17,kNJyjGa/e9afp38esqHIIYUTKCw=,4/rvsgQZO5YpNf4BEK6Px5r0VTg=
-17,-30,kNJyjGa/e9afp38esqHIIYUTKCw=,4/rvsgQZO5YpNf4BEK6Px5r0VTg=
-17,-31,kNJyjGa/e9afp38esqHIIYUTKCw=,4/rvsgQZO5YpNf4BEK6Px5r0VTg=
-18,-31,kNJyjGa/e9afp38esqHIIYUTKCw=,4/rvsgQZO5YpNf4BEK6Px5r0VTg=
-19,-31,kNJyjGa/e9afp38esqHIIYUTKCw=,4/rvsgQZO5YpNf4BEK6Px5r0VTg=
-20,-31,kNJyjGa/e9afp38esqHIIYUTKCw=,4/rvsgQZO5YpNf4BEK6Px5r0VTg=
-21,-31,kNJyjGa/e9afp38esqHIIYUTKCw=,4/rvsgQZO5YpNf4BEK6Px5r0VTg=
-22,-31,kNJyjGa/e9afp38esqHIIYUTKCw=,4/rvsgQZO5YpNf4BEK6Px5r0VTg=
-23,-31,kNJyjGa/e9afp38esqHIIYUTKCw=,4/rvsgQZO5YpNf4BEK6Px5r0VTg=
-24,-31,kNJyjGa/e9afp38esqHIIYUTKCw=,4/rvsgQZO5YpNf4BEK6Px5r0VTg=
-31,-17,kNJyjGa/e9afp38esqHIIYUTKCw=,4/rvsgQZO5YpNf4BEK6Px5r0VTg=
-31,-31,kNJyjGa/e9afp38esqHIIYUTKCw=,4/rvsgQZO5YpNf4BEK6Px5r0VTg=
-25,-31,kNJyjGa/e9afp38esqHIIYUTKCw=,4/rvsgQZO5YpNf4BEK6Px5r0VTg=
-26,-31,kNJyjGa/e9afp38esqHIIYUTKCw=,4/rvsgQZO5YpNf4BEK6Px5r0VTg=
-27,-31,kNJyjGa/e9afp38esqHIIYUTKCw=,4/rvsgQZO5YpNf4BEK6Px5r0VTg=
-28,-31,kNJyjGa/e9afp38esqHIIYUTKCw=,4/rvsgQZO5YpNf4BEK6Px5r0VTg=
-29,-31,kNJyjGa/e9afp38esqHIIYUTKCw=,4/rvsgQZO5YpNf4BEK6Px5r0VTg=
-32,-17,kNJyjGa/e9afp38esqHIIYUTKCw=,4/rvsgQZO5YpNf4BEK6Px5r0VTg=
-30,-31,kNJyjGa/e9afp38esqHIIYUTKCw=,4/rvsgQZO5YpNf4BEK6Px5r0VTg=
-17,-18,kNJyjGa/e9afp38esqHIIYUTKCw=,4/rvsgQZO5YpNf4BEK6Px5r0VTg=
-18,-18,kNJyjGa/e9afp38esqHIIYUTKCw=,4/rvsgQZO5YpNf4BEK6Px5r0VTg=
-30,-32,kNJyjGa/e9afp38esqHIIYUTKCw=,4/rvsgQZO5YpNf4BEK6Px5r0VTg=
-20,-30,kNJyjGa/e9afp38esqHIIYUTKCw=,4/rvsgQZO5YpNf4BEK6Px5r0VTg=
-32,-29,kNJyjGa/e9afp38esqHIIYUTKCw=,4/rvsgQZO5YpNf4BEK6Px5r0VTg=
-19,-18,kNJyjGa/e9afp38esqHIIYUTKCw=,4/rvsgQZO5YpNf4BEK6Px5r0VTg=
-20,-18,kNJyjGa/e9afp38esqHIIYUTKCw=,4/rvsgQZO5YpNf4BEK6Px5r0VTg=
-31,-29,kNJyjGa/e9afp38esqHIIYUTKCw=,4/rvsgQZO5YpNf4BEK6Px5r0VTg=
-21,-18,kNJyjGa/e9afp38esqHIIYUTKCw=,4/rvsgQZO5YpNf4BEK6Px5r0VTg=
-30,-29,kNJyjGa/e9afp38esqHIIYUTKCw=,4/rvsgQZO5YpNf4BEK6Px5r0VTg=
-22,-18,kNJyjGa/e9afp38esqHIIYUTKCw=,4/rvsgQZO5YpNf4BEK6Px5r0VTg=
-23,-18,kNJyjGa/e9afp38esqHIIYUTKCw=,4/rvsgQZO5YpNf4BEK6Px5r0VTg=
-27,-17,kNJyjGa/e9afp38esqHIIYUTKCw=,4/rvsgQZO5YpNf4BEK6Px5r0VTg=
-24,-18,kNJyjGa/e9afp38esqHIIYUTKCw=,4/rvsgQZO5YpNf4BEK6Px5r0VTg=
-30,-17,kNJyjGa/e9afp38esqHIIYUTKCw=,4/rvsgQZO5YpNf4BEK6Px5r0VTg=
-26,-18,kNJyjGa/e9afp38esqHIIYUTKCw=,4/rvsgQZO5YpNf4BEK6Px5r0VTg=
-29,-29,kNJyjGa/e9afp38esqHIIYUTKCw=,4/rvsgQZO5YpNf4BEK6Px5r0VTg=
-28,-29,kNJyjGa/e9afp38esqHIIYUTKCw=,4/rvsgQZO5YpNf4BEK6Px5r0VTg=
-32,-30,kNJyjGa/e9afp38esqHIIYUTKCw=,4/rvsgQZO5YpNf4BEK6Px5r0VTg=
-28,-32,kNJyjGa/e9afp38esqHIIYUTKCw=,4/rvsgQZO5YpNf4BEK6Px5r0VTg=
-27,-29,kNJyjGa/e9afp38esqHIIYUTKCw=,4/rvsgQZO5YpNf4BEK6Px5r0VTg=
-26,-29,kNJyjGa/e9afp38esqHIIYUTKCw=,4/rvsgQZO5YpNf4BEK6Px5r0VTg=
-25,-29,kNJyjGa/e9afp38esqHIIYUTKCw=,4/rvsgQZO5YpNf4BEK6Px5r0VTg=
-24,-29,kNJyjGa/e9afp38esqHIIYUTKCw=,4/rvsgQZO5YpNf4BEK6Px5r0VTg=
-23,-29,kNJyjGa/e9afp38esqHIIYUTKCw=,4/rvsgQZO5YpNf4BEK6Px5r0VTg=
-22,-29,kNJyjGa/e9afp38esqHIIYUTKCw=,4/rvsgQZO5YpNf4BEK6Px5r0VTg=
-21,-29,kNJyjGa/e9afp38esqHIIYUTKCw=,4/rvsgQZO5YpNf4BEK6Px5r0VTg=
-20,-29,kNJyjGa/e9afp38esqHIIYUTKCw=,4/rvsgQZO5YpNf4BEK6Px5r0VTg=
-19,-29,kNJyjGa/e9afp38esqHIIYUTKCw=,4/rvsgQZO5YpNf4BEK6Px5r0VTg=
-32,-32,kNJyjGa/e9afp38esqHIIYUTKCw=,4/rvsgQZO5YpNf4BEK6Px5r0VTg=
-18,-29,kNJyjGa/e9afp38esqHIIYUTKCw=,4/rvsgQZO5YpNf4BEK6Px5r0VTg=
-17,-29,kNJyjGa/e9afp38esqHIIYUTKCw=,4/rvsgQZO5YpNf4BEK6Px5r0VTg=
-31,-30,kNJyjGa/e9afp38esqHIIYUTKCw=,4/rvsgQZO5YpNf4BEK6Px5r0VTg=
-25,-18,kNJyjGa/e9afp38esqHIIYUTKCw=,4/rvsgQZO5YpNf4BEK6Px5r0VTg=
-28,-17,kNJyjGa/e9afp38esqHIIYUTKCw=,4/rvsgQZO5YpNf4BEK6Px5r0VTg=
-29,-17,kNJyjGa/e9afp38esqHIIYUTKCw=,4/rvsgQZO5YpNf4BEK6Px5r0VTg=
-31,-18,kNJyjGa/e9afp38esqHIIYUTKCw=,4/rvsgQZO5YpNf4BEK6Px5r0VTg=
-32,-18,kNJyjGa/e9afp38esqHIIYUTKCw=,4/rvsgQZO5YpNf4BEK6Px5r0VTg=
-17,-19,kNJyjGa/e9afp38esqHIIYUTKCw=,4/rvsgQZO5YpNf4BEK6Px5r0VTg=
-18,-19,kNJyjGa/e9afp38esqHIIYUTKCw=,4/rvsgQZO5YpNf4BEK6Px5r0VTg=
-32,-31,kNJyjGa/e9afp38esqHIIYUTKCw=,4/rvsgQZO5YpNf4BEK6Px5r0VTg=
-17,-32,kNJyjGa/e9afp38esqHIIYUTKCw=,4/rvsgQZO5YpNf4BEK6Px5r0VTg=
-19,-19,kNJyjGa/e9afp38esqHIIYUTKCw=,4/rvsgQZO5YpNf4BEK6Px5r0VTg=
-21,-30,kNJyjGa/e9afp38esqHIIYUTKCw=,4/rvsgQZO5YpNf4BEK6Px5r0VTg=
-21,-19,kNJyjGa/e9afp38esqHIIYUTKCw=,4/rvsgQZO5YpNf4BEK6Px5r0VTg=
-20,-19,kNJyjGa/e9afp38esqHIIYUTKCw=,4/rvsgQZO5YpNf4BEK6Px5r0VTg=
-22,-19,kNJyjGa/e9afp38esqHIIYUTKCw=,4/rvsgQZO5YpNf4BEK6Px5r0VTg=
-23,-19,kNJyjGa/e9afp38esqHIIYUTKCw=,4/rvsgQZO5YpNf4BEK6Px5r0VTg=
-24,-19,kNJyjGa/e9afp38esqHIIYUTKCw=,4/rvsgQZO5YpNf4BEK6Px5r0VTg=
-26,-19,kNJyjGa/e9afp38esqHIIYUTKCw=,4/rvsgQZO5YpNf4BEK6Px5r0VTg=
-25,-19,kNJyjGa/e9afp38esqHIIYUTKCw=,4/rvsgQZO5YpNf4BEK6Px5r0VTg=
-27,-19,kNJyjGa/e9afp38esqHIIYUTKCw=,4/rvsgQZO5YpNf4BEK6Px5r0VTg=
-27,-18,kNJyjGa/e9afp38esqHIIYUTKCw=,4/rvsgQZO5YpNf4BEK6Px5r0VTg=
-29,-18,kNJyjGa/e9afp38esqHIIYUTKCw=,4/rvsgQZO5YpNf4BEK6Px5r0VTg=
-31,-19,kNJyjGa/e9afp38esqHIIYUTKCw=,4/rvsgQZO5YpNf4BEK6Px5r0VTg=
-32,-19,kNJyjGa/e9afp38esqHIIYUTKCw=,4/rvsgQZO5YpNf4BEK6Px5r0VTg=
-31,-32,kNJyjGa/e9afp38esqHIIYUTKCw=,4/rvsgQZO5YpNf4BEK6Px5r0VTg=
-17,-20,kNJyjGa/e9afp38esqHIIYUTKCw=,4/rvsgQZO5YpNf4BEK6Px5r0VTg=
-18,-20,kNJyjGa/e9afp38esqHIIYUTKCw=,4/rvsgQZO5YpNf4BEK6Px5r0VTg=
-19,-20,kNJyjGa/e9afp38esqHIIYUTKCw=,4/rvsgQZO5YpNf4BEK6Px5r0VTg=
-30,-19,kNJyjGa/e9afp38esqHIIYUTKCw=,4/rvsgQZO5YpNf4BEK6Px5r0VTg=
-18,-32,kNJyjGa/e9afp38esqHIIYUTKCw=,4/rvsgQZO5YpNf4BEK6Px5r0VTg=
-20,-20,kNJyjGa/e9afp38esqHIIYUTKCw=,4/rvsgQZO5YpNf4BEK6Px5r0VTg=
-22,-30,kNJyjGa/e9afp38esqHIIYUTKCw=,4/rvsgQZO5YpNf4BEK6Px5r0VTg=
-21,-20,kNJyjGa/e9afp38esqHIIYUTKCw=,4/rvsgQZO5YpNf4BEK6Px5r0VTg=
-23,-20,kNJyjGa/e9afp38esqHIIYUTKCw=,4/rvsgQZO5YpNf4BEK6Px5r0VTg=
-22,-20,kNJyjGa/e9afp38esqHIIYUTKCw=,4/rvsgQZO5YpNf4BEK6Px5r0VTg=
-28,-18,kNJyjGa/e9afp38esqHIIYUTKCw=,4/rvsgQZO5YpNf4BEK6Px5r0VTg=
-24,-20,kNJyjGa/e9afp38esqHIIYUTKCw=,4/rvsgQZO5YpNf4BEK6Px5r0VTg=
-27,-20,kNJyjGa/e9afp38esqHIIYUTKCw=,4/rvsgQZO5YpNf4BEK6Px5r0VTg=
-30,-18,kNJyjGa/e9afp38esqHIIYUTKCw=,4/rvsgQZO5YpNf4BEK6Px5r0VTg=
-32,-28,kNJyjGa/e9afp38esqHIIYUTKCw=,4/rvsgQZO5YpNf4BEK6Px5r0VTg=
-28,-20,kNJyjGa/e9afp38esqHIIYUTKCw=,4/rvsgQZO5YpNf4BEK6Px5r0VTg=
-30,-20,kNJyjGa/e9afp38esqHIIYUTKCw=,4/rvsgQZO5YpNf4BEK6Px5r0VTg=
-31,-20,kNJyjGa/e9afp38esqHIIYUTKCw=,4/rvsgQZO5YpNf4BEK6Px5r0VTg=
-32,-20,kNJyjGa/e9afp38esqHIIYUTKCw=,4/rvsgQZO5YpNf4BEK6Px5r0VTg=
-17,-21,kNJyjGa/e9afp38esqHIIYUTKCw=,4/rvsgQZO5YpNf4BEK6Px5r0VTg=
-18,-21,kNJyjGa/e9afp38esqHIIYUTKCw=,4/rvsgQZO5YpNf4BEK6Px5r0VTg=
-19,-21,kNJyjGa/e9afp38esqHIIYUTKCw=,4/rvsgQZO5YpNf4BEK6Px5r0VTg=
-20,-21,kNJyjGa/e9afp38esqHIIYUTKCw=,4/rvsgQZO5YpNf4BEK6Px5r0VTg=
-21,-21,kNJyjGa/e9afp38esqHIIYUTKCw=,4/rvsgQZO5YpNf4BEK6Px5r0VTg=
-19,-32,kNJyjGa/e9afp38esqHIIYUTKCw=,4/rvsgQZO5YpNf4BEK6Px5r0VTg=
-29,-19,kNJyjGa/e9afp38esqHIIYUTKCw=,4/rvsgQZO5YpNf4BEK6Px5r0VTg=
-23,-30,kNJyjGa/e9afp38esqHIIYUTKCw=,4/rvsgQZO5YpNf4BEK6Px5r0VTg=
-22,-21,kNJyjGa/e9afp38esqHIIYUTKCw=,4/rvsgQZO5YpNf4BEK6Px5r0VTg=
-28,-19,kNJyjGa/e9afp38esqHIIYUTKCw=,4/rvsgQZO5YpNf4BEK6Px5r0VTg=
-23,-21,kNJyjGa/e9afp38esqHIIYUTKCw=,4/rvsgQZO5YpNf4BEK6Px5r0VTg=
-29,-20,kNJyjGa/e9afp38esqHIIYUTKCw=,4/rvsgQZO5YpNf4BEK6Px5r0VTg=
-25,-20,kNJyjGa/e9afp38esqHIIYUTKCw=,4/rvsgQZO5YpNf4BEK6Px5r0VTg=
-28,-21,kNJyjGa/e9afp38esqHIIYUTKCw=,4/rvsgQZO5YpNf4BEK6Px5r0VTg=
-29,-21,kNJyjGa/e9afp38esqHIIYUTKCw=,4/rvsgQZO5YpNf4BEK6Px5r0VTg=
-30,-21,kNJyjGa/e9afp38esqHIIYUTKCw=,4/rvsgQZO5YpNf4BEK6Px5r0VTg=
-31,-21,kNJyjGa/e9afp38esqHIIYUTKCw=,4/rvsgQZO5YpNf4BEK6Px5r0VTg=
-32,-21,kNJyjGa/e9afp38esqHIIYUTKCw=,4/rvsgQZO5YpNf4BEK6Px5r0VTg=
-17,-22,kNJyjGa/e9afp38esqHIIYUTKCw=,4/rvsgQZO5YpNf4BEK6Px5r0VTg=
-18,-22,kNJyjGa/e9afp38esqHIIYUTKCw=,4/rvsgQZO5YpNf4BEK6Px5r0VTg=
-19,-22,kNJyjGa/e9afp38esqHIIYUTKCw=,4/rvsgQZO5YpNf4BEK6Px5r0VTg=
-20,-22,kNJyjGa/e9afp38esqHIIYUTKCw=,4/rvsgQZO5YpNf4BEK6Px5r0VTg=
-21,-22,kNJyjGa/e9afp38esqHIIYUTKCw=,4/rvsgQZO5YpNf4BEK6Px5r0VTg=
-22,-22,kNJyjGa/e9afp38esqHIIYUTKCw=,4/rvsgQZO5YpNf4BEK6Px5r0VTg=
-20,-32,kNJyjGa/e9afp38esqHIIYUTKCw=,4/rvsgQZO5YpNf4BEK6Px5r0VTg=
-24,-30,kNJyjGa/e9afp38esqHIIYUTKCw=,4/rvsgQZO5YpNf4BEK6Px5r0VTg=
-23,-22,kNJyjGa/e9afp38esqHIIYUTKCw=,4/rvsgQZO5YpNf4BEK6Px5r0VTg=
-26,-20,kNJyjGa/e9afp38esqHIIYUTKCw=,4/rvsgQZO5YpNf4BEK6Px5r0VTg=
-27,-21,kNJyjGa/e9afp38esqHIIYUTKCw=,4/rvsgQZO5YpNf4BEK6Px5r0VTg=
-24,-22,kNJyjGa/e9afp38esqHIIYUTKCw=,4/rvsgQZO5YpNf4BEK6Px5r0VTg=
-24,-21,kNJyjGa/e9afp38esqHIIYUTKCw=,4/rvsgQZO5YpNf4BEK6Px5r0VTg=
-28,-22,kNJyjGa/e9afp38esqHIIYUTKCw=,4/rvsgQZO5YpNf4BEK6Px5r0VTg=
-29,-22,kNJyjGa/e9afp38esqHIIYUTKCw=,4/rvsgQZO5YpNf4BEK6Px5r0VTg=
-30,-22,kNJyjGa/e9afp38esqHIIYUTKCw=,4/rvsgQZO5YpNf4BEK6Px5r0VTg=
-32,-22,kNJyjGa/e9afp38esqHIIYUTKCw=,4/rvsgQZO5YpNf4BEK6Px5r0VTg=
-17,-23,kNJyjGa/e9afp38esqHIIYUTKCw=,4/rvsgQZO5YpNf4BEK6Px5r0VTg=
-18,-23,kNJyjGa/e9afp38esqHIIYUTKCw=,4/rvsgQZO5YpNf4BEK6Px5r0VTg=
-19,-23,kNJyjGa/e9afp38esqHIIYUTKCw=,4/rvsgQZO5YpNf4BEK6Px5r0VTg=
-20,-23,kNJyjGa/e9afp38esqHIIYUTKCw=,4/rvsgQZO5YpNf4BEK6Px5r0VTg=
-21,-23,kNJyjGa/e9afp38esqHIIYUTKCw=,4/rvsgQZO5YpNf4BEK6Px5r0VTg=
-22,-23,kNJyjGa/e9afp38esqHIIYUTKCw=,4/rvsgQZO5YpNf4BEK6Px5r0VTg=
-23,-23,kNJyjGa/e9afp38esqHIIYUTKCw=,4/rvsgQZO5YpNf4BEK6Px5r0VTg=
-21,-32,kNJyjGa/e9afp38esqHIIYUTKCw=,4/rvsgQZO5YpNf4BEK6Px5r0VTg=
-25,-30,kNJyjGa/e9afp38esqHIIYUTKCw=,4/rvsgQZO5YpNf4BEK6Px5r0VTg=
-27,-22,kNJyjGa/e9afp38esqHIIYUTKCw=,4/rvsgQZO5YpNf4BEK6Px5r0VTg=
-26,-21,kNJyjGa/e9afp38esqHIIYUTKCw=,4/rvsgQZO5YpNf4BEK6Px5r0VTg=
-25,-21,kNJyjGa/e9afp38esqHIIYUTKCw=,4/rvsgQZO5YpNf4BEK6Px5r0VTg=
-31,-28,kNJyjGa/e9afp38esqHIIYUTKCw=,4/rvsgQZO5YpNf4BEK6Px5r0VTg=
-27,-23,kNJyjGa/e9afp38esqHIIYUTKCw=,4/rvsgQZO5YpNf4BEK6Px5r0VTg=
-28,-23,kNJyjGa/e9afp38esqHIIYUTKCw=,4/rvsgQZO5YpNf4BEK6Px5r0VTg=
-29,-23,kNJyjGa/e9afp38esqHIIYUTKCw=,4/rvsgQZO5YpNf4BEK6Px5r0VTg=
-30,-23,kNJyjGa/e9afp38esqHIIYUTKCw=,4/rvsgQZO5YpNf4BEK6Px5r0VTg=
-24,-23,kNJyjGa/e9afp38esqHIIYUTKCw=,4/rvsgQZO5YpNf4BEK6Px5r0VTg=
-31,-23,kNJyjGa/e9afp38esqHIIYUTKCw=,4/rvsgQZO5YpNf4BEK6Px5r0VTg=
-32,-23,kNJyjGa/e9afp38esqHIIYUTKCw=,4/rvsgQZO5YpNf4BEK6Px5r0VTg=
-17,-24,kNJyjGa/e9afp38esqHIIYUTKCw=,4/rvsgQZO5YpNf4BEK6Px5r0VTg=
-18,-24,kNJyjGa/e9afp38esqHIIYUTKCw=,4/rvsgQZO5YpNf4BEK6Px5r0VTg=
-19,-24,kNJyjGa/e9afp38esqHIIYUTKCw=,4/rvsgQZO5YpNf4BEK6Px5r0VTg=
-20,-24,kNJyjGa/e9afp38esqHIIYUTKCw=,4/rvsgQZO5YpNf4BEK6Px5r0VTg=
-21,-24,kNJyjGa/e9afp38esqHIIYUTKCw=,4/rvsgQZO5YpNf4BEK6Px5r0VTg=
-22,-24,kNJyjGa/e9afp38esqHIIYUTKCw=,4/rvsgQZO5YpNf4BEK6Px5r0VTg=
-23,-24,kNJyjGa/e9afp38esqHIIYUTKCw=,4/rvsgQZO5YpNf4BEK6Px5r0VTg=
-22,-32,kNJyjGa/e9afp38esqHIIYUTKCw=,4/rvsgQZO5YpNf4BEK6Px5r0VTg=
-24,-24,kNJyjGa/e9afp38esqHIIYUTKCw=,4/rvsgQZO5YpNf4BEK6Px5r0VTg=
-26,-30,kNJyjGa/e9afp38esqHIIYUTKCw=,4/rvsgQZO5YpNf4BEK6Px5r0VTg=
-25,-24,kNJyjGa/e9afp38esqHIIYUTKCw=,4/rvsgQZO5YpNf4BEK6Px5r0VTg=
-26,-24,kNJyjGa/e9afp38esqHIIYUTKCw=,4/rvsgQZO5YpNf4BEK6Px5r0VTg=
-25,-22,kNJyjGa/e9afp38esqHIIYUTKCw=,4/rvsgQZO5YpNf4BEK6Px5r0VTg=
-26,-22,kNJyjGa/e9afp38esqHIIYUTKCw=,4/rvsgQZO5YpNf4BEK6Px5r0VTg=
-29,-24,kNJyjGa/e9afp38esqHIIYUTKCw=,4/rvsgQZO5YpNf4BEK6Px5r0VTg=
-30,-24,kNJyjGa/e9afp38esqHIIYUTKCw=,4/rvsgQZO5YpNf4BEK6Px5r0VTg=
-32,-24,kNJyjGa/e9afp38esqHIIYUTKCw=,4/rvsgQZO5YpNf4BEK6Px5r0VTg=
-31,-22,kNJyjGa/e9afp38esqHIIYUTKCw=,4/rvsgQZO5YpNf4BEK6Px5r0VTg=
-31,-24,kNJyjGa/e9afp38esqHIIYUTKCw=,4/rvsgQZO5YpNf4BEK6Px5r0VTg=
-17,-25,kNJyjGa/e9afp38esqHIIYUTKCw=,4/rvsgQZO5YpNf4BEK6Px5r0VTg=
-18,-25,kNJyjGa/e9afp38esqHIIYUTKCw=,4/rvsgQZO5YpNf4BEK6Px5r0VTg=
-19,-25,kNJyjGa/e9afp38esqHIIYUTKCw=,4/rvsgQZO5YpNf4BEK6Px5r0VTg=
-20,-25,kNJyjGa/e9afp38esqHIIYUTKCw=,4/rvsgQZO5YpNf4BEK6Px5r0VTg=
-21,-25,kNJyjGa/e9afp38esqHIIYUTKCw=,4/rvsgQZO5YpNf4BEK6Px5r0VTg=
-22,-25,kNJyjGa/e9afp38esqHIIYUTKCw=,4/rvsgQZO5YpNf4BEK6Px5r0VTg=
-23,-25,kNJyjGa/e9afp38esqHIIYUTKCw=,4/rvsgQZO5YpNf4BEK6Px5r0VTg=
-24,-25,kNJyjGa/e9afp38esqHIIYUTKCw=,4/rvsgQZO5YpNf4BEK6Px5r0VTg=
-23,-32,kNJyjGa/e9afp38esqHIIYUTKCw=,4/rvsgQZO5YpNf4BEK6Px5r0VTg=
-26,-23,kNJyjGa/e9afp38esqHIIYUTKCw=,4/rvsgQZO5YpNf4BEK6Px5r0VTg=
-27,-30,kNJyjGa/e9afp38esqHIIYUTKCw=,4/rvsgQZO5YpNf4BEK6Px5r0VTg=
-26,-25,kNJyjGa/e9afp38esqHIIYUTKCw=,4/rvsgQZO5YpNf4BEK6Px5r0VTg=
-27,-24,kNJyjGa/e9afp38esqHIIYUTKCw=,4/rvsgQZO5YpNf4BEK6Px5r0VTg=
-25,-25,kNJyjGa/e9afp38esqHIIYUTKCw=,4/rvsgQZO5YpNf4BEK6Px5r0VTg=
-30,-25,kNJyjGa/e9afp38esqHIIYUTKCw=,4/rvsgQZO5YpNf4BEK6Px5r0VTg=
-31,-25,kNJyjGa/e9afp38esqHIIYUTKCw=,4/rvsgQZO5YpNf4BEK6Px5r0VTg=
-32,-25,kNJyjGa/e9afp38esqHIIYUTKCw=,4/rvsgQZO5YpNf4BEK6Px5r0VTg=
-17,-26,kNJyjGa/e9afp38esqHIIYUTKCw=,4/rvsgQZO5YpNf4BEK6Px5r0VTg=
-18,-26,kNJyjGa/e9afp38esqHIIYUTKCw=,4/rvsgQZO5YpNf4BEK6Px5r0VTg=
-19,-26,kNJyjGa/e9afp38esqHIIYUTKCw=,4/rvsgQZO5YpNf4BEK6Px5r0VTg=
-20,-26,kNJyjGa/e9afp38esqHIIYUTKCw=,4/rvsgQZO5YpNf4BEK6Px5r0VTg=
-21,-26,kNJyjGa/e9afp38esqHIIYUTKCw=,4/rvsgQZO5YpNf4BEK6Px5r0VTg=
-25,-23,kNJyjGa/e9afp38esqHIIYUTKCw=,4/rvsgQZO5YpNf4BEK6Px5r0VTg=
-22,-26,kNJyjGa/e9afp38esqHIIYUTKCw=,4/rvsgQZO5YpNf4BEK6Px5r0VTg=
-24,-26,kNJyjGa/e9afp38esqHIIYUTKCw=,4/rvsgQZO5YpNf4BEK6Px5r0VTg=
-23,-26,kNJyjGa/e9afp38esqHIIYUTKCw=,4/rvsgQZO5YpNf4BEK6Px5r0VTg=
-25,-26,kNJyjGa/e9afp38esqHIIYUTKCw=,4/rvsgQZO5YpNf4BEK6Px5r0VTg=
-24,-32,kNJyjGa/e9afp38esqHIIYUTKCw=,4/rvsgQZO5YpNf4BEK6Px5r0VTg=
-26,-26,kNJyjGa/e9afp38esqHIIYUTKCw=,4/rvsgQZO5YpNf4BEK6Px5r0VTg=
-28,-30,kNJyjGa/e9afp38esqHIIYUTKCw=,4/rvsgQZO5YpNf4BEK6Px5r0VTg=
-30,-28,kNJyjGa/e9afp38esqHIIYUTKCw=,4/rvsgQZO5YpNf4BEK6Px5r0VTg=
-28,-24,kNJyjGa/e9afp38esqHIIYUTKCw=,4/rvsgQZO5YpNf4BEK6Px5r0VTg=
-29,-25,kNJyjGa/e9afp38esqHIIYUTKCw=,4/rvsgQZO5YpNf4BEK6Px5r0VTg=
-28,-25,kNJyjGa/e9afp38esqHIIYUTKCw=,4/rvsgQZO5YpNf4BEK6Px5r0VTg=
-31,-26,kNJyjGa/e9afp38esqHIIYUTKCw=,4/rvsgQZO5YpNf4BEK6Px5r0VTg=
-32,-26,kNJyjGa/e9afp38esqHIIYUTKCw=,4/rvsgQZO5YpNf4BEK6Px5r0VTg=
-17,-27,kNJyjGa/e9afp38esqHIIYUTKCw=,4/rvsgQZO5YpNf4BEK6Px5r0VTg=
-18,-27,kNJyjGa/e9afp38esqHIIYUTKCw=,4/rvsgQZO5YpNf4BEK6Px5r0VTg=
-19,-27,kNJyjGa/e9afp38esqHIIYUTKCw=,4/rvsgQZO5YpNf4BEK6Px5r0VTg=
-20,-27,kNJyjGa/e9afp38esqHIIYUTKCw=,4/rvsgQZO5YpNf4BEK6Px5r0VTg=
-21,-27,kNJyjGa/e9afp38esqHIIYUTKCw=,4/rvsgQZO5YpNf4BEK6Px5r0VTg=
-27,-25,kNJyjGa/e9afp38esqHIIYUTKCw=,4/rvsgQZO5YpNf4BEK6Px5r0VTg=
-22,-27,kNJyjGa/e9afp38esqHIIYUTKCw=,4/rvsgQZO5YpNf4BEK6Px5r0VTg=
-23,-27,kNJyjGa/e9afp38esqHIIYUTKCw=,4/rvsgQZO5YpNf4BEK6Px5r0VTg=
-24,-27,kNJyjGa/e9afp38esqHIIYUTKCw=,4/rvsgQZO5YpNf4BEK6Px5r0VTg=
-25,-27,kNJyjGa/e9afp38esqHIIYUTKCw=,4/rvsgQZO5YpNf4BEK6Px5r0VTg=
-26,-27,kNJyjGa/e9afp38esqHIIYUTKCw=,4/rvsgQZO5YpNf4BEK6Px5r0VTg=
-25,-32,kNJyjGa/e9afp38esqHIIYUTKCw=,4/rvsgQZO5YpNf4BEK6Px5r0VTg=
-29,-30,kNJyjGa/e9afp38esqHIIYUTKCw=,4/rvsgQZO5YpNf4BEK6Px5r0VTg=
-27,-26,kNJyjGa/e9afp38esqHIIYUTKCw=,4/rvsgQZO5YpNf4BEK6Px5r0VTg=
-27,-27,kNJyjGa/e9afp38esqHIIYUTKCw=,4/rvsgQZO5YpNf4BEK6Px5r0VTg=
-28,-26,kNJyjGa/e9afp38esqHIIYUTKCw=,4/rvsgQZO5YpNf4BEK6Px5r0VTg=
-29,-26,kNJyjGa/e9afp38esqHIIYUTKCw=,4/rvsgQZO5YpNf4BEK6Px5r0VTg=
-29,-28,kNJyjGa/e9afp38esqHIIYUTKCw=,4/rvsgQZO5YpNf4BEK6Px5r0VTg=
-30,-30,kNJyjGa/e9afp38esqHIIYUTKCw=,4/rvsgQZO5YpNf4BEK6Px5r0VTg=
-31,-27,kNJyjGa/e9afp38esqHIIYUTKCw=,4/rvsgQZO5YpNf4BEK6Px5r0VTg=
-26,-32,kNJyjGa/e9afp38esqHIIYUTKCw=,4/rvsgQZO5YpNf4BEK6Px5r0VTg=
-17,-28,kNJyjGa/e9afp38esqHIIYUTKCw=,4/rvsgQZO5YpNf4BEK6Px5r0VTg=
-18,-28,kNJyjGa/e9afp38esqHIIYUTKCw=,4/rvsgQZO5YpNf4BEK6Px5r0VTg=
-19,-28,kNJyjGa/e9afp38esqHIIYUTKCw=,4/rvsgQZO5YpNf4BEK6Px5r0VTg=
-20,-28,kNJyjGa/e9afp38esqHIIYUTKCw=,4/rvsgQZO5YpNf4BEK6Px5r0VTg=
-21,-28,kNJyjGa/e9afp38esqHIIYUTKCw=,4/rvsgQZO5YpNf4BEK6Px5r0VTg=
-23,-28,kNJyjGa/e9afp38esqHIIYUTKCw=,4/rvsgQZO5YpNf4BEK6Px5r0VTg=
-24,-28,kNJyjGa/e9afp38esqHIIYUTKCw=,4/rvsgQZO5YpNf4BEK6Px5r0VTg=
-22,-28,kNJyjGa/e9afp38esqHIIYUTKCw=,4/rvsgQZO5YpNf4BEK6Px5r0VTg=
-25,-28,kNJyjGa/e9afp38esqHIIYUTKCw=,4/rvsgQZO5YpNf4BEK6Px5r0VTg=
-26,-28,kNJyjGa/e9afp38esqHIIYUTKCw=,4/rvsgQZO5YpNf4BEK6Px5r0VTg=
-30,-26,kNJyjGa/e9afp38esqHIIYUTKCw=,4/rvsgQZO5YpNf4BEK6Px5r0VTg=
-27,-32,kNJyjGa/e9afp38esqHIIYUTKCw=,4/rvsgQZO5YpNf4BEK6Px5r0VTg=
-28,-27,kNJyjGa/e9afp38esqHIIYUTKCw=,4/rvsgQZO5YpNf4BEK6Px5r0VTg=
-27,-28,kNJyjGa/e9afp38esqHIIYUTKCw=,4/rvsgQZO5YpNf4BEK6Px5r0VTg=
-29,-27,kNJyjGa/e9afp38esqHIIYUTKCw=,4/rvsgQZO5YpNf4BEK6Px5r0VTg=
-32,-27,kNJyjGa/e9afp38esqHIIYUTKCw=,4/rvsgQZO5YpNf4BEK6Px5r0VTg=
-28,-28,kNJyjGa/e9afp38esqHIIYUTKCw=,4/rvsgQZO5YpNf4BEK6Px5r0VTg=
-30,-27,kNJyjGa/e9afp38esqHIIYUTKCw=,4/rvsgQZO5YpNf4BEK6Px5r0VTg=
-17,-1,kNJyjGa/e9afp38esqHIIYUTKCw=,++rxbOgvlcpJ5FCYKSDdbhjnTBQ=
-19,-14,kNJyjGa/e9afp38esqHIIYUTKCw=,++rxbOgvlcpJ5FCYKSDdbhjnTBQ=
-20,-14,kNJyjGa/e9afp38esqHIIYUTKCw=,++rxbOgvlcpJ5FCYKSDdbhjnTBQ=
-17,-15,kNJyjGa/e9afp38esqHIIYUTKCw=,++rxbOgvlcpJ5FCYKSDdbhjnTBQ=
-23,-14,kNJyjGa/e9afp38esqHIIYUTKCw=,++rxbOgvlcpJ5FCYKSDdbhjnTBQ=
-21,-14,kNJyjGa/e9afp38esqHIIYUTKCw=,++rxbOgvlcpJ5FCYKSDdbhjnTBQ=
-20,-13,kNJyjGa/e9afp38esqHIIYUTKCw=,++rxbOgvlcpJ5FCYKSDdbhjnTBQ=
-24,-14,kNJyjGa/e9afp38esqHIIYUTKCw=,++rxbOgvlcpJ5FCYKSDdbhjnTBQ=
-25,-14,kNJyjGa/e9afp38esqHIIYUTKCw=,++rxbOgvlcpJ5FCYKSDdbhjnTBQ=
-18,-14,kNJyjGa/e9afp38esqHIIYUTKCw=,++rxbOgvlcpJ5FCYKSDdbhjnTBQ=
-26,-14,kNJyjGa/e9afp38esqHIIYUTKCw=,++rxbOgvlcpJ5FCYKSDdbhjnTBQ=
-28,-16,kNJyjGa/e9afp38esqHIIYUTKCw=,++rxbOgvlcpJ5FCYKSDdbhjnTBQ=
-22,-14,kNJyjGa/e9afp38esqHIIYUTKCw=,++rxbOgvlcpJ5FCYKSDdbhjnTBQ=
-19,-13,kNJyjGa/e9afp38esqHIIYUTKCw=,++rxbOgvlcpJ5FCYKSDdbhjnTBQ=
-18,-13,kNJyjGa/e9afp38esqHIIYUTKCw=,++rxbOgvlcpJ5FCYKSDdbhjnTBQ=
-27,-14,kNJyjGa/e9afp38esqHIIYUTKCw=,++rxbOgvlcpJ5FCYKSDdbhjnTBQ=
-28,-14,kNJyjGa/e9afp38esqHIIYUTKCw=,++rxbOgvlcpJ5FCYKSDdbhjnTBQ=
-17,-13,kNJyjGa/e9afp38esqHIIYUTKCw=,++rxbOgvlcpJ5FCYKSDdbhjnTBQ=
-32,-12,kNJyjGa/e9afp38esqHIIYUTKCw=,++rxbOgvlcpJ5FCYKSDdbhjnTBQ=
-18,-1,kNJyjGa/e9afp38esqHIIYUTKCw=,++rxbOgvlcpJ5FCYKSDdbhjnTBQ=
-29,-14,kNJyjGa/e9afp38esqHIIYUTKCw=,++rxbOgvlcpJ5FCYKSDdbhjnTBQ=
-27,-16,kNJyjGa/e9afp38esqHIIYUTKCw=,++rxbOgvlcpJ5FCYKSDdbhjnTBQ=
-19,-1,kNJyjGa/e9afp38esqHIIYUTKCw=,++rxbOgvlcpJ5FCYKSDdbhjnTBQ=
-21,-1,kNJyjGa/e9afp38esqHIIYUTKCw=,++rxbOgvlcpJ5FCYKSDdbhjnTBQ=
-20,-1,kNJyjGa/e9afp38esqHIIYUTKCw=,++rxbOgvlcpJ5FCYKSDdbhjnTBQ=
-21,-13,kNJyjGa/e9afp38esqHIIYUTKCw=,++rxbOgvlcpJ5FCYKSDdbhjnTBQ=
-23,-1,kNJyjGa/e9afp38esqHIIYUTKCw=,++rxbOgvlcpJ5FCYKSDdbhjnTBQ=
-30,-15,kNJyjGa/e9afp38esqHIIYUTKCw=,++rxbOgvlcpJ5FCYKSDdbhjnTBQ=
-31,-12,kNJyjGa/e9afp38esqHIIYUTKCw=,++rxbOgvlcpJ5FCYKSDdbhjnTBQ=
-30,-14,kNJyjGa/e9afp38esqHIIYUTKCw=,++rxbOgvlcpJ5FCYKSDdbhjnTBQ=
-31,-14,kNJyjGa/e9afp38esqHIIYUTKCw=,++rxbOgvlcpJ5FCYKSDdbhjnTBQ=
-22,-1,kNJyjGa/e9afp38esqHIIYUTKCw=,++rxbOgvlcpJ5FCYKSDdbhjnTBQ=
-30,-12,kNJyjGa/e9afp38esqHIIYUTKCw=,++rxbOgvlcpJ5FCYKSDdbhjnTBQ=
-32,-14,kNJyjGa/e9afp38esqHIIYUTKCw=,++rxbOgvlcpJ5FCYKSDdbhjnTBQ=
-25,-1,kNJyjGa/e9afp38esqHIIYUTKCw=,++rxbOgvlcpJ5FCYKSDdbhjnTBQ=
-27,-1,kNJyjGa/e9afp38esqHIIYUTKCw=,++rxbOgvlcpJ5FCYKSDdbhjnTBQ=
-24,-1,kNJyjGa/e9afp38esqHIIYUTKCw=,++rxbOgvlcpJ5FCYKSDdbhjnTBQ=
-28,-1,kNJyjGa/e9afp38esqHIIYUTKCw=,++rxbOgvlcpJ5FCYKSDdbhjnTBQ=
-26,-1,kNJyjGa/e9afp38esqHIIYUTKCw=,++rxbOgvlcpJ5FCYKSDdbhjnTBQ=
-29,-16,kNJyjGa/e9afp38esqHIIYUTKCw=,++rxbOgvlcpJ5FCYKSDdbhjnTBQ=
-29,-1,kNJyjGa/e9afp38esqHIIYUTKCw=,++rxbOgvlcpJ5FCYKSDdbhjnTBQ=
-30,-1,kNJyjGa/e9afp38esqHIIYUTKCw=,++rxbOgvlcpJ5FCYKSDdbhjnTBQ=
-31,-1,kNJyjGa/e9afp38esqHIIYUTKCw=,++rxbOgvlcpJ5FCYKSDdbhjnTBQ=
-22,-13,kNJyjGa/e9afp38esqHIIYUTKCw=,++rxbOgvlcpJ5FCYKSDdbhjnTBQ=
-32,-1,kNJyjGa/e9afp38esqHIIYUTKCw=,++rxbOgvlcpJ5FCYKSDdbhjnTBQ=
-18,-15,kNJyjGa/e9afp38esqHIIYUTKCw=,++rxbOgvlcpJ5FCYKSDdbhjnTBQ=
-29,-12,kNJyjGa/e9afp38esqHIIYUTKCw=,++rxbOgvlcpJ5FCYKSDdbhjnTBQ=
-17,-2,kNJyjGa/e9afp38esqHIIYUTKCw=,++rxbOgvlcpJ5FCYKSDdbhjnTBQ=
-30,-16,kNJyjGa/e9afp38esqHIIYUTKCw=,++rxbOgvlcpJ5FCYKSDdbhjnTBQ=
-18,-2,kNJyjGa/e9afp38esqHIIYUTKCw=,++rxbOgvlcpJ5FCYKSDdbhjnTBQ=
-19,-2,kNJyjGa/e9afp38esqHIIYUTKCw=,++rxbOgvlcpJ5FCYKSDdbhjnTBQ=
-21,-2,kNJyjGa/e9afp38esqHIIYUTKCw=,++rxbOgvlcpJ5FCYKSDdbhjnTBQ=
-20,-2,kNJyjGa/e9afp38esqHIIYUTKCw=,++rxbOgvlcpJ5FCYKSDdbhjnTBQ=
-22,-2,kNJyjGa/e9afp38esqHIIYUTKCw=,++rxbOgvlcpJ5FCYKSDdbhjnTBQ=
-23,-2,kNJyjGa/e9afp38esqHIIYUTKCw=,++rxbOgvlcpJ5FCYKSDdbhjnTBQ=
-28,-12,kNJyjGa/e9afp38esqHIIYUTKCw=,++rxbOgvlcpJ5FCYKSDdbhjnTBQ=
-25,-2,kNJyjGa/e9afp38esqHIIYUTKCw=,++rxbOgvlcpJ5FCYKSDdbhjnTBQ=
-24,-2,kNJyjGa/e9afp38esqHIIYUTKCw=,++rxbOgvlcpJ5FCYKSDdbhjnTBQ=
-26,-2,kNJyjGa/e9afp38esqHIIYUTKCw=,++rxbOgvlcpJ5FCYKSDdbhjnTBQ=
-27,-2,kNJyjGa/e9afp38esqHIIYUTKCw=,++rxbOgvlcpJ5FCYKSDdbhjnTBQ=
-27,-12,kNJyjGa/e9afp38esqHIIYUTKCw=,++rxbOgvlcpJ5FCYKSDdbhjnTBQ=
-29,-2,kNJyjGa/e9afp38esqHIIYUTKCw=,++rxbOgvlcpJ5FCYKSDdbhjnTBQ=
-28,-2,kNJyjGa/e9afp38esqHIIYUTKCw=,++rxbOgvlcpJ5FCYKSDdbhjnTBQ=
-31,-15,kNJyjGa/e9afp38esqHIIYUTKCw=,++rxbOgvlcpJ5FCYKSDdbhjnTBQ=
-23,-13,kNJyjGa/e9afp38esqHIIYUTKCw=,++rxbOgvlcpJ5FCYKSDdbhjnTBQ=
-26,-12,kNJyjGa/e9afp38esqHIIYUTKCw=,++rxbOgvlcpJ5FCYKSDdbhjnTBQ=
-32,-15,kNJyjGa/e9afp38esqHIIYUTKCw=,++rxbOgvlcpJ5FCYKSDdbhjnTBQ=
-31,-16,kNJyjGa/e9afp38esqHIIYUTKCw=,++rxbOgvlcpJ5FCYKSDdbhjnTBQ=
-31,-2,kNJyjGa/e9afp38esqHIIYUTKCw=,++rxbOgvlcpJ5FCYKSDdbhjnTBQ=
-25,-12,kNJyjGa/e9afp38esqHIIYUTKCw=,++rxbOgvlcpJ5FCYKSDdbhjnTBQ=
-30,-2,kNJyjGa/e9afp38esqHIIYUTKCw=,++rxbOgvlcpJ5FCYKSDdbhjnTBQ=
-17,-3,kNJyjGa/e9afp38esqHIIYUTKCw=,++rxbOgvlcpJ5FCYKSDdbhjnTBQ=
-18,-3,kNJyjGa/e9afp38esqHIIYUTKCw=,++rxbOgvlcpJ5FCYKSDdbhjnTBQ=
-24,-12,kNJyjGa/e9afp38esqHIIYUTKCw=,++rxbOgvlcpJ5FCYKSDdbhjnTBQ=
-19,-3,kNJyjGa/e9afp38esqHIIYUTKCw=,++rxbOgvlcpJ5FCYKSDdbhjnTBQ=
-21,-3,kNJyjGa/e9afp38esqHIIYUTKCw=,++rxbOgvlcpJ5FCYKSDdbhjnTBQ=
-20,-3,kNJyjGa/e9afp38esqHIIYUTKCw=,++rxbOgvlcpJ5FCYKSDdbhjnTBQ=
-22,-3,kNJyjGa/e9afp38esqHIIYUTKCw=,++rxbOgvlcpJ5FCYKSDdbhjnTBQ=
-23,-3,kNJyjGa/e9afp38esqHIIYUTKCw=,++rxbOgvlcpJ5FCYKSDdbhjnTBQ=
-24,-3,kNJyjGa/e9afp38esqHIIYUTKCw=,++rxbOgvlcpJ5FCYKSDdbhjnTBQ=
-23,-12,kNJyjGa/e9afp38esqHIIYUTKCw=,++rxbOgvlcpJ5FCYKSDdbhjnTBQ=
-32,-2,kNJyjGa/e9afp38esqHIIYUTKCw=,++rxbOgvlcpJ5FCYKSDdbhjnTBQ=
-25,-3,kNJyjGa/e9afp38esqHIIYUTKCw=,++rxbOgvlcpJ5FCYKSDdbhjnTBQ=
-26,-3,kNJyjGa/e9afp38esqHIIYUTKCw=,++rxbOgvlcpJ5FCYKSDdbhjnTBQ=
-32,-16,kNJyjGa/e9afp38esqHIIYUTKCw=,++rxbOgvlcpJ5FCYKSDdbhjnTBQ=
-27,-3,kNJyjGa/e9afp38esqHIIYUTKCw=,++rxbOgvlcpJ5FCYKSDdbhjnTBQ=
-29,-3,kNJyjGa/e9afp38esqHIIYUTKCw=,++rxbOgvlcpJ5FCYKSDdbhjnTBQ=
-28,-3,kNJyjGa/e9afp38esqHIIYUTKCw=,++rxbOgvlcpJ5FCYKSDdbhjnTBQ=
-17,-16,kNJyjGa/e9afp38esqHIIYUTKCw=,++rxbOgvlcpJ5FCYKSDdbhjnTBQ=
-19,-15,kNJyjGa/e9afp38esqHIIYUTKCw=,++rxbOgvlcpJ5FCYKSDdbhjnTBQ=
-22,-12,kNJyjGa/e9afp38esqHIIYUTKCw=,++rxbOgvlcpJ5FCYKSDdbhjnTBQ=
-24,-13,kNJyjGa/e9afp38esqHIIYUTKCw=,++rxbOgvlcpJ5FCYKSDdbhjnTBQ=
-30,-3,kNJyjGa/e9afp38esqHIIYUTKCw=,++rxbOgvlcpJ5FCYKSDdbhjnTBQ=
-32,-3,kNJyjGa/e9afp38esqHIIYUTKCw=,++rxbOgvlcpJ5FCYKSDdbhjnTBQ=
-31,-3,kNJyjGa/e9afp38esqHIIYUTKCw=,++rxbOgvlcpJ5FCYKSDdbhjnTBQ=
-17,-4,kNJyjGa/e9afp38esqHIIYUTKCw=,++rxbOgvlcpJ5FCYKSDdbhjnTBQ=
-20,-15,kNJyjGa/e9afp38esqHIIYUTKCw=,++rxbOgvlcpJ5FCYKSDdbhjnTBQ=
-18,-4,kNJyjGa/e9afp38esqHIIYUTKCw=,++rxbOgvlcpJ5FCYKSDdbhjnTBQ=
-17,-14,kNJyjGa/e9afp38esqHIIYUTKCw=,++rxbOgvlcpJ5FCYKSDdbhjnTBQ=
-20,-4,kNJyjGa/e9afp38esqHIIYUTKCw=,++rxbOgvlcpJ5FCYKSDdbhjnTBQ=
-19,-4,kNJyjGa/e9afp38esqHIIYUTKCw=,++rxbOgvlcpJ5FCYKSDdbhjnTBQ=
-21,-4,kNJyjGa/e9afp38esqHIIYUTKCw=,++rxbOgvlcpJ5FCYKSDdbhjnTBQ=
-21,-12,kNJyjGa/e9afp38esqHIIYUTKCw=,++rxbOgvlcpJ5FCYKSDdbhjnTBQ=
-25,-4,kNJyjGa/e9afp38esqHIIYUTKCw=,++rxbOgvlcpJ5FCYKSDdbhjnTBQ=
-26,-4,kNJyjGa/e9afp38esqHIIYUTKCw=,++rxbOgvlcpJ5FCYKSDdbhjnTBQ=
-22,-4,kNJyjGa/e9afp38esqHIIYUTKCw=,++rxbOgvlcpJ5FCYKSDdbhjnTBQ=
-24,-4,kNJyjGa/e9afp38esqHIIYUTKCw=,++rxbOgvlcpJ5FCYKSDdbhjnTBQ=
-23,-4,kNJyjGa/e9afp38esqHIIYUTKCw=,++rxbOgvlcpJ5FCYKSDdbhjnTBQ=
-27,-4,kNJyjGa/e9afp38esqHIIYUTKCw=,++rxbOgvlcpJ5FCYKSDdbhjnTBQ=
-26,-16,kNJyjGa/e9afp38esqHIIYUTKCw=,++rxbOgvlcpJ5FCYKSDdbhjnTBQ=
-18,-16,kNJyjGa/e9afp38esqHIIYUTKCw=,++rxbOgvlcpJ5FCYKSDdbhjnTBQ=
-28,-4,kNJyjGa/e9afp38esqHIIYUTKCw=,++rxbOgvlcpJ5FCYKSDdbhjnTBQ=
-25,-13,kNJyjGa/e9afp38esqHIIYUTKCw=,++rxbOgvlcpJ5FCYKSDdbhjnTBQ=
-30,-4,kNJyjGa/e9afp38esqHIIYUTKCw=,++rxbOgvlcpJ5FCYKSDdbhjnTBQ=
-29,-4,kNJyjGa/e9afp38esqHIIYUTKCw=,++rxbOgvlcpJ5FCYKSDdbhjnTBQ=
-20,-12,kNJyjGa/e9afp38esqHIIYUTKCw=,++rxbOgvlcpJ5FCYKSDdbhjnTBQ=
-31,-4,kNJyjGa/e9afp38esqHIIYUTKCw=,++rxbOgvlcpJ5FCYKSDdbhjnTBQ=
-32,-4,kNJyjGa/e9afp38esqHIIYUTKCw=,++rxbOgvlcpJ5FCYKSDdbhjnTBQ=
-18,-5,kNJyjGa/e9afp38esqHIIYUTKCw=,++rxbOgvlcpJ5FCYKSDdbhjnTBQ=
-17,-5,kNJyjGa/e9afp38esqHIIYUTKCw=,++rxbOgvlcpJ5FCYKSDdbhjnTBQ=
-19,-12,kNJyjGa/e9afp38esqHIIYUTKCw=,++rxbOgvlcpJ5FCYKSDdbhjnTBQ=
-21,-15,kNJyjGa/e9afp38esqHIIYUTKCw=,++rxbOgvlcpJ5FCYKSDdbhjnTBQ=
-19,-5,kNJyjGa/e9afp38esqHIIYUTKCw=,++rxbOgvlcpJ5FCYKSDdbhjnTBQ=
-20,-5,kNJyjGa/e9afp38esqHIIYUTKCw=,++rxbOgvlcpJ5FCYKSDdbhjnTBQ=
-21,-5,kNJyjGa/e9afp38esqHIIYUTKCw=,++rxbOgvlcpJ5FCYKSDdbhjnTBQ=
-22,-5,kNJyjGa/e9afp38esqHIIYUTKCw=,++rxbOgvlcpJ5FCYKSDdbhjnTBQ=
-23,-5,kNJyjGa/e9afp38esqHIIYUTKCw=,++rxbOgvlcpJ5FCYKSDdbhjnTBQ=
-24,-5,kNJyjGa/e9afp38esqHIIYUTKCw=,++rxbOgvlcpJ5FCYKSDdbhjnTBQ=
-18,-12,kNJyjGa/e9afp38esqHIIYUTKCw=,++rxbOgvlcpJ5FCYKSDdbhjnTBQ=
-19,-16,kNJyjGa/e9afp38esqHIIYUTKCw=,++rxbOgvlcpJ5FCYKSDdbhjnTBQ=
-25,-5,kNJyjGa/e9afp38esqHIIYUTKCw=,++rxbOgvlcpJ5FCYKSDdbhjnTBQ=
-26,-5,kNJyjGa/e9afp38esqHIIYUTKCw=,++rxbOgvlcpJ5FCYKSDdbhjnTBQ=
-28,-5,kNJyjGa/e9afp38esqHIIYUTKCw=,++rxbOgvlcpJ5FCYKSDdbhjnTBQ=
-26,-13,kNJyjGa/e9afp38esqHIIYUTKCw=,++rxbOgvlcpJ5FCYKSDdbhjnTBQ=
-27,-5,kNJyjGa/e9afp38esqHIIYUTKCw=,++rxbOgvlcpJ5FCYKSDdbhjnTBQ=
-29,-5,kNJyjGa/e9afp38esqHIIYUTKCw=,++rxbOgvlcpJ5FCYKSDdbhjnTBQ=
-17,-12,kNJyjGa/e9afp38esqHIIYUTKCw=,++rxbOgvlcpJ5FCYKSDdbhjnTBQ=
-31,-5,kNJyjGa/e9afp38esqHIIYUTKCw=,++rxbOgvlcpJ5FCYKSDdbhjnTBQ=
-30,-5,kNJyjGa/e9afp38esqHIIYUTKCw=,++rxbOgvlcpJ5FCYKSDdbhjnTBQ=
-22,-15,kNJyjGa/e9afp38esqHIIYUTKCw=,++rxbOgvlcpJ5FCYKSDdbhjnTBQ=
-32,-5,kNJyjGa/e9afp38esqHIIYUTKCw=,++rxbOgvlcpJ5FCYKSDdbhjnTBQ=
-17,-6,kNJyjGa/e9afp38esqHIIYUTKCw=,++rxbOgvlcpJ5FCYKSDdbhjnTBQ=
-32,-11,kNJyjGa/e9afp38esqHIIYUTKCw=,++rxbOgvlcpJ5FCYKSDdbhjnTBQ=
-18,-6,kNJyjGa/e9afp38esqHIIYUTKCw=,++rxbOgvlcpJ5FCYKSDdbhjnTBQ=
-20,-6,kNJyjGa/e9afp38esqHIIYUTKCw=,++rxbOgvlcpJ5FCYKSDdbhjnTBQ=
-19,-6,kNJyjGa/e9afp38esqHIIYUTKCw=,++rxbOgvlcpJ5FCYKSDdbhjnTBQ=
-21,-6,kNJyjGa/e9afp38esqHIIYUTKCw=,++rxbOgvlcpJ5FCYKSDdbhjnTBQ=
-22,-6,kNJyjGa/e9afp38esqHIIYUTKCw=,++rxbOgvlcpJ5FCYKSDdbhjnTBQ=
-23,-6,kNJyjGa/e9afp38esqHIIYUTKCw=,++rxbOgvlcpJ5FCYKSDdbhjnTBQ=
-29,-15,kNJyjGa/e9afp38esqHIIYUTKCw=,++rxbOgvlcpJ5FCYKSDdbhjnTBQ=
-24,-6,kNJyjGa/e9afp38esqHIIYUTKCw=,++rxbOgvlcpJ5FCYKSDdbhjnTBQ=
-26,-6,kNJyjGa/e9afp38esqHIIYUTKCw=,++rxbOgvlcpJ5FCYKSDdbhjnTBQ=
-25,-6,kNJyjGa/e9afp38esqHIIYUTKCw=,++rxbOgvlcpJ5FCYKSDdbhjnTBQ=
-27,-6,kNJyjGa/e9afp38esqHIIYUTKCw=,++rxbOgvlcpJ5FCYKSDdbhjnTBQ=
-20,-16,kNJyjGa/e9afp38esqHIIYUTKCw=,++rxbOgvlcpJ5FCYKSDdbhjnTBQ=
-31,-11,kNJyjGa/e9afp38esqHIIYUTKCw=,++rxbOgvlcpJ5FCYKSDdbhjnTBQ=
-29,-6,kNJyjGa/e9afp38esqHIIYUTKCw=,++rxbOgvlcpJ5FCYKSDdbhjnTBQ=
-28,-6,kNJyjGa/e9afp38esqHIIYUTKCw=,++rxbOgvlcpJ5FCYKSDdbhjnTBQ=
-30,-6,kNJyjGa/e9afp38esqHIIYUTKCw=,++rxbOgvlcpJ5FCYKSDdbhjnTBQ=
-30,-11,kNJyjGa/e9afp38esqHIIYUTKCw=,++rxbOgvlcpJ5FCYKSDdbhjnTBQ=
-27,-13,kNJyjGa/e9afp38esqHIIYUTKCw=,++rxbOgvlcpJ5FCYKSDdbhjnTBQ=
-31,-6,kNJyjGa/e9afp38esqHIIYUTKCw=,++rxbOgvlcpJ5FCYKSDdbhjnTBQ=
-23,-15,kNJyjGa/e9afp38esqHIIYUTKCw=,++rxbOgvlcpJ5FCYKSDdbhjnTBQ=
-17,-7,kNJyjGa/e9afp38esqHIIYUTKCw=,++rxbOgvlcpJ5FCYKSDdbhjnTBQ=
-32,-6,kNJyjGa/e9afp38esqHIIYUTKCw=,++rxbOgvlcpJ5FCYKSDdbhjnTBQ=
-18,-7,kNJyjGa/e9afp38esqHIIYUTKCw=,++rxbOgvlcpJ5FCYKSDdbhjnTBQ=
-19,-7,kNJyjGa/e9afp38esqHIIYUTKCw=,++rxbOgvlcpJ5FCYKSDdbhjnTBQ=
-20,-7,kNJyjGa/e9afp38esqHIIYUTKCw=,++rxbOgvlcpJ5FCYKSDdbhjnTBQ=
-29,-11,kNJyjGa/e9afp38esqHIIYUTKCw=,++rxbOgvlcpJ5FCYKSDdbhjnTBQ=
-22,-7,kNJyjGa/e9afp38esqHIIYUTKCw=,++rxbOgvlcpJ5FCYKSDdbhjnTBQ=
-23,-7,kNJyjGa/e9afp38esqHIIYUTKCw=,++rxbOgvlcpJ5FCYKSDdbhjnTBQ=
-24,-7,kNJyjGa/e9afp38esqHIIYUTKCw=,++rxbOgvlcpJ5FCYKSDdbhjnTBQ=
-25,-7,kNJyjGa/e9afp38esqHIIYUTKCw=,++rxbOgvlcpJ5FCYKSDdbhjnTBQ=
-21,-7,kNJyjGa/e9afp38esqHIIYUTKCw=,++rxbOgvlcpJ5FCYKSDdbhjnTBQ=
-28,-11,kNJyjGa/e9afp38esqHIIYUTKCw=,++rxbOgvlcpJ5FCYKSDdbhjnTBQ=
-21,-16,kNJyjGa/e9afp38esqHIIYUTKCw=,++rxbOgvlcpJ5FCYKSDdbhjnTBQ=
-26,-7,kNJyjGa/e9afp38esqHIIYUTKCw=,++rxbOgvlcpJ5FCYKSDdbhjnTBQ=
-28,-13,kNJyjGa/e9afp38esqHIIYUTKCw=,++rxbOgvlcpJ5FCYKSDdbhjnTBQ=
-28,-7,kNJyjGa/e9afp38esqHIIYUTKCw=,++rxbOgvlcpJ5FCYKSDdbhjnTBQ=
-29,-7,kNJyjGa/e9afp38esqHIIYUTKCw=,++rxbOgvlcpJ5FCYKSDdbhjnTBQ=
-27,-7,kNJyjGa/e9afp38esqHIIYUTKCw=,++rxbOgvlcpJ5FCYKSDdbhjnTBQ=
-27,-11,kNJyjGa/e9afp38esqHIIYUTKCw=,++rxbOgvlcpJ5FCYKSDdbhjnTBQ=
-30,-7,kNJyjGa/e9afp38esqHIIYUTKCw=,++rxbOgvlcpJ5FCYKSDdbhjnTBQ=
-31,-7,kNJyjGa/e9afp38esqHIIYUTKCw=,++rxbOgvlcpJ5FCYKSDdbhjnTBQ=
-32,-7,kNJyjGa/e9afp38esqHIIYUTKCw=,++rxbOgvlcpJ5FCYKSDdbhjnTBQ=
-18,-8,kNJyjGa/e9afp38esqHIIYUTKCw=,++rxbOgvlcpJ5FCYKSDdbhjnTBQ=
-17,-8,kNJyjGa/e9afp38esqHIIYUTKCw=,++rxbOgvlcpJ5FCYKSDdbhjnTBQ=
-19,-8,kNJyjGa/e9afp38esqHIIYUTKCw=,++rxbOgvlcpJ5FCYKSDdbhjnTBQ=
-24,-15,kNJyjGa/e9afp38esqHIIYUTKCw=,++rxbOgvlcpJ5FCYKSDdbhjnTBQ=
-26,-11,kNJyjGa/e9afp38esqHIIYUTKCw=,++rxbOgvlcpJ5FCYKSDdbhjnTBQ=
-20,-8,kNJyjGa/e9afp38esqHIIYUTKCw=,++rxbOgvlcpJ5FCYKSDdbhjnTBQ=
-22,-8,kNJyjGa/e9afp38esqHIIYUTKCw=,++rxbOgvlcpJ5FCYKSDdbhjnTBQ=
-21,-8,kNJyjGa/e9afp38esqHIIYUTKCw=,++rxbOgvlcpJ5FCYKSDdbhjnTBQ=
-29,-13,kNJyjGa/e9afp38esqHIIYUTKCw=,++rxbOgvlcpJ5FCYKSDdbhjnTBQ=
-23,-8,kNJyjGa/e9afp38esqHIIYUTKCw=,++rxbOgvlcpJ5FCYKSDdbhjnTBQ=
-24,-8,kNJyjGa/e9afp38esqHIIYUTKCw=,++rxbOgvlcpJ5FCYKSDdbhjnTBQ=
-22,-16,kNJyjGa/e9afp38esqHIIYUTKCw=,++rxbOgvlcpJ5FCYKSDdbhjnTBQ=
-25,-11,kNJyjGa/e9afp38esqHIIYUTKCw=,++rxbOgvlcpJ5FCYKSDdbhjnTBQ=
-25,-8,kNJyjGa/e9afp38esqHIIYUTKCw=,++rxbOgvlcpJ5FCYKSDdbhjnTBQ=
-27,-8,kNJyjGa/e9afp38esqHIIYUTKCw=,++rxbOgvlcpJ5FCYKSDdbhjnTBQ=
-26,-8,kNJyjGa/e9afp38esqHIIYUTKCw=,++rxbOgvlcpJ5FCYKSDdbhjnTBQ=
-28,-8,kNJyjGa/e9afp38esqHIIYUTKCw=,++rxbOgvlcpJ5FCYKSDdbhjnTBQ=
-30,-8,kNJyjGa/e9afp38esqHIIYUTKCw=,++rxbOgvlcpJ5FCYKSDdbhjnTBQ=
-29,-8,kNJyjGa/e9afp38esqHIIYUTKCw=,++rxbOgvlcpJ5FCYKSDdbhjnTBQ=
-31,-8,kNJyjGa/e9afp38esqHIIYUTKCw=,++rxbOgvlcpJ5FCYKSDdbhjnTBQ=
-24,-11,kNJyjGa/e9afp38esqHIIYUTKCw=,++rxbOgvlcpJ5FCYKSDdbhjnTBQ=
-32,-8,kNJyjGa/e9afp38esqHIIYUTKCw=,++rxbOgvlcpJ5FCYKSDdbhjnTBQ=
-18,-9,kNJyjGa/e9afp38esqHIIYUTKCw=,++rxbOgvlcpJ5FCYKSDdbhjnTBQ=
-25,-15,kNJyjGa/e9afp38esqHIIYUTKCw=,++rxbOgvlcpJ5FCYKSDdbhjnTBQ=
-17,-9,kNJyjGa/e9afp38esqHIIYUTKCw=,++rxbOgvlcpJ5FCYKSDdbhjnTBQ=
-19,-9,kNJyjGa/e9afp38esqHIIYUTKCw=,++rxbOgvlcpJ5FCYKSDdbhjnTBQ=
-20,-9,kNJyjGa/e9afp38esqHIIYUTKCw=,++rxbOgvlcpJ5FCYKSDdbhjnTBQ=
-23,-11,kNJyjGa/e9afp38esqHIIYUTKCw=,++rxbOgvlcpJ5FCYKSDdbhjnTBQ=
-21,-9,kNJyjGa/e9afp38esqHIIYUTKCw=,++rxbOgvlcpJ5FCYKSDdbhjnTBQ=
-22,-9,kNJyjGa/e9afp38esqHIIYUTKCw=,++rxbOgvlcpJ5FCYKSDdbhjnTBQ=
-23,-16,kNJyjGa/e9afp38esqHIIYUTKCw=,++rxbOgvlcpJ5FCYKSDdbhjnTBQ=
-23,-9,kNJyjGa/e9afp38esqHIIYUTKCw=,++rxbOgvlcpJ5FCYKSDdbhjnTBQ=
-30,-13,kNJyjGa/e9afp38esqHIIYUTKCw=,++rxbOgvlcpJ5FCYKSDdbhjnTBQ=
-24,-9,kNJyjGa/e9afp38esqHIIYUTKCw=,++rxbOgvlcpJ5FCYKSDdbhjnTBQ=
-22,-11,kNJyjGa/e9afp38esqHIIYUTKCw=,++rxbOgvlcpJ5FCYKSDdbhjnTBQ=
-25,-9,kNJyjGa/e9afp38esqHIIYUTKCw=,++rxbOgvlcpJ5FCYKSDdbhjnTBQ=
-26,-9,kNJyjGa/e9afp38esqHIIYUTKCw=,++rxbOgvlcpJ5FCYKSDdbhjnTBQ=
-27,-9,kNJyjGa/e9afp38esqHIIYUTKCw=,++rxbOgvlcpJ5FCYKSDdbhjnTBQ=
-28,-9,kNJyjGa/e9afp38esqHIIYUTKCw=,++rxbOgvlcpJ5FCYKSDdbhjnTBQ=
-30,-9,kNJyjGa/e9afp38esqHIIYUTKCw=,++rxbOgvlcpJ5FCYKSDdbhjnTBQ=
-32,-13,kNJyjGa/e9afp38esqHIIYUTKCw=,++rxbOgvlcpJ5FCYKSDdbhjnTBQ=
-31,-9,kNJyjGa/e9afp38esqHIIYUTKCw=,++rxbOgvlcpJ5FCYKSDdbhjnTBQ=
-29,-9,kNJyjGa/e9afp38esqHIIYUTKCw=,++rxbOgvlcpJ5FCYKSDdbhjnTBQ=
-26,-15,kNJyjGa/e9afp38esqHIIYUTKCw=,++rxbOgvlcpJ5FCYKSDdbhjnTBQ=
-17,-10,kNJyjGa/e9afp38esqHIIYUTKCw=,++rxbOgvlcpJ5FCYKSDdbhjnTBQ=
-32,-9,kNJyjGa/e9afp38esqHIIYUTKCw=,++rxbOgvlcpJ5FCYKSDdbhjnTBQ=
-19,-10,kNJyjGa/e9afp38esqHIIYUTKCw=,++rxbOgvlcpJ5FCYKSDdbhjnTBQ=
-20,-10,kNJyjGa/e9afp38esqHIIYUTKCw=,++rxbOgvlcpJ5FCYKSDdbhjnTBQ=
-24,-16,kNJyjGa/e9afp38esqHIIYUTKCw=,++rxbOgvlcpJ5FCYKSDdbhjnTBQ=
-28,-15,kNJyjGa/e9afp38esqHIIYUTKCw=,++rxbOgvlcpJ5FCYKSDdbhjnTBQ=
-18,-10,kNJyjGa/e9afp38esqHIIYUTKCw=,++rxbOgvlcpJ5FCYKSDdbhjnTBQ=
-21,-10,kNJyjGa/e9afp38esqHIIYUTKCw=,++rxbOgvlcpJ5FCYKSDdbhjnTBQ=
-22,-10,kNJyjGa/e9afp38esqHIIYUTKCw=,++rxbOgvlcpJ5FCYKSDdbhjnTBQ=
-31,-13,kNJyjGa/e9afp38esqHIIYUTKCw=,++rxbOgvlcpJ5FCYKSDdbhjnTBQ=
-25,-16,kNJyjGa/e9afp38esqHIIYUTKCw=,++rxbOgvlcpJ5FCYKSDdbhjnTBQ=
-23,-10,kNJyjGa/e9afp38esqHIIYUTKCw=,++rxbOgvlcpJ5FCYKSDdbhjnTBQ=
-24,-10,kNJyjGa/e9afp38esqHIIYUTKCw=,++rxbOgvlcpJ5FCYKSDdbhjnTBQ=
-26,-10,kNJyjGa/e9afp38esqHIIYUTKCw=,++rxbOgvlcpJ5FCYKSDdbhjnTBQ=
-28,-10,kNJyjGa/e9afp38esqHIIYUTKCw=,++rxbOgvlcpJ5FCYKSDdbhjnTBQ=
-27,-10,kNJyjGa/e9afp38esqHIIYUTKCw=,++rxbOgvlcpJ5FCYKSDdbhjnTBQ=
-25,-10,kNJyjGa/e9afp38esqHIIYUTKCw=,++rxbOgvlcpJ5FCYKSDdbhjnTBQ=
-21,-11,kNJyjGa/e9afp38esqHIIYUTKCw=,++rxbOgvlcpJ5FCYKSDdbhjnTBQ=
-29,-10,kNJyjGa/e9afp38esqHIIYUTKCw=,++rxbOgvlcpJ5FCYKSDdbhjnTBQ=
-30,-10,kNJyjGa/e9afp38esqHIIYUTKCw=,++rxbOgvlcpJ5FCYKSDdbhjnTBQ=
-31,-10,kNJyjGa/e9afp38esqHIIYUTKCw=,++rxbOgvlcpJ5FCYKSDdbhjnTBQ=
-27,-15,kNJyjGa/e9afp38esqHIIYUTKCw=,++rxbOgvlcpJ5FCYKSDdbhjnTBQ=
-32,-10,kNJyjGa/e9afp38esqHIIYUTKCw=,++rxbOgvlcpJ5FCYKSDdbhjnTBQ=
-20,-11,kNJyjGa/e9afp38esqHIIYUTKCw=,++rxbOgvlcpJ5FCYKSDdbhjnTBQ=
-17,-11,kNJyjGa/e9afp38esqHIIYUTKCw=,++rxbOgvlcpJ5FCYKSDdbhjnTBQ=
-18,-11,kNJyjGa/e9afp38esqHIIYUTKCw=,++rxbOgvlcpJ5FCYKSDdbhjnTBQ=
-19,-11,kNJyjGa/e9afp38esqHIIYUTKCw=,++rxbOgvlcpJ5FCYKSDdbhjnTBQ=
