3,32,p1AwiwTzJT+HH4h8AQN670C8wwo=,gp5t8sbPfa2wKOu2UK6XhcuMSuw=
12,34,p1AwiwTzJT+HH4h8AQN670C8wwo=,gp5t8sbPfa2wKOu2UK6XhcuMSuw=
13,34,p1AwiwTzJT+HH4h8AQN670C8wwo=,gp5t8sbPfa2wKOu2UK6XhcuMSuw=
11,35,p1AwiwTzJT+HH4h8AQN670C8wwo=,gp5t8sbPfa2wKOu2UK6XhcuMSuw=
15,33,p1AwiwTzJT+HH4h8AQN670C8wwo=,gp5t8sbPfa2wKOu2UK6XhcuMSuw=
12,35,p1AwiwTzJT+HH4h8AQN670C8wwo=,gp5t8sbPfa2wKOu2UK6XhcuMSuw=
11,34,p1AwiwTzJT+HH4h8AQN670C8wwo=,gp5t8sbPfa2wKOu2UK6XhcuMSuw=
14,47,p1AwiwTzJT+HH4h8AQN670C8wwo=,gp5t8sbPfa2wKOu2UK6XhcuMSuw=
13,47,p1AwiwTzJT+HH4h8AQN670C8wwo=,gp5t8sbPfa2wKOu2UK6XhcuMSuw=
12,47,p1AwiwTzJT+HH4h8AQN670C8wwo=,gp5t8sbPfa2wKOu2UK6XhcuMSuw=
11,47,p1AwiwTzJT+HH4h8AQN670C8wwo=,gp5t8sbPfa2wKOu2UK6XhcuMSuw=
14,34,p1AwiwTzJT+HH4h8AQN670C8wwo=,gp5t8sbPfa2wKOu2UK6XhcuMSuw=
15,47,p1AwiwTzJT+HH4h8AQN670C8wwo=,gp5t8sbPfa2wKOu2UK6XhcuMSuw=
10,47,p1AwiwTzJT+HH4h8AQN670C8wwo=,gp5t8sbPfa2wKOu2UK6XhcuMSuw=
4,32,p1AwiwTzJT+HH4h8AQN670C8wwo=,gp5t8sbPfa2wKOu2UK6XhcuMSuw=
10,34,p1AwiwTzJT+HH4h8AQN670C8wwo=,gp5t8sbPfa2wKOu2UK6XhcuMSuw=
9,47,p1AwiwTzJT+HH4h8AQN670C8wwo=,gp5t8sbPfa2wKOu2UK6XhcuMSuw=
5,32,p1AwiwTzJT+HH4h8AQN670C8wwo=,gp5t8sbPfa2wKOu2UK6XhcuMSuw=
2,33,p1AwiwTzJT+HH4h8AQN670C8wwo=,gp5t8sbPfa2wKOu2UK6XhcuMSuw=
8,47,p1AwiwTzJT+HH4h8AQN670C8wwo=,gp5t8sbPfa2wKOu2UK6XhcuMSuw=
9,34,p1AwiwTzJT+HH4h8AQN670C8wwo=,gp5t8sbPfa2wKOu2UK6XhcuMSuw=
8,34,p1AwiwTzJT+HH4h8AQN670C8wwo=,gp5t8sbPfa2wKOu2UK6XhcuMSuw=
13,35,p1AwiwTzJT+HH4h8AQN670C8wwo=,gp5t8sbPfa2wKOu2UK6XhcuMSuw=
5,47,p1AwiwTzJT+HH4h8AQN670C8wwo=,gp5t8sbPfa2wKOu2UK6XhcuMSuw=
6,47,p1AwiwTzJT+HH4h8AQN670C8wwo=,gp5t8sbPfa2wKOu2UK6XhcuMSuw=
14,35,p1AwiwTzJT+HH4h8AQN670C8wwo=,gp5t8sbPfa2wKOu2UK6XhcuMSuw=
7,47,p1AwiwTzJT+HH4h8AQN670C8wwo=,gp5t8sbPfa2wKOu2UK6XhcuMSuw=
4,47,p1AwiwTzJT+HH4h8AQN670C8wwo=,gp5t8sbPfa2wKOu2UK6XhcuMSuw=
3,47,p1AwiwTzJT+HH4h8AQN670C8wwo=,gp5t8sbPfa2wKOu2UK6XhcuMSuw=
0,32,p1AwiwTzJT+HH4h8AQN670C8wwo=,gp5t8sbPfa2wKOu2UK6XhcuMSuw=
2,47,p1AwiwTzJT+HH4h8AQN670C8wwo=,gp5t8sbPfa2wKOu2UK6XhcuMSuw=
14,33,p1AwiwTzJT+HH4h8AQN670C8wwo=,gp5t8sbPfa2wKOu2UK6XhcuMSuw=
15,35,p1AwiwTzJT+HH4h8AQN670C8wwo=,gp5t8sbPfa2wKOu2UK6XhcuMSuw=
1,47,p1AwiwTzJT+HH4h8AQN670C8wwo=,gp5t8sbPfa2wKOu2UK6XhcuMSuw=
0,36,p1AwiwTzJT+HH4h8AQN670C8wwo=,gp5t8sbPfa2wKOu2UK6XhcuMSuw=
3,34,p1AwiwTzJT+HH4h8AQN670C8wwo=,gp5t8sbPfa2wKOu2UK6XhcuMSuw=
1,36,p1AwiwTzJT+HH4h8AQN670C8wwo=,gp5t8sbPfa2wKOu2UK6XhcuMSuw=
4,34,p1AwiwTzJT+HH4h8AQN670C8wwo=,gp5t8sbPfa2wKOu2UK6XhcuMSuw=
2,34,p1AwiwTzJT+HH4h8AQN670C8wwo=,gp5t8sbPfa2wKOu2UK6XhcuMSuw=
1,34,p1AwiwTzJT+HH4h8AQN670C8wwo=,gp5t8sbPfa2wKOu2UK6XhcuMSuw=
0,34,p1AwiwTzJT+HH4h8AQN670C8wwo=,gp5t8sbPfa2wKOu2UK6XhcuMSuw=
2,32,p1AwiwTzJT+HH4h8AQN670C8wwo=,gp5t8sbPfa2wKOu2UK6XhcuMSuw=
10,35,p1AwiwTzJT+HH4h8AQN670C8wwo=,gp5t8sbPfa2wKOu2UK6XhcuMSuw=
15,46,p1AwiwTzJT+HH4h8AQN670C8wwo=,gp5t8sbPfa2wKOu2UK6XhcuMSuw=
14,46,p1AwiwTzJT+HH4h8AQN670C8wwo=,gp5t8sbPfa2wKOu2UK6XhcuMSuw=
13,46,p1AwiwTzJT+HH4h8AQN670C8wwo=,gp5t8sbPfa2wKOu2UK6XhcuMSuw=
12,46,p1AwiwTzJT+HH4h8AQN670C8wwo=,gp5t8sbPfa2wKOu2UK6XhcuMSuw=
11,46,p1AwiwTzJT+HH4h8AQN670C8wwo=,gp5t8sbPfa2wKOu2UK6XhcuMSuw=
10,46,p1AwiwTzJT+HH4h8AQN670C8wwo=,gp5t8sbPfa2wKOu2UK6XhcuMSuw=
9,46,p1AwiwTzJT+HH4h8AQN670C8wwo=,gp5t8sbPfa2wKOu2UK6XhcuMSuw=
0,47,p1AwiwTzJT+HH4h8AQN670C8wwo=,gp5t8sbPfa2wKOu2UK6XhcuMSuw=
8,46,p1AwiwTzJT+HH4h8AQN670C8wwo=,gp5t8sbPfa2wKOu2UK6XhcuMSuw=
7,46,p1AwiwTzJT+HH4h8AQN670C8wwo=,gp5t8sbPfa2wKOu2UK6XhcuMSuw=
5,46,p1AwiwTzJT+HH4h8AQN670C8wwo=,gp5t8sbPfa2wKOu2UK6XhcuMSuw=
6,46,p1AwiwTzJT+HH4h8AQN670C8wwo=,gp5t8sbPfa2wKOu2UK6XhcuMSuw=
3,46,p1AwiwTzJT+HH4h8AQN670C8wwo=,gp5t8sbPfa2wKOu2UK6XhcuMSuw=
4,46,p1AwiwTzJT+HH4h8AQN670C8wwo=,gp5t8sbPfa2wKOu2UK6XhcuMSuw=
2,46,p1AwiwTzJT+HH4h8AQN670C8wwo=,gp5t8sbPfa2wKOu2UK6XhcuMSuw=
1,33,p1AwiwTzJT+HH4h8AQN670C8wwo=,gp5t8sbPfa2wKOu2UK6XhcuMSuw=
0,33,p1AwiwTzJT+HH4h8AQN670C8wwo=,gp5t8sbPfa2wKOu2UK6XhcuMSuw=
9,35,p1AwiwTzJT+HH4h8AQN670C8wwo=,gp5t8sbPfa2wKOu2UK6XhcuMSuw=
1,46,p1AwiwTzJT+HH4h8AQN670C8wwo=,gp5t8sbPfa2wKOu2UK6XhcuMSuw=
0,46,p1AwiwTzJT+HH4h8AQN670C8wwo=,gp5t8sbPfa2wKOu2UK6XhcuMSuw=
15,45,p1AwiwTzJT+HH4h8AQN670C8wwo=,gp5t8sbPfa2wKOu2UK6XhcuMSuw=
14,45,p1AwiwTzJT+HH4h8AQN670C8wwo=,gp5t8sbPfa2wKOu2UK6XhcuMSuw=
13,45,p1AwiwTzJT+HH4h8AQN670C8wwo=,gp5t8sbPfa2wKOu2UK6XhcuMSuw=
12,45,p1AwiwTzJT+HH4h8AQN670C8wwo=,gp5t8sbPfa2wKOu2UK6XhcuMSuw=
11,45,p1AwiwTzJT+HH4h8AQN670C8wwo=,gp5t8sbPfa2wKOu2UK6XhcuMSuw=
10,45,p1AwiwTzJT+HH4h8AQN670C8wwo=,gp5t8sbPfa2wKOu2UK6XhcuMSuw=
9,45,p1AwiwTzJT+HH4h8AQN670C8wwo=,gp5t8sbPfa2wKOu2UK6XhcuMSuw=
8,45,p1AwiwTzJT+HH4h8AQN670C8wwo=,gp5t8sbPfa2wKOu2UK6XhcuMSuw=
6,45,p1AwiwTzJT+HH4h8AQN670C8wwo=,gp5t8sbPfa2wKOu2UK6XhcuMSuw=
7,45,p1AwiwTzJT+HH4h8AQN670C8wwo=,gp5t8sbPfa2wKOu2UK6XhcuMSuw=
5,45,p1AwiwTzJT+HH4h8AQN670C8wwo=,gp5t8sbPfa2wKOu2UK6XhcuMSuw=
4,45,p1AwiwTzJT+HH4h8AQN670C8wwo=,gp5t8sbPfa2wKOu2UK6XhcuMSuw=
3,45,p1AwiwTzJT+HH4h8AQN670C8wwo=,gp5t8sbPfa2wKOu2UK6XhcuMSuw=
15,32,p1AwiwTzJT+HH4h8AQN670C8wwo=,gp5t8sbPfa2wKOu2UK6XhcuMSuw=
2,45,p1AwiwTzJT+HH4h8AQN670C8wwo=,gp5t8sbPfa2wKOu2UK6XhcuMSuw=
8,35,p1AwiwTzJT+HH4h8AQN670C8wwo=,gp5t8sbPfa2wKOu2UK6XhcuMSuw=
1,45,p1AwiwTzJT+HH4h8AQN670C8wwo=,gp5t8sbPfa2wKOu2UK6XhcuMSuw=
0,45,p1AwiwTzJT+HH4h8AQN670C8wwo=,gp5t8sbPfa2wKOu2UK6XhcuMSuw=
1,32,p1AwiwTzJT+HH4h8AQN670C8wwo=,gp5t8sbPfa2wKOu2UK6XhcuMSuw=
14,44,p1AwiwTzJT+HH4h8AQN670C8wwo=,gp5t8sbPfa2wKOu2UK6XhcuMSuw=
15,44,p1AwiwTzJT+HH4h8AQN670C8wwo=,gp5t8sbPfa2wKOu2UK6XhcuMSuw=
13,44,p1AwiwTzJT+HH4h8AQN670C8wwo=,gp5t8sbPfa2wKOu2UK6XhcuMSuw=
12,44,p1AwiwTzJT+HH4h8AQN670C8wwo=,gp5t8sbPfa2wKOu2UK6XhcuMSuw=
11,44,p1AwiwTzJT+HH4h8AQN670C8wwo=,gp5t8sbPfa2wKOu2UK6XhcuMSuw=
10,44,p1AwiwTzJT+HH4h8AQN670C8wwo=,gp5t8sbPfa2wKOu2UK6XhcuMSuw=
9,44,p1AwiwTzJT+HH4h8AQN670C8wwo=,gp5t8sbPfa2wKOu2UK6XhcuMSuw=
7,44,p1AwiwTzJT+HH4h8AQN670C8wwo=,gp5t8sbPfa2wKOu2UK6XhcuMSuw=
8,44,p1AwiwTzJT+HH4h8AQN670C8wwo=,gp5t8sbPfa2wKOu2UK6XhcuMSuw=
6,44,p1AwiwTzJT+HH4h8AQN670C8wwo=,gp5t8sbPfa2wKOu2UK6XhcuMSuw=
5,44,p1AwiwTzJT+HH4h8AQN670C8wwo=,gp5t8sbPfa2wKOu2UK6XhcuMSuw=
4,44,p1AwiwTzJT+HH4h8AQN670C8wwo=,gp5t8sbPfa2wKOu2UK6XhcuMSuw=
14,32,p1AwiwTzJT+HH4h8AQN670C8wwo=,gp5t8sbPfa2wKOu2UK6XhcuMSuw=
13,33,p1AwiwTzJT+HH4h8AQN670C8wwo=,gp5t8sbPfa2wKOu2UK6XhcuMSuw=
3,44,p1AwiwTzJT+HH4h8AQN670C8wwo=,gp5t8sbPfa2wKOu2UK6XhcuMSuw=
12,33,p1AwiwTzJT+HH4h8AQN670C8wwo=,gp5t8sbPfa2wKOu2UK6XhcuMSuw=
2,44,p1AwiwTzJT+HH4h8AQN670C8wwo=,gp5t8sbPfa2wKOu2UK6XhcuMSuw=
1,44,p1AwiwTzJT+HH4h8AQN670C8wwo=,gp5t8sbPfa2wKOu2UK6XhcuMSuw=
0,44,p1AwiwTzJT+HH4h8AQN670C8wwo=,gp5t8sbPfa2wKOu2UK6XhcuMSuw=
15,43,p1AwiwTzJT+HH4h8AQN670C8wwo=,gp5t8sbPfa2wKOu2UK6XhcuMSuw=
14,43,p1AwiwTzJT+HH4h8AQN670C8wwo=,gp5t8sbPfa2wKOu2UK6XhcuMSuw=
13,43,p1AwiwTzJT+HH4h8AQN670C8wwo=,gp5t8sbPfa2wKOu2UK6XhcuMSuw=
12,43,p1AwiwTzJT+HH4h8AQN670C8wwo=,gp5t8sbPfa2wKOu2UK6XhcuMSuw=
11,43,p1AwiwTzJT+HH4h8AQN670C8wwo=,gp5t8sbPfa2wKOu2UK6XhcuMSuw=
10,43,p1AwiwTzJT+HH4h8AQN670C8wwo=,gp5t8sbPfa2wKOu2UK6XhcuMSuw=
9,43,p1AwiwTzJT+HH4h8AQN670C8wwo=,gp5t8sbPfa2wKOu2UK6XhcuMSuw=
8,43,p1AwiwTzJT+HH4h8AQN670C8wwo=,gp5t8sbPfa2wKOu2UK6XhcuMSuw=
7,43,p1AwiwTzJT+HH4h8AQN670C8wwo=,gp5t8sbPfa2wKOu2UK6XhcuMSuw=
6,43,p1AwiwTzJT+HH4h8AQN670C8wwo=,gp5t8sbPfa2wKOu2UK6XhcuMSuw=
5,43,p1AwiwTzJT+HH4h8AQN670C8wwo=,gp5t8sbPfa2wKOu2UK6XhcuMSuw=
13,32,p1AwiwTzJT+HH4h8AQN670C8wwo=,gp5t8sbPfa2wKOu2UK6XhcuMSuw=
7,34,p1AwiwTzJT+HH4h8AQN670C8wwo=,gp5t8sbPfa2wKOu2UK6XhcuMSuw=
4,43,p1AwiwTzJT+HH4h8AQN670C8wwo=,gp5t8sbPfa2wKOu2UK6XhcuMSuw=
2,43,p1AwiwTzJT+HH4h8AQN670C8wwo=,gp5t8sbPfa2wKOu2UK6XhcuMSuw=
3,43,p1AwiwTzJT+HH4h8AQN670C8wwo=,gp5t8sbPfa2wKOu2UK6XhcuMSuw=
2,36,p1AwiwTzJT+HH4h8AQN670C8wwo=,gp5t8sbPfa2wKOu2UK6XhcuMSuw=
11,33,p1AwiwTzJT+HH4h8AQN670C8wwo=,gp5t8sbPfa2wKOu2UK6XhcuMSuw=
1,43,p1AwiwTzJT+HH4h8AQN670C8wwo=,gp5t8sbPfa2wKOu2UK6XhcuMSuw=
0,43,p1AwiwTzJT+HH4h8AQN670C8wwo=,gp5t8sbPfa2wKOu2UK6XhcuMSuw=
15,42,p1AwiwTzJT+HH4h8AQN670C8wwo=,gp5t8sbPfa2wKOu2UK6XhcuMSuw=
13,42,p1AwiwTzJT+HH4h8AQN670C8wwo=,gp5t8sbPfa2wKOu2UK6XhcuMSuw=
14,42,p1AwiwTzJT+HH4h8AQN670C8wwo=,gp5t8sbPfa2wKOu2UK6XhcuMSuw=
11,42,p1AwiwTzJT+HH4h8AQN670C8wwo=,gp5t8sbPfa2wKOu2UK6XhcuMSuw=
10,42,p1AwiwTzJT+HH4h8AQN670C8wwo=,gp5t8sbPfa2wKOu2UK6XhcuMSuw=
9,42,p1AwiwTzJT+HH4h8AQN670C8wwo=,gp5t8sbPfa2wKOu2UK6XhcuMSuw=
12,42,p1AwiwTzJT+HH4h8AQN670C8wwo=,gp5t8sbPfa2wKOu2UK6XhcuMSuw=
8,42,p1AwiwTzJT+HH4h8AQN670C8wwo=,gp5t8sbPfa2wKOu2UK6XhcuMSuw=
7,42,p1AwiwTzJT+HH4h8AQN670C8wwo=,gp5t8sbPfa2wKOu2UK6XhcuMSuw=
6,42,p1AwiwTzJT+HH4h8AQN670C8wwo=,gp5t8sbPfa2wKOu2UK6XhcuMSuw=
12,32,p1AwiwTzJT+HH4h8AQN670C8wwo=,gp5t8sbPfa2wKOu2UK6XhcuMSuw=
7,35,p1AwiwTzJT+HH4h8AQN670C8wwo=,gp5t8sbPfa2wKOu2UK6XhcuMSuw=
5,42,p1AwiwTzJT+HH4h8AQN670C8wwo=,gp5t8sbPfa2wKOu2UK6XhcuMSuw=
4,42,p1AwiwTzJT+HH4h8AQN670C8wwo=,gp5t8sbPfa2wKOu2UK6XhcuMSuw=
2,42,p1AwiwTzJT+HH4h8AQN670C8wwo=,gp5t8sbPfa2wKOu2UK6XhcuMSuw=
3,42,p1AwiwTzJT+HH4h8AQN670C8wwo=,gp5t8sbPfa2wKOu2UK6XhcuMSuw=
1,42,p1AwiwTzJT+HH4h8AQN670C8wwo=,gp5t8sbPfa2wKOu2UK6XhcuMSuw=
3,36,p1AwiwTzJT+HH4h8AQN670C8wwo=,gp5t8sbPfa2wKOu2UK6XhcuMSuw=
10,33,p1AwiwTzJT+HH4h8AQN670C8wwo=,gp5t8sbPfa2wKOu2UK6XhcuMSuw=
0,42,p1AwiwTzJT+HH4h8AQN670C8wwo=,gp5t8sbPfa2wKOu2UK6XhcuMSuw=
15,41,p1AwiwTzJT+HH4h8AQN670C8wwo=,gp5t8sbPfa2wKOu2UK6XhcuMSuw=
14,41,p1AwiwTzJT+HH4h8AQN670C8wwo=,gp5t8sbPfa2wKOu2UK6XhcuMSuw=
13,41,p1AwiwTzJT+HH4h8AQN670C8wwo=,gp5t8sbPfa2wKOu2UK6XhcuMSuw=
12,41,p1AwiwTzJT+HH4h8AQN670C8wwo=,gp5t8sbPfa2wKOu2UK6XhcuMSuw=
5,34,p1AwiwTzJT+HH4h8AQN670C8wwo=,gp5t8sbPfa2wKOu2UK6XhcuMSuw=
11,41,p1AwiwTzJT+HH4h8AQN670C8wwo=,gp5t8sbPfa2wKOu2UK6XhcuMSuw=
10,41,p1AwiwTzJT+HH4h8AQN670C8wwo=,gp5t8sbPfa2wKOu2UK6XhcuMSuw=
9,41,p1AwiwTzJT+HH4h8AQN670C8wwo=,gp5t8sbPfa2wKOu2UK6XhcuMSuw=
8,41,p1AwiwTzJT+HH4h8AQN670C8wwo=,gp5t8sbPfa2wKOu2UK6XhcuMSuw=
7,41,p1AwiwTzJT+HH4h8AQN670C8wwo=,gp5t8sbPfa2wKOu2UK6XhcuMSuw=
11,32,p1AwiwTzJT+HH4h8AQN670C8wwo=,gp5t8sbPfa2wKOu2UK6XhcuMSuw=
6,41,p1AwiwTzJT+HH4h8AQN670C8wwo=,gp5t8sbPfa2wKOu2UK6XhcuMSuw=
5,41,p1AwiwTzJT+HH4h8AQN670C8wwo=,gp5t8sbPfa2wKOu2UK6XhcuMSuw=
4,41,p1AwiwTzJT+HH4h8AQN670C8wwo=,gp5t8sbPfa2wKOu2UK6XhcuMSuw=
3,41,p1AwiwTzJT+HH4h8AQN670C8wwo=,gp5t8sbPfa2wKOu2UK6XhcuMSuw=
2,41,p1AwiwTzJT+HH4h8AQN670C8wwo=,gp5t8sbPfa2wKOu2UK6XhcuMSuw=
8,33,p1AwiwTzJT+HH4h8AQN670C8wwo=,gp5t8sbPfa2wKOu2UK6XhcuMSuw=
1,41,p1AwiwTzJT+HH4h8AQN670C8wwo=,gp5t8sbPfa2wKOu2UK6XhcuMSuw=
15,40,p1AwiwTzJT+HH4h8AQN670C8wwo=,gp5t8sbPfa2wKOu2UK6XhcuMSuw=
9,33,p1AwiwTzJT+HH4h8AQN670C8wwo=,gp5t8sbPfa2wKOu2UK6XhcuMSuw=
14,40,p1AwiwTzJT+HH4h8AQN670C8wwo=,gp5t8sbPfa2wKOu2UK6XhcuMSuw=
13,40,p1AwiwTzJT+HH4h8AQN670C8wwo=,gp5t8sbPfa2wKOu2UK6XhcuMSuw=
12,40,p1AwiwTzJT+HH4h8AQN670C8wwo=,gp5t8sbPfa2wKOu2UK6XhcuMSuw=
11,40,p1AwiwTzJT+HH4h8AQN670C8wwo=,gp5t8sbPfa2wKOu2UK6XhcuMSuw=
10,40,p1AwiwTzJT+HH4h8AQN670C8wwo=,gp5t8sbPfa2wKOu2UK6XhcuMSuw=
9,40,p1AwiwTzJT+HH4h8AQN670C8wwo=,gp5t8sbPfa2wKOu2UK6XhcuMSuw=
8,40,p1AwiwTzJT+HH4h8AQN670C8wwo=,gp5t8sbPfa2wKOu2UK6XhcuMSuw=
5,35,p1AwiwTzJT+HH4h8AQN670C8wwo=,gp5t8sbPfa2wKOu2UK6XhcuMSuw=
3,35,p1AwiwTzJT+HH4h8AQN670C8wwo=,gp5t8sbPfa2wKOu2UK6XhcuMSuw=
7,40,p1AwiwTzJT+HH4h8AQN670C8wwo=,gp5t8sbPfa2wKOu2UK6XhcuMSuw=
6,40,p1AwiwTzJT+HH4h8AQN670C8wwo=,gp5t8sbPfa2wKOu2UK6XhcuMSuw=
5,40,p1AwiwTzJT+HH4h8AQN670C8wwo=,gp5t8sbPfa2wKOu2UK6XhcuMSuw=
4,40,p1AwiwTzJT+HH4h8AQN670C8wwo=,gp5t8sbPfa2wKOu2UK6XhcuMSuw=
3,40,p1AwiwTzJT+HH4h8AQN670C8wwo=,gp5t8sbPfa2wKOu2UK6XhcuMSuw=
6,34,p1AwiwTzJT+HH4h8AQN670C8wwo=,gp5t8sbPfa2wKOu2UK6XhcuMSuw=
2,40,p1AwiwTzJT+HH4h8AQN670C8wwo=,gp5t8sbPfa2wKOu2UK6XhcuMSuw=
4,35,p1AwiwTzJT+HH4h8AQN670C8wwo=,gp5t8sbPfa2wKOu2UK6XhcuMSuw=
10,32,p1AwiwTzJT+HH4h8AQN670C8wwo=,gp5t8sbPfa2wKOu2UK6XhcuMSuw=
15,39,p1AwiwTzJT+HH4h8AQN670C8wwo=,gp5t8sbPfa2wKOu2UK6XhcuMSuw=
14,39,p1AwiwTzJT+HH4h8AQN670C8wwo=,gp5t8sbPfa2wKOu2UK6XhcuMSuw=
13,39,p1AwiwTzJT+HH4h8AQN670C8wwo=,gp5t8sbPfa2wKOu2UK6XhcuMSuw=
12,39,p1AwiwTzJT+HH4h8AQN670C8wwo=,gp5t8sbPfa2wKOu2UK6XhcuMSuw=
6,35,p1AwiwTzJT+HH4h8AQN670C8wwo=,gp5t8sbPfa2wKOu2UK6XhcuMSuw=
11,39,p1AwiwTzJT+HH4h8AQN670C8wwo=,gp5t8sbPfa2wKOu2UK6XhcuMSuw=
9,39,p1AwiwTzJT+HH4h8AQN670C8wwo=,gp5t8sbPfa2wKOu2UK6XhcuMSuw=
10,39,p1AwiwTzJT+HH4h8AQN670C8wwo=,gp5t8sbPfa2wKOu2UK6XhcuMSuw=
2,35,p1AwiwTzJT+HH4h8AQN670C8wwo=,gp5t8sbPfa2wKOu2UK6XhcuMSuw=
8,39,p1AwiwTzJT+HH4h8AQN670C8wwo=,gp5t8sbPfa2wKOu2UK6XhcuMSuw=
7,39,p1AwiwTzJT+HH4h8AQN670C8wwo=,gp5t8sbPfa2wKOu2UK6XhcuMSuw=
6,39,p1AwiwTzJT+HH4h8AQN670C8wwo=,gp5t8sbPfa2wKOu2UK6XhcuMSuw=
5,39,p1AwiwTzJT+HH4h8AQN670C8wwo=,gp5t8sbPfa2wKOu2UK6XhcuMSuw=
7,33,p1AwiwTzJT+HH4h8AQN670C8wwo=,gp5t8sbPfa2wKOu2UK6XhcuMSuw=
3,39,p1AwiwTzJT+HH4h8AQN670C8wwo=,gp5t8sbPfa2wKOu2UK6XhcuMSuw=
4,39,p1AwiwTzJT+HH4h8AQN670C8wwo=,gp5t8sbPfa2wKOu2UK6XhcuMSuw=
4,36,p1AwiwTzJT+HH4h8AQN670C8wwo=,gp5t8sbPfa2wKOu2UK6XhcuMSuw=
1,40,p1AwiwTzJT+HH4h8AQN670C8wwo=,gp5t8sbPfa2wKOu2UK6XhcuMSuw=
0,41,p1AwiwTzJT+HH4h8AQN670C8wwo=,gp5t8sbPfa2wKOu2UK6XhcuMSuw=
15,38,p1AwiwTzJT+HH4h8AQN670C8wwo=,gp5t8sbPfa2wKOu2UK6XhcuMSuw=
14,38,p1AwiwTzJT+HH4h8AQN670C8wwo=,gp5t8sbPfa2wKOu2UK6XhcuMSuw=
0,40,p1AwiwTzJT+HH4h8AQN670C8wwo=,gp5t8sbPfa2wKOu2UK6XhcuMSuw=
13,38,p1AwiwTzJT+HH4h8AQN670C8wwo=,gp5t8sbPfa2wKOu2UK6XhcuMSuw=
12,38,p1AwiwTzJT+HH4h8AQN670C8wwo=,gp5t8sbPfa2wKOu2UK6XhcuMSuw=
11,38,p1AwiwTzJT+HH4h8AQN670C8wwo=,gp5t8sbPfa2wKOu2UK6XhcuMSuw=
10,38,p1AwiwTzJT+HH4h8AQN670C8wwo=,gp5t8sbPfa2wKOu2UK6XhcuMSuw=
9,32,p1AwiwTzJT+HH4h8AQN670C8wwo=,gp5t8sbPfa2wKOu2UK6XhcuMSuw=
1,35,p1AwiwTzJT+HH4h8AQN670C8wwo=,gp5t8sbPfa2wKOu2UK6XhcuMSuw=
9,38,p1AwiwTzJT+HH4h8AQN670C8wwo=,gp5t8sbPfa2wKOu2UK6XhcuMSuw=
8,38,p1AwiwTzJT+HH4h8AQN670C8wwo=,gp5t8sbPfa2wKOu2UK6XhcuMSuw=
2,39,p1AwiwTzJT+HH4h8AQN670C8wwo=,gp5t8sbPfa2wKOu2UK6XhcuMSuw=
7,38,p1AwiwTzJT+HH4h8AQN670C8wwo=,gp5t8sbPfa2wKOu2UK6XhcuMSuw=
6,38,p1AwiwTzJT+HH4h8AQN670C8wwo=,gp5t8sbPfa2wKOu2UK6XhcuMSuw=
5,38,p1AwiwTzJT+HH4h8AQN670C8wwo=,gp5t8sbPfa2wKOu2UK6XhcuMSuw=
4,38,p1AwiwTzJT+HH4h8AQN670C8wwo=,gp5t8sbPfa2wKOu2UK6XhcuMSuw=
6,33,p1AwiwTzJT+HH4h8AQN670C8wwo=,gp5t8sbPfa2wKOu2UK6XhcuMSuw=
5,33,p1AwiwTzJT+HH4h8AQN670C8wwo=,gp5t8sbPfa2wKOu2UK6XhcuMSuw=
5,36,p1AwiwTzJT+HH4h8AQN670C8wwo=,gp5t8sbPfa2wKOu2UK6XhcuMSuw=
0,39,p1AwiwTzJT+HH4h8AQN670C8wwo=,gp5t8sbPfa2wKOu2UK6XhcuMSuw=
1,39,p1AwiwTzJT+HH4h8AQN670C8wwo=,gp5t8sbPfa2wKOu2UK6XhcuMSuw=
15,37,p1AwiwTzJT+HH4h8AQN670C8wwo=,gp5t8sbPfa2wKOu2UK6XhcuMSuw=
14,37,p1AwiwTzJT+HH4h8AQN670C8wwo=,gp5t8sbPfa2wKOu2UK6XhcuMSuw=
3,38,p1AwiwTzJT+HH4h8AQN670C8wwo=,gp5t8sbPfa2wKOu2UK6XhcuMSuw=
13,37,p1AwiwTzJT+HH4h8AQN670C8wwo=,gp5t8sbPfa2wKOu2UK6XhcuMSuw=
12,37,p1AwiwTzJT+HH4h8AQN670C8wwo=,gp5t8sbPfa2wKOu2UK6XhcuMSuw=
4,33,p1AwiwTzJT+HH4h8AQN670C8wwo=,gp5t8sbPfa2wKOu2UK6XhcuMSuw=
11,37,p1AwiwTzJT+HH4h8AQN670C8wwo=,gp5t8sbPfa2wKOu2UK6XhcuMSuw=
10,37,p1AwiwTzJT+HH4h8AQN670C8wwo=,gp5t8sbPfa2wKOu2UK6XhcuMSuw=
7,32,p1AwiwTzJT+HH4h8AQN670C8wwo=,gp5t8sbPfa2wKOu2UK6XhcuMSuw=
0,35,p1AwiwTzJT+HH4h8AQN670C8wwo=,gp5t8sbPfa2wKOu2UK6XhcuMSuw=
9,37,p1AwiwTzJT+HH4h8AQN670C8wwo=,gp5t8sbPfa2wKOu2UK6XhcuMSuw=
8,37,p1AwiwTzJT+HH4h8AQN670C8wwo=,gp5t8sbPfa2wKOu2UK6XhcuMSuw=
0,38,p1AwiwTzJT+HH4h8AQN670C8wwo=,gp5t8sbPfa2wKOu2UK6XhcuMSuw=
8,32,p1AwiwTzJT+HH4h8AQN670C8wwo=,gp5t8sbPfa2wKOu2UK6XhcuMSuw=
7,37,p1AwiwTzJT+HH4h8AQN670C8wwo=,gp5t8sbPfa2wKOu2UK6XhcuMSuw=
6,37,p1AwiwTzJT+HH4h8AQN670C8wwo=,gp5t8sbPfa2wKOu2UK6XhcuMSuw=
2,38,p1AwiwTzJT+HH4h8AQN670C8wwo=,gp5t8sbPfa2wKOu2UK6XhcuMSuw=
4,37,p1AwiwTzJT+HH4h8AQN670C8wwo=,gp5t8sbPfa2wKOu2UK6XhcuMSuw=
0,37,p1AwiwTzJT+HH4h8AQN670C8wwo=,gp5t8sbPfa2wKOu2UK6XhcuMSuw=
15,36,p1AwiwTzJT+HH4h8AQN670C8wwo=,gp5t8sbPfa2wKOu2UK6XhcuMSuw=
5,37,p1AwiwTzJT+HH4h8AQN670C8wwo=,gp5t8sbPfa2wKOu2UK6XhcuMSuw=
14,36,p1AwiwTzJT+HH4h8AQN670C8wwo=,gp5t8sbPfa2wKOu2UK6XhcuMSuw=
13,36,p1AwiwTzJT+HH4h8AQN670C8wwo=,gp5t8sbPfa2wKOu2UK6XhcuMSuw=
3,33,p1AwiwTzJT+HH4h8AQN670C8wwo=,gp5t8sbPfa2wKOu2UK6XhcuMSuw=
12,36,p1AwiwTzJT+HH4h8AQN670C8wwo=,gp5t8sbPfa2wKOu2UK6XhcuMSuw=
11,36,p1AwiwTzJT+HH4h8AQN670C8wwo=,gp5t8sbPfa2wKOu2UK6XhcuMSuw=
6,32,p1AwiwTzJT+HH4h8AQN670C8wwo=,gp5t8sbPfa2wKOu2UK6XhcuMSuw=
15,34,p1AwiwTzJT+HH4h8AQN670C8wwo=,gp5t8sbPfa2wKOu2UK6XhcuMSuw=
10,36,p1AwiwTzJT+HH4h8AQN670C8wwo=,gp5t8sbPfa2wKOu2UK6XhcuMSuw=
9,36,p1AwiwTzJT+HH4h8AQN670C8wwo=,gp5t8sbPfa2wKOu2UK6XhcuMSuw=
8,36,p1AwiwTzJT+HH4h8AQN670C8wwo=,gp5t8sbPfa2wKOu2UK6XhcuMSuw=
1,38,p1AwiwTzJT+HH4h8AQN670C8wwo=,gp5t8sbPfa2wKOu2UK6XhcuMSuw=
7,36,p1AwiwTzJT+HH4h8AQN670C8wwo=,gp5t8sbPfa2wKOu2UK6XhcuMSuw=
1,37,p1AwiwTzJT+HH4h8AQN670C8wwo=,gp5t8sbPfa2wKOu2UK6XhcuMSuw=
3,37,p1AwiwTzJT+HH4h8AQN670C8wwo=,gp5t8sbPfa2wKOu2UK6XhcuMSuw=
6,36,p1AwiwTzJT+HH4h8AQN670C8wwo=,gp5t8sbPfa2wKOu2UK6XhcuMSuw=
2,37,p1AwiwTzJT+HH4h8AQN670C8wwo=,gp5t8sbPfa2wKOu2UK6XhcuMSuw=
