158,-110,h2r4gi+6e3VK0s7eOhZ+JvecWqM=,BzSRFwuVhOGJV5lvPRsKmvhKb7M=
154,-110,h2r4gi+6e3VK0s7eOhZ+JvecWqM=,BzSRFwuVhOGJV5lvPRsKmvhKb7M=
159,-106,h2r4gi+6e3VK0s7eOhZ+JvecWqM=,BzSRFwuVhOGJV5lvPRsKmvhKb7M=
158,-106,h2r4gi+6e3VK0s7eOhZ+JvecWqM=,BzSRFwuVhOGJV5lvPRsKmvhKb7M=
153,-110,h2r4gi+6e3VK0s7eOhZ+JvecWqM=,BzSRFwuVhOGJV5lvPRsKmvhKb7M=
152,-110,h2r4gi+6e3VK0s7eOhZ+JvecWqM=,BzSRFwuVhOGJV5lvPRsKmvhKb7M=
159,-111,h2r4gi+6e3VK0s7eOhZ+JvecWqM=,BzSRFwuVhOGJV5lvPRsKmvhKb7M=
157,-110,h2r4gi+6e3VK0s7eOhZ+JvecWqM=,BzSRFwuVhOGJV5lvPRsKmvhKb7M=
158,-111,h2r4gi+6e3VK0s7eOhZ+JvecWqM=,BzSRFwuVhOGJV5lvPRsKmvhKb7M=
155,-106,h2r4gi+6e3VK0s7eOhZ+JvecWqM=,BzSRFwuVhOGJV5lvPRsKmvhKb7M=
157,-106,h2r4gi+6e3VK0s7eOhZ+JvecWqM=,BzSRFwuVhOGJV5lvPRsKmvhKb7M=
154,-106,h2r4gi+6e3VK0s7eOhZ+JvecWqM=,BzSRFwuVhOGJV5lvPRsKmvhKb7M=
153,-106,h2r4gi+6e3VK0s7eOhZ+JvecWqM=,BzSRFwuVhOGJV5lvPRsKmvhKb7M=
152,-106,h2r4gi+6e3VK0s7eOhZ+JvecWqM=,BzSRFwuVhOGJV5lvPRsKmvhKb7M=
157,-111,h2r4gi+6e3VK0s7eOhZ+JvecWqM=,BzSRFwuVhOGJV5lvPRsKmvhKb7M=
156,-106,h2r4gi+6e3VK0s7eOhZ+JvecWqM=,BzSRFwuVhOGJV5lvPRsKmvhKb7M=
154,-111,h2r4gi+6e3VK0s7eOhZ+JvecWqM=,BzSRFwuVhOGJV5lvPRsKmvhKb7M=
159,-107,h2r4gi+6e3VK0s7eOhZ+JvecWqM=,BzSRFwuVhOGJV5lvPRsKmvhKb7M=
153,-111,h2r4gi+6e3VK0s7eOhZ+JvecWqM=,BzSRFwuVhOGJV5lvPRsKmvhKb7M=
158,-107,h2r4gi+6e3VK0s7eOhZ+JvecWqM=,BzSRFwuVhOGJV5lvPRsKmvhKb7M=
152,-111,h2r4gi+6e3VK0s7eOhZ+JvecWqM=,BzSRFwuVhOGJV5lvPRsKmvhKb7M=
159,-112,h2r4gi+6e3VK0s7eOhZ+JvecWqM=,BzSRFwuVhOGJV5lvPRsKmvhKb7M=
158,-112,h2r4gi+6e3VK0s7eOhZ+JvecWqM=,BzSRFwuVhOGJV5lvPRsKmvhKb7M=
156,-111,h2r4gi+6e3VK0s7eOhZ+JvecWqM=,BzSRFwuVhOGJV5lvPRsKmvhKb7M=
156,-110,h2r4gi+6e3VK0s7eOhZ+JvecWqM=,BzSRFwuVhOGJV5lvPRsKmvhKb7M=
155,-110,h2r4gi+6e3VK0s7eOhZ+JvecWqM=,BzSRFwuVhOGJV5lvPRsKmvhKb7M=
155,-112,h2r4gi+6e3VK0s7eOhZ+JvecWqM=,BzSRFwuVhOGJV5lvPRsKmvhKb7M=
154,-112,h2r4gi+6e3VK0s7eOhZ+JvecWqM=,BzSRFwuVhOGJV5lvPRsKmvhKb7M=
153,-112,h2r4gi+6e3VK0s7eOhZ+JvecWqM=,BzSRFwuVhOGJV5lvPRsKmvhKb7M=
152,-112,h2r4gi+6e3VK0s7eOhZ+JvecWqM=,BzSRFwuVhOGJV5lvPRsKmvhKb7M=
157,-112,h2r4gi+6e3VK0s7eOhZ+JvecWqM=,BzSRFwuVhOGJV5lvPRsKmvhKb7M=
154,-107,h2r4gi+6e3VK0s7eOhZ+JvecWqM=,BzSRFwuVhOGJV5lvPRsKmvhKb7M=
153,-107,h2r4gi+6e3VK0s7eOhZ+JvecWqM=,BzSRFwuVhOGJV5lvPRsKmvhKb7M=
152,-107,h2r4gi+6e3VK0s7eOhZ+JvecWqM=,BzSRFwuVhOGJV5lvPRsKmvhKb7M=
157,-107,h2r4gi+6e3VK0s7eOhZ+JvecWqM=,BzSRFwuVhOGJV5lvPRsKmvhKb7M=
159,-108,h2r4gi+6e3VK0s7eOhZ+JvecWqM=,BzSRFwuVhOGJV5lvPRsKmvhKb7M=
158,-108,h2r4gi+6e3VK0s7eOhZ+JvecWqM=,BzSRFwuVhOGJV5lvPRsKmvhKb7M=
155,-107,h2r4gi+6e3VK0s7eOhZ+JvecWqM=,BzSRFwuVhOGJV5lvPRsKmvhKb7M=
156,-107,h2r4gi+6e3VK0s7eOhZ+JvecWqM=,BzSRFwuVhOGJV5lvPRsKmvhKb7M=
155,-111,h2r4gi+6e3VK0s7eOhZ+JvecWqM=,BzSRFwuVhOGJV5lvPRsKmvhKb7M=
156,-108,h2r4gi+6e3VK0s7eOhZ+JvecWqM=,BzSRFwuVhOGJV5lvPRsKmvhKb7M=
155,-108,h2r4gi+6e3VK0s7eOhZ+JvecWqM=,BzSRFwuVhOGJV5lvPRsKmvhKb7M=
154,-108,h2r4gi+6e3VK0s7eOhZ+JvecWqM=,BzSRFwuVhOGJV5lvPRsKmvhKb7M=
153,-108,h2r4gi+6e3VK0s7eOhZ+JvecWqM=,BzSRFwuVhOGJV5lvPRsKmvhKb7M=
159,-109,h2r4gi+6e3VK0s7eOhZ+JvecWqM=,BzSRFwuVhOGJV5lvPRsKmvhKb7M=
152,-108,h2r4gi+6e3VK0s7eOhZ+JvecWqM=,BzSRFwuVhOGJV5lvPRsKmvhKb7M=
158,-109,h2r4gi+6e3VK0s7eOhZ+JvecWqM=,BzSRFwuVhOGJV5lvPRsKmvhKb7M=
157,-108,h2r4gi+6e3VK0s7eOhZ+JvecWqM=,BzSRFwuVhOGJV5lvPRsKmvhKb7M=
156,-112,h2r4gi+6e3VK0s7eOhZ+JvecWqM=,BzSRFwuVhOGJV5lvPRsKmvhKb7M=
156,-109,h2r4gi+6e3VK0s7eOhZ+JvecWqM=,BzSRFwuVhOGJV5lvPRsKmvhKb7M=
154,-109,h2r4gi+6e3VK0s7eOhZ+JvecWqM=,BzSRFwuVhOGJV5lvPRsKmvhKb7M=
153,-109,h2r4gi+6e3VK0s7eOhZ+JvecWqM=,BzSRFwuVhOGJV5lvPRsKmvhKb7M=
152,-109,h2r4gi+6e3VK0s7eOhZ+JvecWqM=,BzSRFwuVhOGJV5lvPRsKmvhKb7M=
159,-110,h2r4gi+6e3VK0s7eOhZ+JvecWqM=,BzSRFwuVhOGJV5lvPRsKmvhKb7M=
155,-109,h2r4gi+6e3VK0s7eOhZ+JvecWqM=,BzSRFwuVhOGJV5lvPRsKmvhKb7M=
159,-105,h2r4gi+6e3VK0s7eOhZ+JvecWqM=,BzSRFwuVhOGJV5lvPRsKmvhKb7M=
158,-105,h2r4gi+6e3VK0s7eOhZ+JvecWqM=,BzSRFwuVhOGJV5lvPRsKmvhKb7M=
158,-102,h2r4gi+6e3VK0s7eOhZ+JvecWqM=,Cg9qaXxA5VLJx+SntjBHr5u+mxY=
159,-97,h2r4gi+6e3VK0s7eOhZ+JvecWqM=,Cg9qaXxA5VLJx+SntjBHr5u+mxY=
154,-103,h2r4gi+6e3VK0s7eOhZ+JvecWqM=,Cg9qaXxA5VLJx+SntjBHr5u+mxY=
156,-105,h2r4gi+6e3VK0s7eOhZ+JvecWqM=,BzSRFwuVhOGJV5lvPRsKmvhKb7M=
152,-102,h2r4gi+6e3VK0s7eOhZ+JvecWqM=,Cg9qaXxA5VLJx+SntjBHr5u+mxY=
155,-105,h2r4gi+6e3VK0s7eOhZ+JvecWqM=,BzSRFwuVhOGJV5lvPRsKmvhKb7M=
159,-102,h2r4gi+6e3VK0s7eOhZ+JvecWqM=,Cg9qaXxA5VLJx+SntjBHr5u+mxY=
158,-97,h2r4gi+6e3VK0s7eOhZ+JvecWqM=,Cg9qaXxA5VLJx+SntjBHr5u+mxY=
152,-101,h2r4gi+6e3VK0s7eOhZ+JvecWqM=,Cg9qaXxA5VLJx+SntjBHr5u+mxY=
154,-105,h2r4gi+6e3VK0s7eOhZ+JvecWqM=,BzSRFwuVhOGJV5lvPRsKmvhKb7M=
153,-101,h2r4gi+6e3VK0s7eOhZ+JvecWqM=,Cg9qaXxA5VLJx+SntjBHr5u+mxY=
153,-105,h2r4gi+6e3VK0s7eOhZ+JvecWqM=,BzSRFwuVhOGJV5lvPRsKmvhKb7M=
154,-101,h2r4gi+6e3VK0s7eOhZ+JvecWqM=,Cg9qaXxA5VLJx+SntjBHr5u+mxY=
157,-109,h2r4gi+6e3VK0s7eOhZ+JvecWqM=,BzSRFwuVhOGJV5lvPRsKmvhKb7M=
154,-97,h2r4gi+6e3VK0s7eOhZ+JvecWqM=,Cg9qaXxA5VLJx+SntjBHr5u+mxY=
152,-105,h2r4gi+6e3VK0s7eOhZ+JvecWqM=,BzSRFwuVhOGJV5lvPRsKmvhKb7M=
153,-97,h2r4gi+6e3VK0s7eOhZ+JvecWqM=,Cg9qaXxA5VLJx+SntjBHr5u+mxY=
156,-102,h2r4gi+6e3VK0s7eOhZ+JvecWqM=,Cg9qaXxA5VLJx+SntjBHr5u+mxY=
159,-103,h2r4gi+6e3VK0s7eOhZ+JvecWqM=,Cg9qaXxA5VLJx+SntjBHr5u+mxY=
158,-103,h2r4gi+6e3VK0s7eOhZ+JvecWqM=,Cg9qaXxA5VLJx+SntjBHr5u+mxY=
152,-97,h2r4gi+6e3VK0s7eOhZ+JvecWqM=,Cg9qaXxA5VLJx+SntjBHr5u+mxY=
159,-98,h2r4gi+6e3VK0s7eOhZ+JvecWqM=,Cg9qaXxA5VLJx+SntjBHr5u+mxY=
157,-97,h2r4gi+6e3VK0s7eOhZ+JvecWqM=,Cg9qaXxA5VLJx+SntjBHr5u+mxY=
154,-104,h2r4gi+6e3VK0s7eOhZ+JvecWqM=,Cg9qaXxA5VLJx+SntjBHr5u+mxY=
153,-103,h2r4gi+6e3VK0s7eOhZ+JvecWqM=,Cg9qaXxA5VLJx+SntjBHr5u+mxY=
152,-103,h2r4gi+6e3VK0s7eOhZ+JvecWqM=,Cg9qaXxA5VLJx+SntjBHr5u+mxY=
159,-104,h2r4gi+6e3VK0s7eOhZ+JvecWqM=,Cg9qaXxA5VLJx+SntjBHr5u+mxY=
158,-104,h2r4gi+6e3VK0s7eOhZ+JvecWqM=,Cg9qaXxA5VLJx+SntjBHr5u+mxY=
155,-101,h2r4gi+6e3VK0s7eOhZ+JvecWqM=,Cg9qaXxA5VLJx+SntjBHr5u+mxY=
155,-104,h2r4gi+6e3VK0s7eOhZ+JvecWqM=,Cg9qaXxA5VLJx+SntjBHr5u+mxY=
156,-101,h2r4gi+6e3VK0s7eOhZ+JvecWqM=,Cg9qaXxA5VLJx+SntjBHr5u+mxY=
156,-97,h2r4gi+6e3VK0s7eOhZ+JvecWqM=,Cg9qaXxA5VLJx+SntjBHr5u+mxY=
158,-98,h2r4gi+6e3VK0s7eOhZ+JvecWqM=,Cg9qaXxA5VLJx+SntjBHr5u+mxY=
155,-97,h2r4gi+6e3VK0s7eOhZ+JvecWqM=,Cg9qaXxA5VLJx+SntjBHr5u+mxY=
157,-102,h2r4gi+6e3VK0s7eOhZ+JvecWqM=,Cg9qaXxA5VLJx+SntjBHr5u+mxY=
153,-104,h2r4gi+6e3VK0s7eOhZ+JvecWqM=,Cg9qaXxA5VLJx+SntjBHr5u+mxY=
157,-98,h2r4gi+6e3VK0s7eOhZ+JvecWqM=,Cg9qaXxA5VLJx+SntjBHr5u+mxY=
157,-105,h2r4gi+6e3VK0s7eOhZ+JvecWqM=,BzSRFwuVhOGJV5lvPRsKmvhKb7M=
154,-98,h2r4gi+6e3VK0s7eOhZ+JvecWqM=,Cg9qaXxA5VLJx+SntjBHr5u+mxY=
153,-98,h2r4gi+6e3VK0s7eOhZ+JvecWqM=,Cg9qaXxA5VLJx+SntjBHr5u+mxY=
152,-98,h2r4gi+6e3VK0s7eOhZ+JvecWqM=,Cg9qaXxA5VLJx+SntjBHr5u+mxY=
159,-99,h2r4gi+6e3VK0s7eOhZ+JvecWqM=,Cg9qaXxA5VLJx+SntjBHr5u+mxY=
158,-99,h2r4gi+6e3VK0s7eOhZ+JvecWqM=,Cg9qaXxA5VLJx+SntjBHr5u+mxY=
157,-101,h2r4gi+6e3VK0s7eOhZ+JvecWqM=,Cg9qaXxA5VLJx+SntjBHr5u+mxY=
158,-101,h2r4gi+6e3VK0s7eOhZ+JvecWqM=,Cg9qaXxA5VLJx+SntjBHr5u+mxY=
152,-104,h2r4gi+6e3VK0s7eOhZ+JvecWqM=,Cg9qaXxA5VLJx+SntjBHr5u+mxY=
159,-101,h2r4gi+6e3VK0s7eOhZ+JvecWqM=,Cg9qaXxA5VLJx+SntjBHr5u+mxY=
153,-102,h2r4gi+6e3VK0s7eOhZ+JvecWqM=,Cg9qaXxA5VLJx+SntjBHr5u+mxY=
152,-100,h2r4gi+6e3VK0s7eOhZ+JvecWqM=,Cg9qaXxA5VLJx+SntjBHr5u+mxY=
153,-100,h2r4gi+6e3VK0s7eOhZ+JvecWqM=,Cg9qaXxA5VLJx+SntjBHr5u+mxY=
154,-100,h2r4gi+6e3VK0s7eOhZ+JvecWqM=,Cg9qaXxA5VLJx+SntjBHr5u+mxY=
157,-104,h2r4gi+6e3VK0s7eOhZ+JvecWqM=,Cg9qaXxA5VLJx+SntjBHr5u+mxY=
157,-99,h2r4gi+6e3VK0s7eOhZ+JvecWqM=,Cg9qaXxA5VLJx+SntjBHr5u+mxY=
155,-98,h2r4gi+6e3VK0s7eOhZ+JvecWqM=,Cg9qaXxA5VLJx+SntjBHr5u+mxY=
155,-100,h2r4gi+6e3VK0s7eOhZ+JvecWqM=,Cg9qaXxA5VLJx+SntjBHr5u+mxY=
156,-104,h2r4gi+6e3VK0s7eOhZ+JvecWqM=,Cg9qaXxA5VLJx+SntjBHr5u+mxY=
154,-99,h2r4gi+6e3VK0s7eOhZ+JvecWqM=,Cg9qaXxA5VLJx+SntjBHr5u+mxY=
153,-99,h2r4gi+6e3VK0s7eOhZ+JvecWqM=,Cg9qaXxA5VLJx+SntjBHr5u+mxY=
152,-99,h2r4gi+6e3VK0s7eOhZ+JvecWqM=,Cg9qaXxA5VLJx+SntjBHr5u+mxY=
159,-100,h2r4gi+6e3VK0s7eOhZ+JvecWqM=,Cg9qaXxA5VLJx+SntjBHr5u+mxY=
158,-100,h2r4gi+6e3VK0s7eOhZ+JvecWqM=,Cg9qaXxA5VLJx+SntjBHr5u+mxY=
155,-102,h2r4gi+6e3VK0s7eOhZ+JvecWqM=,Cg9qaXxA5VLJx+SntjBHr5u+mxY=
156,-98,h2r4gi+6e3VK0s7eOhZ+JvecWqM=,Cg9qaXxA5VLJx+SntjBHr5u+mxY=
154,-102,h2r4gi+6e3VK0s7eOhZ+JvecWqM=,Cg9qaXxA5VLJx+SntjBHr5u+mxY=
156,-99,h2r4gi+6e3VK0s7eOhZ+JvecWqM=,Cg9qaXxA5VLJx+SntjBHr5u+mxY=
155,-99,h2r4gi+6e3VK0s7eOhZ+JvecWqM=,Cg9qaXxA5VLJx+SntjBHr5u+mxY=
157,-100,h2r4gi+6e3VK0s7eOhZ+JvecWqM=,Cg9qaXxA5VLJx+SntjBHr5u+mxY=
155,-103,h2r4gi+6e3VK0s7eOhZ+JvecWqM=,Cg9qaXxA5VLJx+SntjBHr5u+mxY=
157,-103,h2r4gi+6e3VK0s7eOhZ+JvecWqM=,Cg9qaXxA5VLJx+SntjBHr5u+mxY=
156,-100,h2r4gi+6e3VK0s7eOhZ+JvecWqM=,Cg9qaXxA5VLJx+SntjBHr5u+mxY=
156,-103,h2r4gi+6e3VK0s7eOhZ+JvecWqM=,Cg9qaXxA5VLJx+SntjBHr5u+mxY=
155,-125,z7a4gGEZmY/EiseyFTCuZMQzLRo=,xJDESpp+yQ1rElPj3KtGq1GP6fo=
156,-125,z7a4gGEZmY/EiseyFTCuZMQzLRo=,xJDESpp+yQ1rElPj3KtGq1GP6fo=
154,-125,z7a4gGEZmY/EiseyFTCuZMQzLRo=,xJDESpp+yQ1rElPj3KtGq1GP6fo=
152,-125,z7a4gGEZmY/EiseyFTCuZMQzLRo=,xJDESpp+yQ1rElPj3KtGq1GP6fo=
153,-125,z7a4gGEZmY/EiseyFTCuZMQzLRo=,xJDESpp+yQ1rElPj3KtGq1GP6fo=
158,-126,z7a4gGEZmY/EiseyFTCuZMQzLRo=,xJDESpp+yQ1rElPj3KtGq1GP6fo=
157,-126,z7a4gGEZmY/EiseyFTCuZMQzLRo=,xJDESpp+yQ1rElPj3KtGq1GP6fo=
159,-126,z7a4gGEZmY/EiseyFTCuZMQzLRo=,xJDESpp+yQ1rElPj3KtGq1GP6fo=
156,-126,z7a4gGEZmY/EiseyFTCuZMQzLRo=,xJDESpp+yQ1rElPj3KtGq1GP6fo=
155,-126,z7a4gGEZmY/EiseyFTCuZMQzLRo=,xJDESpp+yQ1rElPj3KtGq1GP6fo=
159,-122,z7a4gGEZmY/EiseyFTCuZMQzLRo=,xJDESpp+yQ1rElPj3KtGq1GP6fo=
154,-126,z7a4gGEZmY/EiseyFTCuZMQzLRo=,xJDESpp+yQ1rElPj3KtGq1GP6fo=
158,-122,z7a4gGEZmY/EiseyFTCuZMQzLRo=,xJDESpp+yQ1rElPj3KtGq1GP6fo=
153,-126,z7a4gGEZmY/EiseyFTCuZMQzLRo=,xJDESpp+yQ1rElPj3KtGq1GP6fo=
152,-126,z7a4gGEZmY/EiseyFTCuZMQzLRo=,xJDESpp+yQ1rElPj3KtGq1GP6fo=
159,-127,z7a4gGEZmY/EiseyFTCuZMQzLRo=,xJDESpp+yQ1rElPj3KtGq1GP6fo=
158,-127,z7a4gGEZmY/EiseyFTCuZMQzLRo=,xJDESpp+yQ1rElPj3KtGq1GP6fo=
157,-127,z7a4gGEZmY/EiseyFTCuZMQzLRo=,xJDESpp+yQ1rElPj3KtGq1GP6fo=
157,-122,z7a4gGEZmY/EiseyFTCuZMQzLRo=,xJDESpp+yQ1rElPj3KtGq1GP6fo=
156,-127,z7a4gGEZmY/EiseyFTCuZMQzLRo=,xJDESpp+yQ1rElPj3KtGq1GP6fo=
155,-127,z7a4gGEZmY/EiseyFTCuZMQzLRo=,xJDESpp+yQ1rElPj3KtGq1GP6fo=
155,-122,z7a4gGEZmY/EiseyFTCuZMQzLRo=,xJDESpp+yQ1rElPj3KtGq1GP6fo=
154,-127,z7a4gGEZmY/EiseyFTCuZMQzLRo=,xJDESpp+yQ1rElPj3KtGq1GP6fo=
154,-122,z7a4gGEZmY/EiseyFTCuZMQzLRo=,xJDESpp+yQ1rElPj3KtGq1GP6fo=
153,-127,z7a4gGEZmY/EiseyFTCuZMQzLRo=,xJDESpp+yQ1rElPj3KtGq1GP6fo=
153,-122,z7a4gGEZmY/EiseyFTCuZMQzLRo=,xJDESpp+yQ1rElPj3KtGq1GP6fo=
152,-127,z7a4gGEZmY/EiseyFTCuZMQzLRo=,xJDESpp+yQ1rElPj3KtGq1GP6fo=
159,-128,z7a4gGEZmY/EiseyFTCuZMQzLRo=,xJDESpp+yQ1rElPj3KtGq1GP6fo=
158,-128,z7a4gGEZmY/EiseyFTCuZMQzLRo=,xJDESpp+yQ1rElPj3KtGq1GP6fo=
157,-128,z7a4gGEZmY/EiseyFTCuZMQzLRo=,xJDESpp+yQ1rElPj3KtGq1GP6fo=
156,-128,z7a4gGEZmY/EiseyFTCuZMQzLRo=,xJDESpp+yQ1rElPj3KtGq1GP6fo=
152,-122,z7a4gGEZmY/EiseyFTCuZMQzLRo=,xJDESpp+yQ1rElPj3KtGq1GP6fo=
155,-128,z7a4gGEZmY/EiseyFTCuZMQzLRo=,xJDESpp+yQ1rElPj3KtGq1GP6fo=
159,-123,z7a4gGEZmY/EiseyFTCuZMQzLRo=,xJDESpp+yQ1rElPj3KtGq1GP6fo=
154,-128,z7a4gGEZmY/EiseyFTCuZMQzLRo=,xJDESpp+yQ1rElPj3KtGq1GP6fo=
158,-123,z7a4gGEZmY/EiseyFTCuZMQzLRo=,xJDESpp+yQ1rElPj3KtGq1GP6fo=
153,-128,z7a4gGEZmY/EiseyFTCuZMQzLRo=,xJDESpp+yQ1rElPj3KtGq1GP6fo=
152,-128,z7a4gGEZmY/EiseyFTCuZMQzLRo=,xJDESpp+yQ1rElPj3KtGq1GP6fo=
157,-123,z7a4gGEZmY/EiseyFTCuZMQzLRo=,xJDESpp+yQ1rElPj3KtGq1GP6fo=
156,-123,z7a4gGEZmY/EiseyFTCuZMQzLRo=,xJDESpp+yQ1rElPj3KtGq1GP6fo=
155,-123,z7a4gGEZmY/EiseyFTCuZMQzLRo=,xJDESpp+yQ1rElPj3KtGq1GP6fo=
154,-123,z7a4gGEZmY/EiseyFTCuZMQzLRo=,xJDESpp+yQ1rElPj3KtGq1GP6fo=
153,-123,z7a4gGEZmY/EiseyFTCuZMQzLRo=,xJDESpp+yQ1rElPj3KtGq1GP6fo=
152,-123,z7a4gGEZmY/EiseyFTCuZMQzLRo=,xJDESpp+yQ1rElPj3KtGq1GP6fo=
159,-124,z7a4gGEZmY/EiseyFTCuZMQzLRo=,xJDESpp+yQ1rElPj3KtGq1GP6fo=
158,-124,z7a4gGEZmY/EiseyFTCuZMQzLRo=,xJDESpp+yQ1rElPj3KtGq1GP6fo=
157,-124,z7a4gGEZmY/EiseyFTCuZMQzLRo=,xJDESpp+yQ1rElPj3KtGq1GP6fo=
156,-124,z7a4gGEZmY/EiseyFTCuZMQzLRo=,xJDESpp+yQ1rElPj3KtGq1GP6fo=
155,-124,z7a4gGEZmY/EiseyFTCuZMQzLRo=,xJDESpp+yQ1rElPj3KtGq1GP6fo=
154,-124,z7a4gGEZmY/EiseyFTCuZMQzLRo=,xJDESpp+yQ1rElPj3KtGq1GP6fo=
153,-124,z7a4gGEZmY/EiseyFTCuZMQzLRo=,xJDESpp+yQ1rElPj3KtGq1GP6fo=
152,-124,z7a4gGEZmY/EiseyFTCuZMQzLRo=,xJDESpp+yQ1rElPj3KtGq1GP6fo=
158,-125,z7a4gGEZmY/EiseyFTCuZMQzLRo=,xJDESpp+yQ1rElPj3KtGq1GP6fo=
159,-125,z7a4gGEZmY/EiseyFTCuZMQzLRo=,xJDESpp+yQ1rElPj3KtGq1GP6fo=
157,-125,z7a4gGEZmY/EiseyFTCuZMQzLRo=,xJDESpp+yQ1rElPj3KtGq1GP6fo=
156,-122,z7a4gGEZmY/EiseyFTCuZMQzLRo=,xJDESpp+yQ1rElPj3KtGq1GP6fo=
159,-121,z7a4gGEZmY/EiseyFTCuZMQzLRo=,xJDESpp+yQ1rElPj3KtGq1GP6fo=
158,-121,z7a4gGEZmY/EiseyFTCuZMQzLRo=,xJDESpp+yQ1rElPj3KtGq1GP6fo=
159,-119,z7a4gGEZmY/EiseyFTCuZMQzLRo=,IBqH7TeIz6gvAwezbA76t7y0grU=
157,-121,z7a4gGEZmY/EiseyFTCuZMQzLRo=,xJDESpp+yQ1rElPj3KtGq1GP6fo=
156,-121,z7a4gGEZmY/EiseyFTCuZMQzLRo=,xJDESpp+yQ1rElPj3KtGq1GP6fo=
155,-121,z7a4gGEZmY/EiseyFTCuZMQzLRo=,xJDESpp+yQ1rElPj3KtGq1GP6fo=
155,-120,z7a4gGEZmY/EiseyFTCuZMQzLRo=,IBqH7TeIz6gvAwezbA76t7y0grU=
154,-121,z7a4gGEZmY/EiseyFTCuZMQzLRo=,xJDESpp+yQ1rElPj3KtGq1GP6fo=
153,-121,z7a4gGEZmY/EiseyFTCuZMQzLRo=,xJDESpp+yQ1rElPj3KtGq1GP6fo=
157,-116,z7a4gGEZmY/EiseyFTCuZMQzLRo=,IBqH7TeIz6gvAwezbA76t7y0grU=
153,-116,z7a4gGEZmY/EiseyFTCuZMQzLRo=,IBqH7TeIz6gvAwezbA76t7y0grU=
152,-121,z7a4gGEZmY/EiseyFTCuZMQzLRo=,xJDESpp+yQ1rElPj3KtGq1GP6fo=
152,-116,z7a4gGEZmY/EiseyFTCuZMQzLRo=,IBqH7TeIz6gvAwezbA76t7y0grU=
159,-117,z7a4gGEZmY/EiseyFTCuZMQzLRo=,IBqH7TeIz6gvAwezbA76t7y0grU=
154,-115,z7a4gGEZmY/EiseyFTCuZMQzLRo=,IBqH7TeIz6gvAwezbA76t7y0grU=
154,-116,z7a4gGEZmY/EiseyFTCuZMQzLRo=,IBqH7TeIz6gvAwezbA76t7y0grU=
158,-119,z7a4gGEZmY/EiseyFTCuZMQzLRo=,IBqH7TeIz6gvAwezbA76t7y0grU=
153,-119,z7a4gGEZmY/EiseyFTCuZMQzLRo=,IBqH7TeIz6gvAwezbA76t7y0grU=
153,-115,z7a4gGEZmY/EiseyFTCuZMQzLRo=,IBqH7TeIz6gvAwezbA76t7y0grU=
159,-118,z7a4gGEZmY/EiseyFTCuZMQzLRo=,IBqH7TeIz6gvAwezbA76t7y0grU=
152,-115,z7a4gGEZmY/EiseyFTCuZMQzLRo=,IBqH7TeIz6gvAwezbA76t7y0grU=
158,-116,z7a4gGEZmY/EiseyFTCuZMQzLRo=,IBqH7TeIz6gvAwezbA76t7y0grU=
154,-120,z7a4gGEZmY/EiseyFTCuZMQzLRo=,IBqH7TeIz6gvAwezbA76t7y0grU=
159,-116,z7a4gGEZmY/EiseyFTCuZMQzLRo=,IBqH7TeIz6gvAwezbA76t7y0grU=
156,-115,z7a4gGEZmY/EiseyFTCuZMQzLRo=,IBqH7TeIz6gvAwezbA76t7y0grU=
157,-119,z7a4gGEZmY/EiseyFTCuZMQzLRo=,IBqH7TeIz6gvAwezbA76t7y0grU=
155,-115,z7a4gGEZmY/EiseyFTCuZMQzLRo=,IBqH7TeIz6gvAwezbA76t7y0grU=
152,-119,z7a4gGEZmY/EiseyFTCuZMQzLRo=,IBqH7TeIz6gvAwezbA76t7y0grU=
159,-113,z7a4gGEZmY/EiseyFTCuZMQzLRo=,IBqH7TeIz6gvAwezbA76t7y0grU=
158,-113,z7a4gGEZmY/EiseyFTCuZMQzLRo=,IBqH7TeIz6gvAwezbA76t7y0grU=
157,-113,z7a4gGEZmY/EiseyFTCuZMQzLRo=,IBqH7TeIz6gvAwezbA76t7y0grU=
156,-120,z7a4gGEZmY/EiseyFTCuZMQzLRo=,IBqH7TeIz6gvAwezbA76t7y0grU=
156,-116,z7a4gGEZmY/EiseyFTCuZMQzLRo=,IBqH7TeIz6gvAwezbA76t7y0grU=
157,-115,z7a4gGEZmY/EiseyFTCuZMQzLRo=,IBqH7TeIz6gvAwezbA76t7y0grU=
158,-115,z7a4gGEZmY/EiseyFTCuZMQzLRo=,IBqH7TeIz6gvAwezbA76t7y0grU=
156,-113,z7a4gGEZmY/EiseyFTCuZMQzLRo=,IBqH7TeIz6gvAwezbA76t7y0grU=
154,-113,z7a4gGEZmY/EiseyFTCuZMQzLRo=,IBqH7TeIz6gvAwezbA76t7y0grU=
153,-113,z7a4gGEZmY/EiseyFTCuZMQzLRo=,IBqH7TeIz6gvAwezbA76t7y0grU=
153,-120,z7a4gGEZmY/EiseyFTCuZMQzLRo=,IBqH7TeIz6gvAwezbA76t7y0grU=
158,-118,z7a4gGEZmY/EiseyFTCuZMQzLRo=,IBqH7TeIz6gvAwezbA76t7y0grU=
157,-118,z7a4gGEZmY/EiseyFTCuZMQzLRo=,IBqH7TeIz6gvAwezbA76t7y0grU=
154,-119,z7a4gGEZmY/EiseyFTCuZMQzLRo=,IBqH7TeIz6gvAwezbA76t7y0grU=
157,-120,z7a4gGEZmY/EiseyFTCuZMQzLRo=,IBqH7TeIz6gvAwezbA76t7y0grU=
159,-115,z7a4gGEZmY/EiseyFTCuZMQzLRo=,IBqH7TeIz6gvAwezbA76t7y0grU=
152,-114,z7a4gGEZmY/EiseyFTCuZMQzLRo=,IBqH7TeIz6gvAwezbA76t7y0grU=
153,-114,z7a4gGEZmY/EiseyFTCuZMQzLRo=,IBqH7TeIz6gvAwezbA76t7y0grU=
154,-114,z7a4gGEZmY/EiseyFTCuZMQzLRo=,IBqH7TeIz6gvAwezbA76t7y0grU=
155,-113,z7a4gGEZmY/EiseyFTCuZMQzLRo=,IBqH7TeIz6gvAwezbA76t7y0grU=
155,-116,z7a4gGEZmY/EiseyFTCuZMQzLRo=,IBqH7TeIz6gvAwezbA76t7y0grU=
156,-119,z7a4gGEZmY/EiseyFTCuZMQzLRo=,IBqH7TeIz6gvAwezbA76t7y0grU=
153,-118,z7a4gGEZmY/EiseyFTCuZMQzLRo=,IBqH7TeIz6gvAwezbA76t7y0grU=
152,-118,z7a4gGEZmY/EiseyFTCuZMQzLRo=,IBqH7TeIz6gvAwezbA76t7y0grU=
158,-117,z7a4gGEZmY/EiseyFTCuZMQzLRo=,IBqH7TeIz6gvAwezbA76t7y0grU=
155,-114,z7a4gGEZmY/EiseyFTCuZMQzLRo=,IBqH7TeIz6gvAwezbA76t7y0grU=
158,-120,z7a4gGEZmY/EiseyFTCuZMQzLRo=,IBqH7TeIz6gvAwezbA76t7y0grU=
154,-118,z7a4gGEZmY/EiseyFTCuZMQzLRo=,IBqH7TeIz6gvAwezbA76t7y0grU=
159,-120,z7a4gGEZmY/EiseyFTCuZMQzLRo=,IBqH7TeIz6gvAwezbA76t7y0grU=
157,-117,z7a4gGEZmY/EiseyFTCuZMQzLRo=,IBqH7TeIz6gvAwezbA76t7y0grU=
155,-119,z7a4gGEZmY/EiseyFTCuZMQzLRo=,IBqH7TeIz6gvAwezbA76t7y0grU=
154,-117,z7a4gGEZmY/EiseyFTCuZMQzLRo=,IBqH7TeIz6gvAwezbA76t7y0grU=
153,-117,z7a4gGEZmY/EiseyFTCuZMQzLRo=,IBqH7TeIz6gvAwezbA76t7y0grU=
152,-117,z7a4gGEZmY/EiseyFTCuZMQzLRo=,IBqH7TeIz6gvAwezbA76t7y0grU=
152,-120,z7a4gGEZmY/EiseyFTCuZMQzLRo=,IBqH7TeIz6gvAwezbA76t7y0grU=
152,-113,z7a4gGEZmY/EiseyFTCuZMQzLRo=,IBqH7TeIz6gvAwezbA76t7y0grU=
158,-114,z7a4gGEZmY/EiseyFTCuZMQzLRo=,IBqH7TeIz6gvAwezbA76t7y0grU=
159,-114,z7a4gGEZmY/EiseyFTCuZMQzLRo=,IBqH7TeIz6gvAwezbA76t7y0grU=
157,-114,z7a4gGEZmY/EiseyFTCuZMQzLRo=,IBqH7TeIz6gvAwezbA76t7y0grU=
156,-114,z7a4gGEZmY/EiseyFTCuZMQzLRo=,IBqH7TeIz6gvAwezbA76t7y0grU=
155,-118,z7a4gGEZmY/EiseyFTCuZMQzLRo=,IBqH7TeIz6gvAwezbA76t7y0grU=
156,-118,z7a4gGEZmY/EiseyFTCuZMQzLRo=,IBqH7TeIz6gvAwezbA76t7y0grU=
156,-117,z7a4gGEZmY/EiseyFTCuZMQzLRo=,IBqH7TeIz6gvAwezbA76t7y0grU=
155,-117,z7a4gGEZmY/EiseyFTCuZMQzLRo=,IBqH7TeIz6gvAwezbA76t7y0grU=
